,fpr,tpr,thresholds
0,0.0,0.0,1.9999901056289673
1,0.0,1.923302541259648e-06,0.9999901056289673
2,0.0,3.846605082519296e-06,0.9999886751174927
3,2.1472733330865203e-05,4.42359584489719e-05,0.9999885559082031
4,3.109844137573581e-05,5.5775773696529784e-05,0.9999881982803345
5,3.109844137573581e-05,9.231852198046309e-05,0.9999873638153076
6,3.109844137573581e-05,9.424182452172274e-05,0.9999871253967285
7,3.33197586168598e-05,0.00014809429567699288,0.999987006187439
8,4.442634482247973e-05,0.0002865720786476875,0.9999866485595703
9,4.738810114397838e-05,0.0002865720786476875,0.9999865293502808
10,4.738810114397838e-05,0.0003154216167665822,0.9999856948852539
11,4.738810114397838e-05,0.0003250381294728805,0.9999855756759644
12,4.738810114397838e-05,0.0003327313396379191,0.9999853372573853
13,4.738810114397838e-05,0.000338501247261698,0.9999852180480957
14,4.738810114397838e-05,0.00034042454980295764,0.9999850988388062
15,4.738810114397838e-05,0.0003538876675917752,0.9999849796295166
16,4.738810114397838e-05,0.0003635041802980734,0.999984860420227
17,4.738810114397838e-05,0.0003673507853805927,0.999984622001648
18,4.738810114397838e-05,0.0003750439955456313,0.9999841451644897
19,4.812854022435304e-05,0.0003788906006281506,0.9999840259552002
20,4.812854022435304e-05,0.000409663441288305,0.999983549118042
21,4.812854022435304e-05,0.00046928582006735403,0.9999833106994629
22,4.812854022435304e-05,0.0004923654505624699,0.9999831914901733
23,4.812854022435304e-05,0.0005115984759750663,0.9999830722808838
24,4.812854022435304e-05,0.0005346781064701821,0.9999827146530151
25,4.812854022435304e-05,0.0005616043420478171,0.9999825954437256
26,4.812854022435304e-05,0.0006096869055793084,0.999982476234436
27,4.812854022435304e-05,0.0006481529564045013,0.9999822378158569
28,4.812854022435304e-05,0.0006558461665695399,0.9999819993972778
29,4.812854022435304e-05,0.0007135452428073294,0.9999818801879883
30,4.812854022435304e-05,0.0007385481758437047,0.9999817609786987
31,4.812854022435304e-05,0.0007943239495402345,0.9999815225601196
32,4.812854022435304e-05,0.0008154802774940907,0.9999812841415405
33,4.812854022435304e-05,0.0008174035800353503,0.999981164932251
34,4.812854022435304e-05,0.0008770259588143994,0.9999810457229614
35,4.812854022435304e-05,0.0008885657740619572,0.9999809265136719
36,4.812854022435304e-05,0.0008904890766032169,0.9999808073043823
37,4.812854022435304e-05,0.0009154920096395924,0.9999806880950928
38,4.812854022435304e-05,0.0009558813630060449,0.9999805688858032
39,4.812854022435304e-05,0.0009578046655473046,0.9999804496765137
40,4.812854022435304e-05,0.0010020406239962766,0.9999803304672241
41,4.812854022435304e-05,0.0010058872290787959,0.9999802112579346
42,4.812854022435304e-05,0.0010135804392438343,0.999980092048645
43,4.812854022435304e-05,0.0010501231875277676,0.9999799728393555
44,4.812854022435304e-05,0.0010520464900690273,0.9999798536300659
45,4.812854022435304e-05,0.0011366718018844518,0.9999796152114868
46,4.812854022435304e-05,0.0011385951044257114,0.9999794960021973
47,4.812854022435304e-05,0.0011732145501683851,0.9999793767929077
48,4.812854022435304e-05,0.0011828310628746834,0.9999791383743286
49,4.812854022435304e-05,0.0012463000467362517,0.9999788999557495
50,4.812854022435304e-05,0.0012578398619838096,0.99997878074646
51,4.812854022435304e-05,0.0012597631645250692,0.9999785423278809
52,4.812854022435304e-05,0.0012636097696075886,0.9999779462814331
53,4.812854022435304e-05,0.0012866894001027044,0.9999778270721436
54,4.812854022435304e-05,0.0013193855433041185,0.999977707862854
55,4.812854022435304e-05,0.0013309253585516764,0.9999774694442749
56,4.812854022435304e-05,0.0013578515941293113,0.9999771118164062
57,4.812854022435304e-05,0.0013616981992118306,0.9999768733978271
58,4.812854022435304e-05,0.0013636215017530902,0.999976634979248
59,4.812854022435304e-05,0.001380931224624427,0.9999765157699585
60,4.812854022435304e-05,0.0014020875525782833,0.9999762773513794
61,4.812854022435304e-05,0.0014059341576608026,0.9999761581420898
62,4.812854022435304e-05,0.0014117040652845815,0.9999758005142212
63,4.812854022435304e-05,0.001457863326274813,0.9999754428863525
64,4.812854022435304e-05,0.0014655565364398515,0.999975323677063
65,4.812854022435304e-05,0.0014674798389811112,0.9999750852584839
66,4.812854022435304e-05,0.0014982526796412656,0.9999748468399048
67,4.8868979304727704e-05,0.0014982526796412656,0.9999747276306152
68,4.8868979304727704e-05,0.001502099284723785,0.9999746084213257
69,4.8868979304727704e-05,0.0015040225872650446,0.9999744892120361
70,4.8868979304727704e-05,0.0015694148736678725,0.9999743700027466
71,4.8868979304727704e-05,0.0015713381762091322,0.999974250793457
72,4.8868979304727704e-05,0.0015751847812916515,0.9999741315841675
73,4.8868979304727704e-05,0.0015771080838329111,0.9999740123748779
74,4.8868979304727704e-05,0.00158287799145669,0.9999737739562988
75,4.8868979304727704e-05,0.0015848012939979497,0.9999736547470093
76,5.034985746547703e-05,0.0015848012939979497,0.9999734163284302
77,5.034985746547703e-05,0.001588647899080469,0.9999732971191406
78,5.034985746547703e-05,0.001600187714328027,0.9999731779098511
79,5.183073562622635e-05,0.001600187714328027,0.999972939491272
80,5.183073562622635e-05,0.0016309605549881814,0.9999728202819824
81,5.183073562622635e-05,0.0016521168829420373,0.9999724626541138
82,5.183073562622635e-05,0.0016617333956483356,0.9999722242355347
83,5.183073562622635e-05,0.001686736328684711,0.9999721050262451
84,5.183073562622635e-05,0.0017213557744273848,0.9999719858169556
85,5.183073562622635e-05,0.001763668430335097,0.999971866607666
86,5.2571174706601015e-05,0.0018098276913253285,0.9999717473983765
87,5.2571174706601015e-05,0.0018386772294442233,0.9999716281890869
88,5.2571174706601015e-05,0.0018598335573980795,0.9999715089797974
89,5.2571174706601015e-05,0.0019233025412596478,0.9999713897705078
90,5.2571174706601015e-05,0.0019252258438009074,0.9999712705612183
91,5.2571174706601015e-05,0.0019309957514246864,0.9999711513519287
92,5.2571174706601015e-05,0.002015621063240111,0.9999710321426392
93,5.2571174706601015e-05,0.0020810133496429388,0.9999709129333496
94,5.2571174706601015e-05,0.002096399769973016,0.9999707937240601
95,5.2571174706601015e-05,0.002113709492844353,0.9999706745147705
96,5.2571174706601015e-05,0.0021175560979268724,0.9999704360961914
97,5.2571174706601015e-05,0.002123326005550651,0.9999700784683228
98,5.2571174706601015e-05,0.0021310192157156897,0.9999699592590332
99,5.2571174706601015e-05,0.002146405636045767,0.9999697208404541
100,5.2571174706601015e-05,0.0021983348046597773,0.9999696016311646
101,5.2571174706601015e-05,0.002200258107201037,0.9999693632125854
102,5.2571174706601015e-05,0.0022618037885213456,0.9999692440032959
103,5.2571174706601015e-05,0.002265650393603865,0.9999691247940063
104,5.2571174706601015e-05,0.0023021931418877985,0.9999690055847168
105,5.2571174706601015e-05,0.0023137329571353564,0.9999688863754272
106,5.2571174706601015e-05,0.0023291193774654336,0.9999687671661377
107,5.2571174706601015e-05,0.0023368125876304722,0.9999686479568481
108,5.2571174706601015e-05,0.00245605734518857,0.9999685287475586
109,5.2571174706601015e-05,0.0024868301858487246,0.999968409538269
110,5.2571174706601015e-05,0.0025118331188851,0.9999682903289795
111,5.2571174706601015e-05,0.0025483758671690335,0.9999681711196899
112,5.2571174706601015e-05,0.0025810720103704473,0.9999680519104004
113,5.2571174706601015e-05,0.0025849186154529667,0.9999679327011108
114,5.2571174706601015e-05,0.002586841917994226,0.9999678134918213
115,5.2571174706601015e-05,0.002613768153571861,0.9999676942825317
116,5.2571174706601015e-05,0.002625307968819419,0.9999675750732422
117,5.2571174706601015e-05,0.0026618507171033527,0.9999674558639526
118,5.2571174706601015e-05,0.00267339053235091,0.9999672174453735
119,5.2571174706601015e-05,0.002708009978093584,0.9999669790267944
120,5.2571174706601015e-05,0.0027445527263775175,0.9999668598175049
121,5.2571174706601015e-05,0.0027503226340012963,0.9999666213989258
122,5.2571174706601015e-05,0.0027772488695789314,0.9999665021896362
123,5.2571174706601015e-05,0.002834947945816721,0.9999663829803467
124,5.2571174706601015e-05,0.0028753372991831734,0.9999662637710571
125,5.2571174706601015e-05,0.0028849538118894714,0.9999661445617676
126,5.2571174706601015e-05,0.0028868771144307313,0.999966025352478
127,5.2571174706601015e-05,0.00289457032459577,0.9999659061431885
128,5.2571174706601015e-05,0.002933036375420963,0.9999656677246094
129,5.2571174706601015e-05,0.0029753490313286753,0.9999651908874512
130,5.2571174706601015e-05,0.0029791956364111946,0.9999650716781616
131,5.2571174706601015e-05,0.0029965053592825312,0.9999649524688721
132,5.2571174706601015e-05,0.0030099684770713486,0.9999648332595825
133,5.2571174706601015e-05,0.003029201502483945,0.999964714050293
134,9.773795860945541e-05,0.003029201502483945,0.9999641180038452
135,9.773795860945541e-05,0.0030349714101077243,0.9999639987945557
136,9.773795860945541e-05,0.0030618976456853594,0.9999638795852661
137,9.773795860945541e-05,0.0030657442507678787,0.9999637603759766
138,9.773795860945541e-05,0.003102286999051812,0.999963641166687
139,9.773795860945541e-05,0.003127289932088187,0.9999635219573975
140,9.773795860945541e-05,0.0031349831422532257,0.9999632835388184
141,9.847839768983007e-05,0.0031426763524182643,0.9999630451202393
142,9.847839768983007e-05,0.0031638326803721207,0.9999629259109497
143,9.847839768983007e-05,0.00316575598291338,0.9999626874923706
144,9.847839768983007e-05,0.0031869123108672365,0.999962568283081
145,0.00011772981377957129,0.0031869123108672365,0.9999624490737915
146,0.00011772981377957129,0.003190758915949756,0.9999619722366333
147,0.00011772981377957129,0.003194605521032275,0.9999618530273438
148,0.00011772981377957129,0.003198452126114794,0.9999614953994751
149,0.00011772981377957129,0.003259997807435103,0.9999613761901855
150,0.00011772981377957129,0.0032830774379302187,0.999961256980896
151,0.00011772981377957129,0.0033215434887554117,0.9999611377716064
152,0.00011772981377957129,0.0033330833040029696,0.9999610185623169
153,0.00011772981377957129,0.0033426998167092677,0.9999605417251587
154,0.00011772981377957129,0.003358086237039345,0.9999604225158691
155,0.00011772981377957129,0.003361932842121864,0.9999603033065796
156,0.00011772981377957129,0.0033946289853232785,0.99996018409729
157,0.00011772981377957129,0.003408092103112096,0.9999599456787109
158,0.00011772981377957129,0.003411938708194615,0.9999598264694214
159,0.00011772981377957129,0.0034138620107358746,0.9999597072601318
160,0.00011772981377957129,0.003421555220900913,0.9999595880508423
161,0.00011772981377957129,0.003433095036148471,0.9999592304229736
162,0.00011772981377957129,0.0034638678768086255,0.9999591112136841
163,0.00011772981377957129,0.0034792542971387027,0.999958872795105
164,0.00011772981377957129,0.003483100902221222,0.9999587535858154
165,0.00011772981377957129,0.00349656402001004,0.9999582767486572
166,0.00011772981377957129,0.0035504164911653096,0.9999580383300781
167,0.00011772981377957129,0.0035523397937065695,0.9999576807022095
168,0.00011772981377957129,0.0036119621724856185,0.9999574422836304
169,0.00011772981377957129,0.0036273485928156957,0.9999573230743408
170,0.00011772981377957129,0.0038216021494829203,0.9999572038650513
171,0.00011772981377957129,0.0038350652672717376,0.9999570846557617
172,0.00011772981377957129,0.003860068200308113,0.9999569654464722
173,0.00011772981377957129,0.003865838107931892,0.9999566078186035
174,0.00011772981377957129,0.00387737792317945,0.9999562501907349
175,0.00011772981377957129,0.003892764343509527,0.9999561309814453
176,0.00011772981377957129,0.003904304158757085,0.9999557733535767
177,0.00011772981377957129,0.003925460486710941,0.9999556541442871
178,0.00011772981377957129,0.003929307091793461,0.9999550580978394
179,0.00011772981377957129,0.00393315369687598,0.9999549388885498
180,0.00011772981377957129,0.003935076999417239,0.9999548196792603
181,0.0001214320091814446,0.003938923604499759,0.9999547004699707
182,0.0001214320091814446,0.003940846907041018,0.999954342842102
183,0.0001214320091814446,0.003944693512123537,0.999954104423523
184,0.0001214320091814446,0.003962003234994875,0.9999539852142334
185,0.0001214320091814446,0.003973543050242432,0.9999538660049438
186,0.0001214320091814446,0.003998545983278807,0.9999537467956543
187,0.0001214320091814446,0.004013932403608885,0.9999535083770752
188,0.0001214320091814446,0.004021625613773923,0.9999532699584961
189,0.0001214320091814446,0.004035088731562741,0.999953031539917
190,0.0001214320091814446,0.004046628546810299,0.9999529123306274
191,0.0001214320091814446,0.004112020833213127,0.9999525547027588
192,0.0001214320091814446,0.004121637345919425,0.9999524354934692
193,0.0001214320091814446,0.0041427936738732815,0.9999520778656006
194,0.0001214320091814446,0.00415048688403832,0.999951958656311
195,0.0001214320091814446,0.004163950001827137,0.9999518394470215
196,0.0001214320091814446,0.004165873304368397,0.9999514818191528
197,0.0001214320091814446,0.00420433935519359,0.9999513626098633
198,0.0001214320091814446,0.004212032565358629,0.9999500513076782
199,0.0001214320091814446,0.004227418985688706,0.99994957447052
200,0.00012365332642256857,0.004238958800936264,0.9999494552612305
201,0.00012365332642256857,0.004240882103477523,0.9999493360519409
202,0.00012439376550294325,0.004240882103477523,0.9999492168426514
203,0.00012439376550294325,0.004242805406018783,0.9999490976333618
204,0.00012439376550294325,0.0042562685238076,0.9999489784240723
205,0.00012439376550294325,0.004265885036513898,0.9999488592147827
206,0.00012439376550294325,0.004273578246678937,0.9999485015869141
207,0.00012439376550294325,0.004296657877174053,0.9999483823776245
208,0.00012439376550294325,0.004325507415292948,0.999948263168335
209,0.00012439376550294325,0.004327430717834207,0.9999479055404663
210,0.00012439376550294325,0.004354356953411843,0.9999477863311768
211,0.00012439376550294325,0.004362050163576881,0.9999475479125977
212,0.00012439376550294325,0.0043678200712006605,0.999947190284729
213,0.00012439376550294325,0.00436974337374192,0.9999465942382812
214,0.00012439376550294325,0.004404362819484593,0.9999464750289917
215,0.00012439376550294325,0.004408209424567113,0.9999462366104126
216,0.00012439376550294325,0.004417825937273411,0.999945878982544
217,0.00012439376550294325,0.004456291988098604,0.9999456405639648
218,0.00012439376550294325,0.004492834736382537,0.9999451637268066
219,0.00012439376550294325,0.004500527946547575,0.999944806098938
220,0.00012439376550294325,0.004502451249088836,0.9999445676803589
221,0.00012439376550294325,0.004510144459253874,0.9999443292617798
222,0.00012439376550294325,0.004513991064336393,0.9999438524246216
223,0.00012439376550294325,0.004515914366877653,0.9999436140060425
224,0.00012439376550294325,0.00453130078720773,0.9999431371688843
225,0.00012439376550294325,0.00453322408974899,0.9999428987503052
226,0.00012439376550294325,0.004538993997372768,0.9999427795410156
227,0.00012439376550294325,0.004560150325326625,0.9999426603317261
228,0.00012439376550294325,0.004585153258363,0.9999423027038574
229,0.00012439376550294325,0.0046543921498483475,0.9999421834945679
230,0.00012439376550294325,0.004656315452389607,0.9999420642852783
231,0.00012439376550294325,0.004679395082884723,0.9999419450759888
232,0.00012439376550294325,0.004760173789617629,0.9999417066574097
233,0.00012439376550294325,0.0048121029582316385,0.9999415874481201
234,0.00012439376550294325,0.004815949563314158,0.999941349029541
235,0.00012439376550294325,0.004817872865855418,0.9999412298202515
236,0.00012439376550294325,0.004842875798891793,0.9999409914016724
237,0.00012439376550294325,0.004848645706515572,0.9999408721923828
238,0.00012439376550294325,0.004883265152258245,0.9999401569366455
239,0.00012439376550294325,0.00491211469037714,0.9999397993087769
240,0.00012439376550294325,0.004919807900542179,0.9999395608901978
241,0.00012439376550294325,0.0049313477157897365,0.9999394416809082
242,0.00012439376550294325,0.004956350648826113,0.99993896484375
243,0.00012439376550294325,0.005010203119981382,0.9999387264251709
244,0.00012439376550294325,0.005015973027605161,0.9999386072158813
245,0.00012439376550294325,0.005029436145393979,0.999937891960144
246,0.00012439376550294325,0.005031359447935238,0.9999377727508545
247,0.00012439376550294325,0.0050659788936779125,0.9999376535415649
248,0.00012439376550294325,0.005073672103842951,0.9999374151229858
249,0.00012439376550294325,0.005092905129255547,0.9999372959136963
250,0.00012439376550294325,0.005100598339420586,0.9999371767044067
251,0.00012439376550294325,0.00513137118008074,0.9999370574951172
252,0.00012439376550294325,0.005150604205493336,0.9999368190765381
253,0.00012439376550294325,0.005162144020740895,0.9999366998672485
254,0.00012439376550294325,0.0051756071385297125,0.9999361038208008
255,0.00012439376550294325,0.005177530441070972,0.9999359846115112
256,0.00012439376550294325,0.005215996491896165,0.9999353885650635
257,0.00012439376550294325,0.005250615937638838,0.9999352693557739
258,0.00012439376550294325,0.0052660023579689155,0.9999350309371948
259,0.00012439376550294325,0.0052948518960878104,0.9999349117279053
260,0.00012439376550294325,0.005302545106252849,0.9999346733093262
261,0.00012439376550294325,0.005306391711335368,0.9999345541000366
262,0.00012439376550294325,0.005308315013876628,0.9999344348907471
263,0.00012439376550294325,0.005389093720609533,0.999934196472168
264,0.00012439376550294325,0.005421789863810947,0.9999340772628784
265,0.00012439376550294325,0.005437176284141024,0.9999339580535889
266,0.00012439376550294325,0.005439099586682284,0.9999337196350098
267,0.00012439376550294325,0.005444869494306063,0.9999334812164307
268,0.00012439376550294325,0.005448716099388582,0.9999332427978516
269,0.00012439376550294325,0.0054525627044711015,0.999933123588562
270,0.00012439376550294325,0.005469872427342438,0.9999330043792725
271,0.00012439376550294325,0.005475642334966217,0.9999328851699829
272,0.00012439376550294325,0.005477565637507477,0.9999327659606934
273,0.00012439376550294325,0.005487182150213775,0.9999322891235352
274,0.00012439376550294325,0.00551603168833267,0.9999321699142456
275,0.00012439376550294325,0.0055198782934151895,0.9999319314956665
276,0.00012439376550294325,0.005525648201038968,0.9999316930770874
277,0.00012439376550294325,0.005535264713745267,0.9999314546585083
278,0.00012439376550294325,0.005537188016286526,0.9999313354492188
279,0.00012439376550294325,0.0055679608569466806,0.9999308586120605
280,0.00012439376550294325,0.005573730764570459,0.999930739402771
281,0.00012439376550294325,0.00562565993318447,0.9999305009841919
282,0.00012439376550294325,0.005712208547541154,0.9999303817749023
283,0.00012439376550294325,0.005714131850082413,0.9999302625656128
284,0.00012439376550294325,0.00573336487549501,0.9999301433563232
285,0.00012439376550294325,0.005744904690742568,0.9999300241470337
286,0.00012439376550294325,0.005746827993283828,0.9999299049377441
287,0.00012439376550294325,0.005750674598366347,0.9999297857284546
288,0.00012439376550294325,0.0057968338593565785,0.9999295473098755
289,0.00012439376550294325,0.005819913489851694,0.9999294281005859
290,0.00012439376550294325,0.005821836792392954,0.9999291896820068
291,0.00012439376550294325,0.005829530002557992,0.9999287128448486
292,0.00012439376550294325,0.005860302843218147,0.9999285936355591
293,0.00012439376550294325,0.005862226145759406,0.9999282360076904
294,0.00012439376550294325,0.005871842658465704,0.9999281167984009
295,0.00012439376550294325,0.005892998986419561,0.9999278783798218
296,0.00012439376550294325,0.006018013651601438,0.9999276399612427
297,0.00012439376550294325,0.0060218602566839575,0.9999274015426636
298,0.00012439376550294325,0.006023783559225217,0.999927282333374
299,0.00012439376550294325,0.006129565198994497,0.9999269247055054
300,0.00012439376550294325,0.006133411804077017,0.9999266862869263
301,0.00012439376550294325,0.0061699545523609504,0.9999264478683472
302,0.00012439376550294325,0.006181494367608508,0.9999262094497681
303,0.00012439376550294325,0.006187264275232287,0.9999256134033203
304,0.00012439376550294325,0.006208420603186143,0.9999253749847412
305,0.00012439376550294325,0.006264196376882673,0.9999250173568726
306,0.00012439376550294325,0.006271889587047712,0.9999247789382935
307,0.00012439376550294325,0.006316125545496683,0.9999246597290039
308,0.00012439376550294325,0.0063180488480379425,0.9999244213104248
309,0.00012439376550294325,0.006329588663285501,0.9999241828918457
310,0.00012439376550294325,0.00633535857090928,0.999923825263977
311,0.00012439376550294325,0.006369978016651953,0.9999234676361084
312,0.00012439376550294325,0.006383441134440771,0.9999232292175293
313,0.00012439376550294325,0.006423830487807224,0.9999231100082397
314,0.00012439376550294325,0.006435370303054781,0.9999227523803711
315,0.00012439376550294325,0.006439216908137301,0.999922513961792
316,0.00012439376550294325,0.0064565266310086375,0.9999223947525024
317,0.00012439376550294325,0.006475759656421234,0.9999221563339233
318,0.00012439376550294325,0.006477682958962494,0.9999220371246338
319,0.00012439376550294325,0.006489222774210051,0.9999219179153442
320,0.00012439376550294325,0.006493069379292571,0.9999217987060547
321,0.00012439376550294325,0.0064949926818338305,0.9999213218688965
322,0.00012439376550294325,0.006531535430117764,0.9999212026596069
323,0.00012439376550294325,0.006539228640282803,0.9999210834503174
324,0.00012439376550294325,0.00655269175807162,0.9999209642410278
325,0.00012439376550294325,0.006560384968236658,0.9999208450317383
326,0.00012439376550294325,0.0065623082707779185,0.9999206066131592
327,0.00012439376550294325,0.00661039083430941,0.9999203681945801
328,0.00012439376550294325,0.006635393767345785,0.9999200105667114
329,0.00012439376550294325,0.006639240372428304,0.9999192953109741
330,0.00012439376550294325,0.006696939448666094,0.999919056892395
331,0.00012439376550294325,0.006700786053748613,0.9999188184738159
332,0.00012439376550294325,0.006887346400250799,0.9999186992645264
333,0.00012439376550294325,0.006893116307874578,0.9999184608459473
334,0.00012439376550294325,0.006908502728204655,0.9999181032180786
335,0.00012439376550294325,0.006920042543452212,0.9999179840087891
336,0.00012439376550294325,0.007248927278007612,0.9999178647994995
337,0.00012439376550294325,0.007327782682199258,0.99991774559021
338,0.00012439376550294325,0.007333552589823037,0.9999176263809204
339,0.00012439376550294325,0.007397021573684605,0.9999173879623413
340,0.00012439376550294325,0.007398944876225865,0.9999171495437622
341,0.00012439376550294325,0.0074220245067209804,0.9999167919158936
342,0.00012439376550294325,0.007429717716886019,0.9999165534973145
343,0.00012439376550294325,0.007433564321968539,0.9999164342880249
344,0.00012439376550294325,0.007506649818536405,0.9999163150787354
345,0.00012439376550294325,0.007541269264279079,0.9999161958694458
346,0.00012439376550294325,0.007593198432893089,0.9999159574508667
347,0.00012439376550294325,0.007610508155764426,0.999915599822998
348,0.00012439376550294325,0.007681670349791033,0.999915361404419
349,0.00012439376550294325,0.007683593652332293,0.9999152421951294
350,0.00012439376550294325,0.007691286862497332,0.9999151229858398
351,0.00012439376550294325,0.007720136400616226,0.9999148845672607
352,0.00012439376550294325,0.007745139333652602,0.9999146461486816
353,0.00012439376550294325,0.007747062636193861,0.9999145269393921
354,0.00012439376550294325,0.00775090924127638,0.9999140501022339
355,0.00012439376550294325,0.007770142266688977,0.9999136924743652
356,0.00012439376550294325,0.007775912174312756,0.9999130964279175
357,0.00012439376550294325,0.00780668501497291,0.9999128580093384
358,0.00012439376550294325,0.00780860831751417,0.9999127388000488
359,0.00012439376550294325,0.007839381158174324,0.9999123811721802
360,0.00012439376550294325,0.007879770511540776,0.9999122619628906
361,0.00012439376550294325,0.007895156931870853,0.9999121427536011
362,0.00012439376550294325,0.007899003536953374,0.9999120235443115
363,0.00012439376550294325,0.007914389957283451,0.9999117851257324
364,0.00012439376550294325,0.00791823656236597,0.9999116659164429
365,0.00012439376550294325,0.007929776377613528,0.9999115467071533
366,0.00012439376550294325,0.007949009403026125,0.9999113082885742
367,0.00012439376550294325,0.007950932705567383,0.9999111890792847
368,0.00012439376550294325,0.008347133029066872,0.9999109506607056
369,0.00012439376550294325,0.008400985500222141,0.9999105930328369
370,0.00012439376550294325,0.008402908802763401,0.9999104738235474
371,0.00012439376550294325,0.00841444861801096,0.9999103546142578
372,0.00012439376550294325,0.008433681643423556,0.9999101161956787
373,0.00012439376550294325,0.008450991366294892,0.9999098777770996
374,0.00012439376550294325,0.008466377786624969,0.9999097585678101
375,0.00012439376550294325,0.008472147694248748,0.999909520149231
376,0.00012439376550294325,0.008499073929826384,0.9999092817306519
377,0.00012439376550294325,0.008504843837450163,0.9999090433120728
378,0.00012439376550294325,0.00851446035015646,0.9999089241027832
379,0.00012439376550294325,0.008554849703522913,0.9999086856842041
380,0.00012439376550294325,0.008599085661971885,0.9999083280563354
381,0.00012439376550294325,0.008668324553457233,0.9999082088470459
382,0.00012439376550294325,0.008735640142401321,0.9999080896377563
383,0.00012439376550294325,0.008810648941510447,0.9999079704284668
384,0.00012439376550294325,0.008816418849134226,0.9999078512191772
385,0.00012439376550294325,0.008833728572005562,0.9999077320098877
386,0.00012439376550294325,0.008835651874546822,0.9999076128005981
387,0.00012439376550294325,0.00884526838725312,0.9999074935913086
388,0.00012439376550294325,0.009364560073393225,0.999907374382019
389,0.00012439376550294325,0.009366483375934485,0.9999072551727295
390,0.00012439376550294325,0.009374176586099523,0.9999068975448608
391,0.00012439376550294325,0.009387639703888341,0.9999067783355713
392,0.00012439376550294325,0.00939533291405338,0.9999065399169922
393,0.00012439376550294325,0.00961651270629824,0.9999064207077026
394,0.00012439376550294325,0.009701138018113663,0.9999063014984131
395,0.00012439376550294325,0.009712677833361221,0.9999059438705444
396,0.00012439376550294325,0.009729987556232557,0.9999058246612549
397,0.00012439376550294325,0.009749220581645155,0.9999055862426758
398,0.00012439376550294325,0.009753067186727674,0.9999054670333862
399,0.00012439376550294325,0.009768453607057751,0.9999053478240967
400,0.00012439376550294325,0.009785763329929089,0.9999052286148071
401,0.00012439376550294325,0.009787686632470347,0.9999051094055176
402,0.00012439376550294325,0.009793456540094126,0.999904990196228
403,0.00012439376550294325,0.009806919657882943,0.9999046325683594
404,0.00012439376550294325,0.009808842960424204,0.9999045133590698
405,0.00012439376550294325,0.009812689565506722,0.9999043941497803
406,0.00012439376550294325,0.009870388641744512,0.9999042749404907
407,0.00012439376550294325,0.009872311944285773,0.9999041557312012
408,0.00012439376550294325,0.00988192845699207,0.9999040365219116
409,0.00012439376550294325,0.009889621667157109,0.9999039173126221
410,0.00012439376550294325,0.011103225570691946,0.999903678894043
411,0.00012439376550294325,0.011110918780856986,0.9999033212661743
412,0.00012439376550294325,0.0111339984113521,0.9999032020568848
413,0.00012439376550294325,0.01113784501643462,0.9999029636383057
414,0.00012439376550294325,0.011184004277424851,0.9999028444290161
415,0.00012439376550294325,0.011235933446038862,0.999902606010437
416,0.00012439376550294325,0.01124747326128642,0.9999024868011475
417,0.00012439376550294325,0.012055260328615472,0.9999023675918579
418,0.00012439376550294325,0.012145655548054676,0.9999022483825684
419,0.00012439376550294325,0.012153348758219714,0.9999021291732788
420,0.00012439376550294325,0.012491850005481413,0.9999020099639893
421,0.00012439376550294325,0.01250723642581149,0.9999018907546997
422,0.00012439376550294325,0.01261494136812203,0.9999017715454102
423,0.00012439376550294325,0.012616864670663289,0.9999016523361206
424,0.00012439376550294325,0.012820734740036812,0.999901533126831
425,0.00012439376550294325,0.013153466079674731,0.9999014139175415
426,0.00012439376550294325,0.013174622407628588,0.999901294708252
427,0.00012439376550294325,0.013184238920334886,0.9999011754989624
428,0.00012439376550294325,0.013195778735582444,0.9999010562896729
429,0.00012439376550294325,0.013782386010666637,0.9999008178710938
430,0.00012439376550294325,0.013797772430996714,0.9999006986618042
431,0.00012439376550294325,0.013801619036079233,0.9999004602432251
432,0.00012439376550294325,0.013818928758950568,0.9999003410339355
433,0.00012439376550294325,0.01387085792756458,0.999900221824646
434,0.00012439376550294325,0.013890090952977175,0.9999001026153564
435,0.00012439376550294325,0.013938173516508667,0.9998999834060669
436,0.00012439376550294325,0.013995872592746457,0.9998998641967773
437,0.00012439376550294325,0.013997795895287716,0.9998997449874878
438,0.00012439376550294325,0.014038185248654168,0.9998995065689087
439,0.00012439376550294325,0.014040108551195429,0.9998993873596191
440,0.00012439376550294325,0.014105500837598256,0.9998990297317505
441,0.00012439376550294325,0.014122810560469594,0.9998989105224609
442,0.00012439376550294325,0.014126657165552113,0.9998985528945923
443,0.00012439376550294325,0.014590173077995688,0.9998984336853027
444,0.00012439376550294325,0.014624792523738361,0.9998983144760132
445,0.00012439376550294325,0.01474403728129646,0.9998981952667236
446,0.00012439376550294325,0.014778656727039133,0.9998980760574341
447,0.00012439376550294325,0.015322951346215613,0.9998979568481445
448,0.00012439376550294325,0.015349877581793249,0.999897837638855
449,0.00012439376550294325,0.015367187304664586,0.9998975992202759
450,0.00012439376550294325,0.015411423263113557,0.9998974800109863
451,0.00012439376550294325,0.016248059868561503,0.9998973608016968
452,0.00012439376550294325,0.016292295827010476,0.9998972415924072
453,0.00012439376550294325,0.016313452154964332,0.9998971223831177
454,0.00012439376550294325,0.01632691527275315,0.9998966455459595
455,0.00012439376550294325,0.016369227928660864,0.9998965263366699
456,0.00012439376550294325,0.016401924071862275,0.9998964071273804
457,0.00012439376550294325,0.016417310492192354,0.9998961687088013
458,0.00012439376550294325,0.016453853240476286,0.9998959302902222
459,0.00012439376550294325,0.016457699845558806,0.9998958110809326
460,0.00012439376550294325,0.016459623148100067,0.9998955726623535
461,0.00012439376550294325,0.016517322224337855,0.999895453453064
462,0.00012439376550294325,0.016521168829420375,0.9998953342437744
463,0.00012439376550294325,0.016526938737044153,0.9998952150344849
464,0.00012439376550294325,0.01653655524975045,0.9998949766159058
465,0.00012439376550294325,0.016673109730179887,0.9998948574066162
466,0.00012439376550294325,0.016705805873381302,0.9998947381973267
467,0.00012439376550294325,0.01670965247846382,0.9998946189880371
468,0.00012439376550294325,0.016719268991170117,0.9998944997787476
469,0.00012439376550294325,0.016738502016582713,0.999894380569458
470,0.00012439376550294325,0.017957875827741332,0.9998942613601685
471,0.00012439376550294325,0.01802711471922668,0.9998940229415894
472,0.00012439376550294325,0.0180309613243092,0.9998939037322998
473,0.00012439376550294325,0.01806558077005187,0.9998937845230103
474,0.00012439376550294325,0.018096353610712025,0.9998934268951416
475,0.00012439376550294325,0.018098276913253285,0.999893069267273
476,0.00012439376550294325,0.018104046820877063,0.9998929500579834
477,0.00012439376550294325,0.0181309730564547,0.9998927116394043
478,0.00012439376550294325,0.018377155781735936,0.9998924732208252
479,0.00012439376550294325,0.018379079084277192,0.9998923540115356
480,0.00012439376550294325,0.01845793448846884,0.9998922348022461
481,0.00012439376550294325,0.01846755100117514,0.9998921155929565
482,0.00012439376550294325,0.0184694743037164,0.999891996383667
483,0.00012439376550294325,0.01871758033153889,0.9998918771743774
484,0.00012439376550294325,0.018725273541703932,0.9998917579650879
485,0.00012439376550294325,0.01872912014678645,0.9998916387557983
486,0.00012439376550294325,0.018748353172199046,0.9998915195465088
487,0.00012439376550294325,0.018750276474740306,0.9998914003372192
488,0.00012439376550294325,0.018759892987446604,0.9998912811279297
489,0.00012439376550294325,0.018800282340813056,0.9998911619186401
490,0.00012439376550294325,0.018850288206885807,0.9998910427093506
491,0.00012439376550294325,0.01966192187929738,0.999890923500061
492,0.00012439376550294325,0.019692694719957535,0.9998908042907715
493,0.00012439376550294325,0.019844635620717047,0.9998905658721924
494,0.00012439376550294325,0.020065815412961905,0.9998904466629028
495,0.00012439376550294325,0.02009851155616332,0.9998902082443237
496,0.00012439376550294325,0.020113897976493395,0.9998900890350342
497,0.00012439376550294325,0.020283148600124246,0.9998899698257446
498,0.00012439376550294325,0.020335077768738257,0.999889612197876
499,0.00012439376550294325,0.020381237029728487,0.9998894929885864
500,0.00012439376550294325,0.020396623450058566,0.9998892545700073
501,0.00012439376550294325,0.020448552618672577,0.9998891353607178
502,0.00012439376550294325,0.02048894197203903,0.9998888969421387
503,0.00012439376550294325,0.020502405089827844,0.9998887777328491
504,0.00012439376550294325,0.020654345990587356,0.99988853931427
505,0.00012439376550294325,0.02068704213378877,0.9998883008956909
506,0.00012439376550294325,0.020787053865934272,0.9998881816864014
507,0.00012439376550294325,0.02130442224953312,0.9998880624771118
508,0.00012439376550294325,0.021315962064780675,0.9998879432678223
509,0.00012439376550294325,0.02135250481306461,0.9998878240585327
510,0.00012439376550294325,0.02161792056375844,0.9998875856399536
511,0.00012439376550294325,0.022192988023595074,0.9998874664306641
512,0.00012439376550294325,0.022194911326136334,0.9998873472213745
513,0.00012439376550294325,0.02222376086425523,0.999887228012085
514,0.00012439376550294325,0.02222953077187901,0.9998869895935059
515,0.00012439376550294325,0.02223145407442027,0.9998868703842163
516,0.00012439376550294325,0.022385318277721042,0.9998866319656372
517,0.00012439376550294325,0.022425707631087494,0.9998865127563477
518,0.00012439376550294325,0.022433400841252532,0.9998862743377686
519,0.00012439376550294325,0.022452633866665128,0.999886155128479
520,0.00012439376550294325,0.022483406707325283,0.9998860359191895
521,0.00012439376550294325,0.02255264559881063,0.9998859167098999
522,0.00012439376550294325,0.022596881557259602,0.9998857975006104
523,0.00012439376550294325,0.02260072816234212,0.9998856782913208
524,0.00012439376550294325,0.022623807792837236,0.9998854398727417
525,0.00012439376550294325,0.022639194213167315,0.9998853206634521
526,0.00012439376550294325,0.022643040818249832,0.999885082244873
527,0.00012439376550294325,0.02281806134950446,0.9998849630355835
528,0.00012439376550294325,0.022843064282540838,0.999884843826294
529,0.00012439376550294325,0.02286999051811847,0.9998847246170044
530,0.00012439376550294325,0.022971925552805233,0.9998846054077148
531,0.00012439376550294325,0.02298154206551153,0.9998844861984253
532,0.00012439376550294325,0.02298923527567657,0.9998843669891357
533,0.00012439376550294325,0.024604809410334674,0.9998841285705566
534,0.00012439376550294325,0.024908691211853698,0.9998840093612671
535,0.00012439376550294325,0.02495100386776141,0.9998838901519775
536,0.00012439376550294325,0.02495292717030267,0.999883770942688
537,0.00012439376550294325,0.025147180726969896,0.9998836517333984
538,0.00012439376550294325,0.02516064384475871,0.9998835325241089
539,0.00012439376550294325,0.02516256714729997,0.9998834133148193
540,0.00012439376550294325,0.025185646777795088,0.9998831748962402
541,0.00012439376550294325,0.02518949338287761,0.9998825788497925
542,0.00012439376550294325,0.025354897401425935,0.9998822212219238
543,0.00012439376550294325,0.025420289687828765,0.9998821020126343
544,0.00012439376550294325,0.025424136292911285,0.9998819828033447
545,0.00012439376550294325,0.025433752805617584,0.9998818635940552
546,0.00012439376550294325,0.02543952271324136,0.9998816251754761
547,0.00012439376550294325,0.025456832436112697,0.999881386756897
548,0.00012439376550294325,0.025470295553901515,0.9998812675476074
549,0.00012439376550294325,0.025479912066607813,0.9998811483383179
550,0.00012439376550294325,0.025508761604726708,0.9998810291290283
551,0.00012439376550294325,0.025545304353010643,0.9998809099197388
552,0.00012439376550294325,0.025658779202944963,0.9998805522918701
553,0.00012439376550294325,0.028209078372655252,0.9998804330825806
554,0.00012439376550294325,0.02822061818790281,0.9998801946640015
555,0.00012439376550294325,0.02839948532423996,0.9998799562454224
556,0.00012439376550294325,0.028403331929322477,0.9998794794082642
557,0.00012439376550294325,0.028414871744570035,0.9998793601989746
558,0.00012439376550294325,0.02849372714876168,0.9998792409896851
559,0.00012439376550294325,0.0285071902665505,0.9998791217803955
560,0.00012439376550294325,0.028514883476715536,0.9998788833618164
561,0.00012439376550294325,0.028520653384339317,0.9998787641525269
562,0.00012439376550294325,0.02856104273770577,0.9998786449432373
563,0.00012439376550294325,0.02859566218344844,0.9998785257339478
564,0.00012439376550294325,0.02861297190631978,0.9998784065246582
565,0.00012439376550294325,0.03020546641048277,0.9998782873153687
566,0.00012439376550294325,0.030209313015565287,0.9998780488967896
567,0.00012439376550294325,0.03034971410107724,0.9998779296875
568,0.00012439376550294325,0.0303516374036185,0.9998776912689209
569,0.00012439376550294325,0.030561277380615804,0.9998775720596313
570,0.00012439376550294325,0.030611283246688555,0.9998773336410522
571,0.00012439376550294325,0.030622823061936113,0.9998772144317627
572,0.00012439376550294325,0.030697831861045237,0.9998770952224731
573,0.00012439376550294325,0.030713218281375316,0.9998769760131836
574,0.00012439376550294325,0.030826693131309636,0.999876856803894
575,0.00012439376550294325,0.03084207955163971,0.9998766183853149
576,0.00012439376550294325,0.03090362523296002,0.9998764991760254
577,0.00012439376550294325,0.03090747183804254,0.9998762607574463
578,0.00012439376550294325,0.030984403939692925,0.9998761415481567
579,0.00012439376550294325,0.030988250544775445,0.9998760223388672
580,0.00012439376550294325,0.030990173847316706,0.9998759031295776
581,0.00012439376550294325,0.030995943754940483,0.9998757839202881
582,0.00012439376550294325,0.03101517678035308,0.999875545501709
583,0.00012439376550294325,0.031145961353158735,0.9998751878738403
584,0.00012439376550294325,0.031147884655699995,0.9998750686645508
585,0.00012439376550294325,0.031151731260782516,0.9998749494552612
586,0.00012439376550294325,0.031153654563323776,0.9998748302459717
587,0.00012439376550294325,0.03118442740398393,0.9998747110366821
588,0.00012439376550294325,0.031317135279330846,0.9998745918273926
589,0.00012439376550294325,0.03132098188441337,0.9998743534088135
590,0.00012439376550294325,0.031457536364842796,0.9998739957809448
591,0.00012439376550294325,0.03147676939025539,0.9998738765716553
592,0.00012439376550294325,0.031478692692796656,0.9998737573623657
593,0.00012439376550294325,0.03149792571820925,0.9998736381530762
594,0.00012439376550294325,0.03185181338580103,0.9998735189437866
595,0.00012439376550294325,0.03188258622646118,0.9998732805252075
596,0.00012439376550294325,0.031894126041708735,0.9998730421066284
597,0.00012439376550294325,0.03190951246203882,0.9998728036880493
598,0.00012439376550294325,0.03390590049986633,0.9998726844787598
599,0.00012439376550294325,0.03391167040749011,0.9998723268508911
600,0.00012439376550294325,0.0339693694837279,0.9998722076416016
601,0.00012439376550294325,0.033978985996434195,0.9998718500137329
602,0.00012439376550294325,0.03401745204725939,0.9998716115951538
603,0.00012439376550294325,0.034040531677754504,0.9998714923858643
604,0.00012439376550294325,0.0340501481904608,0.9998713731765747
605,0.00012439376550294325,0.034052071493002066,0.9998711347579956
606,0.00012439376550294325,0.034109770569239854,0.999871015548706
607,0.00012439376550294325,0.03411169387178111,0.9998708963394165
608,0.00012439376550294325,0.0341693929480189,0.999870777130127
609,0.00012439376550294325,0.03417708615818394,0.9998705387115479
610,0.00012439376550294325,0.03445981163174911,0.9998704195022583
611,0.00012439376550294325,0.034484814564785485,0.9998703002929688
612,0.00012439376550294325,0.03450404759019808,0.9998701810836792
613,0.00012439376550294325,0.034532897128316975,0.9998700618743896
614,0.00012439376550294325,0.034536743733399496,0.9998699426651001
615,0.00012439376550294325,0.034742537105314275,0.9998698234558105
616,0.00012439376550294325,0.03495025377977032,0.999869704246521
617,0.00012439376550294325,0.03497525671280669,0.9998695850372314
618,0.00012439376550294325,0.03499448973821929,0.9998693466186523
619,0.00012439376550294325,0.035065651932245895,0.9998692274093628
620,0.00012439376550294325,0.03507719174749346,0.9998691082000732
621,0.00012439376550294325,0.035094501470364796,0.9998689889907837
622,0.00012439376550294325,0.03524259576604179,0.9998688697814941
623,0.00012439376550294325,0.03529837153973832,0.999868631362915
624,0.00012439376550294325,0.035313757960068394,0.9998683929443359
625,0.00012439376550294325,0.03531568126260965,0.9998682737350464
626,0.00012439376550294325,0.03537145703630618,0.9998681545257568
627,0.00012439376550294325,0.03537338033884744,0.9998679161071777
628,0.00012439376550294325,0.03559840673617482,0.9998676776885986
629,0.00012439376550294325,0.03562148636666994,0.9998675584793091
630,0.00012439376550294325,0.03562533297175246,0.9998672008514404
631,0.00012439376550294325,0.03564648929970631,0.9998670816421509
632,0.00012439376550294325,0.03564841260224757,0.9998669624328613
633,0.00012439376550294325,0.03565610581241261,0.9998668432235718
634,0.00012439376550294325,0.03741400433512393,0.9998666048049927
635,0.00012439376550294325,0.03743131405799526,0.9998664855957031
636,0.00012439376550294325,0.03746978010882046,0.9998663663864136
637,0.00012439376550294325,0.03753132579014077,0.999866247177124
638,0.00012439376550294325,0.03754478890792958,0.9998661279678345
639,0.00012439376550294325,0.03755440542063588,0.9998657703399658
640,0.00012439376550294325,0.03768134338835902,0.9998656511306763
641,0.00012439376550294325,0.037848670709448605,0.9998654127120972
642,0.00012439376550294325,0.03787175033994372,0.9998652935028076
643,0.00012439376550294325,0.03860452860816365,0.9998651742935181
644,0.00012439376550294325,0.038637224751365065,0.999864935874939
645,0.00012439376550294325,0.038725696668263004,0.9998648166656494
646,0.00012439376550294325,0.03875262290384064,0.9998645782470703
647,0.00012439376550294325,0.039554640063545914,0.9998643398284912
648,0.00012439376550294325,0.03956810318133473,0.9998641014099121
649,0.00012439376550294325,0.03957194978641725,0.9998639822006226
650,0.00012439376550294325,0.03957387308895851,0.999863862991333
651,0.00012439376550294325,0.03960849253470119,0.9998637437820435
652,0.00012439376550294325,0.03962003234994874,0.9998636245727539
653,0.00012439376550294325,0.039627725560113784,0.9998635053634644
654,0.00012439376550294325,0.039671961518562754,0.9998633861541748
655,0.00012439376550294325,0.03972581398971802,0.9998631477355957
656,0.00012439376550294325,0.039770049948167,0.9998630285263062
657,0.00012439376550294325,0.039902757823513914,0.999862790107727
658,0.00012439376550294325,0.03995661029466918,0.9998626708984375
659,0.00012439376550294325,0.04020279301995042,0.999862551689148
660,0.00012439376550294325,0.04027203191143577,0.9998624324798584
661,0.00012439376550294325,0.04034704071054489,0.9998623132705688
662,0.00012439376550294325,0.04048936509859811,0.9998621940612793
663,0.00012439376550294325,0.04075478084929193,0.9998620748519897
664,0.00012439376550294325,0.04098942375932561,0.9998619556427002
665,0.00012439376550294325,0.0414048571082377,0.9998618364334106
666,0.00012439376550294325,0.04146640278955801,0.9998617172241211
667,0.00012439376550294325,0.04153179507596083,0.9998615980148315
668,0.00012439376550294325,0.04305312738609721,0.999861478805542
669,0.00012439376550294325,0.04308197692421611,0.9998613595962524
670,0.00012439376550294325,0.04308582352929863,0.9998612403869629
671,0.00012439376550294325,0.04363588805609889,0.9998611211776733
672,0.00012439376550294325,0.04367435410692408,0.9998610019683838
673,0.00012439376550294325,0.04368589392217164,0.9998607635498047
674,0.00012439376550294325,0.043693587132336675,0.9998606443405151
675,0.00012439376550294325,0.04778252833505469,0.9998605251312256
676,0.00012439376550294325,0.047797914755384766,0.999860405921936
677,0.00012439376550294325,0.0481441092128115,0.9998602867126465
678,0.00012439376550294325,0.04818449856617796,0.9998601675033569
679,0.00012439376550294325,0.04826527727291086,0.9998599290847778
680,0.00012439376550294325,0.04827681708815842,0.9998595714569092
681,0.00012439376550294325,0.048303743323736055,0.9998594522476196
682,0.00012439376550294325,0.04840760166096408,0.9998593330383301
683,0.00012439376550294325,0.04844222110670675,0.999859094619751
684,0.00012439376550294325,0.048472993947366906,0.9998589754104614
685,0.00012439376550294325,0.04848453376261446,0.9998588562011719
686,0.00012439376550294325,0.04848645706515572,0.9998587369918823
687,0.00012439376550294325,0.04849799688040328,0.9998584985733032
688,0.00012439376550294325,0.04890381371660906,0.9998583793640137
689,0.00012439376550294325,0.04891343022931536,0.9998582601547241
690,0.00012439376550294325,0.0489211234394804,0.9998581409454346
691,0.00012439376550294325,0.04892881664964544,0.9998579025268555
692,0.00012439376550294325,0.04893458655726922,0.9998577833175659
693,0.00012439376550294325,0.048949972977599294,0.9998575448989868
694,0.00012439376550294325,0.04901728856654338,0.9998574256896973
695,0.00012439376550294325,0.04903459828941472,0.9998573064804077
696,0.00012439376550294325,0.04904229149957976,0.9998570680618286
697,0.00012439376550294325,0.049046138104662275,0.9998569488525391
698,0.00012439376550294325,0.04924808487149454,0.9998568296432495
699,0.00012439376550294325,0.049284627619778476,0.99985671043396
700,0.00012439376550294325,0.04928655092231973,0.9998564720153809
701,0.00012439376550294325,0.04936155972142886,0.9998563528060913
702,0.00012439376550294325,0.049373099536676415,0.9998561143875122
703,0.00012439376550294325,0.04965774831278284,0.9998559951782227
704,0.00012439376550294325,0.0496981376661493,0.9998558759689331
705,0.00012439376550294325,0.04973275711189197,0.999855637550354
706,0.00012439376550294325,0.049773146465258426,0.9998555183410645
707,0.00012439376550294325,0.04979045618812976,0.9998553991317749
708,0.00012439376550294325,0.04982315233133117,0.9998552799224854
709,0.00012439376550294325,0.05016357688113413,0.9998550415039062
710,0.00012439376550294325,0.05016742348621665,0.9998549222946167
711,0.00012439376550294325,0.05018665651162925,0.9998548030853271
712,0.00012439376550294325,0.050188579814170506,0.9998546838760376
713,0.00012439376550294325,0.050336674109847504,0.999854564666748
714,0.00012439376550294325,0.05045207226232308,0.9998544454574585
715,0.00012439376550294325,0.050498231523313314,0.999854326248169
716,0.00012439376550294325,0.050546314086844804,0.9998542070388794
717,0.00012439376550294325,0.0505655471122574,0.9998540878295898
718,0.00012439376550294325,0.08385599079892064,0.9998539686203003
719,0.00012439376550294325,0.08399062197680882,0.9998536109924316
720,0.00012439376550294325,0.08413102306232077,0.9998534917831421
721,0.00012439376550294325,0.08415987260043967,0.9998533725738525
722,0.00012439376550294325,0.11760225718786242,0.999853253364563
723,0.00012439376550294325,0.1176176436081925,0.9998531341552734
724,0.00012439376550294325,0.11763110672598132,0.9998530149459839
725,0.00012439376550294325,0.1178984457792164,0.9998528957366943
726,0.00012439376550294325,0.11791190889700523,0.9998527765274048
727,0.00012439376550294325,0.1179369118300416,0.9998526573181152
728,0.00012439376550294325,0.11830233931288094,0.9998525381088257
729,0.00012439376550294325,0.11834849857387117,0.9998524188995361
730,0.00012439376550294325,0.11837734811199006,0.9998522996902466
731,0.00012439376550294325,0.11839273453232013,0.999852180480957
732,0.00012439376550294325,0.11840619765010896,0.9998520612716675
733,0.00012439376550294325,0.11914859243103518,0.9998519420623779
734,0.00012439376550294325,0.1191524390361177,0.9998518228530884
735,0.00012439376550294325,0.11919667499456667,0.9998517036437988
736,0.00012439376550294325,0.11920629150727297,0.9998515844345093
737,0.00012439376550294325,0.11943708781222413,0.9998514652252197
738,0.00012439376550294325,0.11966019090701024,0.9998512268066406
739,0.00012439376550294325,0.11968711714258788,0.9998511075973511
740,0.00012439376550294325,0.11976597254677952,0.9998509883880615
741,0.00012439376550294325,0.11978328226965086,0.999850869178772
742,0.00012439376550294325,0.11978520557219212,0.9998507499694824
743,0.00012439376550294325,0.11980443859760471,0.9998506307601929
744,0.00012439376550294325,0.11997176591869431,0.9998505115509033
745,0.00012439376550294325,0.12050259742008197,0.9998503923416138
746,0.00012439376550294325,0.12051798384041205,0.9998502731323242
747,0.00012439376550294325,0.12058337612681487,0.9998501539230347
748,0.00012439376550294325,0.12071800730470306,0.9998500347137451
749,0.00012439376550294325,0.1207872461961884,0.9998496770858765
750,0.00012439376550294325,0.12078916949872966,0.9998495578765869
751,0.00012439376550294325,0.1207968627088947,0.9998494386672974
752,0.00012439376550294325,0.12080263261651848,0.9998490810394287
753,0.00012439376550294325,0.120858408390215,0.9998488426208496
754,0.00012439376550294325,0.12087956471816887,0.9998487234115601
755,0.00012439376550294325,0.1208968744410402,0.9998486042022705
756,0.00012439376550294325,0.12092187737407657,0.999848484992981
757,0.00012439376550294325,0.1209353404918654,0.9998480081558228
758,0.00012439376550294325,0.1209872696604794,0.9998478889465332
759,0.00012439376550294325,0.12099496287064444,0.9998477697372437
760,0.00012439376550294325,0.12100457938335074,0.9998475313186646
761,0.00012439376550294325,0.121006502685892,0.999847412109375
762,0.00012439376550294325,0.12103150561892838,0.9998472929000854
763,0.00012439376550294325,0.12106612506467104,0.9998471736907959
764,0.00012439376550294325,0.12106997166975357,0.9998470544815063
765,0.00012439376550294325,0.1211065144180375,0.9998469352722168
766,0.00012439376550294325,0.12111228432566128,0.9998466968536377
767,0.00012439376550294325,0.12111997753582632,0.999846339225769
768,0.00012439376550294325,0.12112767074599136,0.9998462200164795
769,0.00012439376550294325,0.1211969096374767,0.9998461008071899
770,0.00012439376550294325,0.12125653201625575,0.9998459815979004
771,0.00012439376550294325,0.12126422522642079,0.9998458623886108
772,0.00012439376550294325,0.12130653788232851,0.9998457431793213
773,0.00012439376550294325,0.12132384760519985,0.9998456239700317
774,0.00012439376550294325,0.12133923402552992,0.9998455047607422
775,0.00012439376550294325,0.12158541675081115,0.9998451471328735
776,0.00012439376550294325,0.13267325590117302,0.9998449087142944
777,0.00012439376550294325,0.1326790258087968,0.9998447895050049
778,0.00012439376550294325,0.13270595204437444,0.9998446702957153
779,0.00012439376550294325,0.13272903167486955,0.9998445510864258
780,0.00012439376550294325,0.1327598045155297,0.9998443126678467
781,0.00012439376550294325,0.13349258278374962,0.9998440742492676
782,0.00012439376550294325,0.13375992183698474,0.999843955039978
783,0.00012439376550294325,0.13376376844206725,0.9998438358306885
784,0.00012439376550294325,0.13381954421576378,0.9998434782028198
785,0.00012439376550294325,0.13385224035896517,0.9998433589935303
786,0.00012439376550294325,0.13385608696404772,0.9998430013656616
787,0.00012439376550294325,0.1338618568716715,0.9998428821563721
788,0.00012439376550294325,0.1339945647470184,0.9998427629470825
789,0.00012439376550294325,0.13400225795718343,0.999842643737793
790,0.00012439376550294325,0.13402149098259603,0.9998424053192139
791,0.00012439376550294325,0.13402341428513728,0.9998422861099243
792,0.00012439376550294325,0.1340561104283387,0.9998421669006348
793,0.00012439376550294325,0.13412727262236532,0.9998420476913452
794,0.00012439376550294325,0.1341426590426954,0.9998419284820557
795,0.00012439376550294325,0.13415419885794294,0.9998418092727661
796,0.00012439376550294325,0.13421766784180453,0.9998416900634766
797,0.00012439376550294325,0.1342330542621346,0.999841570854187
798,0.00012439376550294325,0.1342426707748409,0.9998414516448975
799,0.00012439376550294325,0.13425036398500592,0.9998413324356079
800,0.00012883639998519122,0.13455424578652495,0.9998412132263184
801,0.00012883639998519122,0.1346042516525977,0.9998410940170288
802,0.00012883639998519122,0.13463694779579913,0.9998409748077393
803,0.00012883639998519122,0.134665797333918,0.9998408555984497
804,0.00012883639998519122,0.13468887696441315,0.9998407363891602
805,0.00012883639998519122,0.13515431617939797,0.9998406171798706
806,0.00012883639998519122,0.13516585599464553,0.999840497970581
807,0.0001310577172263152,0.13544473486312816,0.9998403787612915
808,0.0001310577172263152,0.1354870475190359,0.999840259552002
809,0.0001310577172263152,0.1355255135698611,0.9998401403427124
810,0.0001310577172263152,0.1355293601749436,0.9998400211334229
811,0.0001310577172263152,0.13554089999019114,0.9998399019241333
812,0.0001310577172263152,0.13556397962068628,0.9998395442962646
813,0.0001310577172263152,0.13565629814266675,0.9998393058776855
814,0.0001310577172263152,0.13566014474774926,0.999839186668396
815,0.0001310577172263152,0.1357005341011157,0.9998390674591064
816,0.0001310577172263152,0.13570630400873948,0.9998387098312378
817,0.0001310577172263152,0.13573130694177588,0.9998383522033691
818,0.0001310577172263152,0.13575438657227099,0.9998377561569214
819,0.0001310577172263152,0.13580246913580246,0.9998372793197632
820,0.0001310577172263152,0.13581208564850877,0.9998370409011841
821,0.0001310577172263152,0.1358159322535913,0.999836802482605
822,0.0001310577172263152,0.1364544686972895,0.9998366832733154
823,0.0001310577172263152,0.1364929347481147,0.9998364448547363
824,0.0001310577172263152,0.13649485805065595,0.9998363256454468
825,0.0001310577172263152,0.13650062795827972,0.9998362064361572
826,0.0001310577172263152,0.13650255126082098,0.9998360872268677
827,0.0001310577172263152,0.13656602024468256,0.999835729598999
828,0.0001310577172263152,0.13666218537174554,0.9998354911804199
829,0.0001310577172263152,0.1366775717920756,0.9998351335525513
830,0.0001310577172263152,0.13673334756577213,0.9998350143432617
831,0.0001310577172263152,0.13730264511798498,0.9998348951339722
832,0.0001310577172263152,0.13730649172306753,0.9998346567153931
833,0.0001310577172263152,0.1373122616306913,0.9998345375061035
834,0.0001310577172263152,0.13735649758914026,0.999834418296814
835,0.0001310577172263152,0.13737957721963537,0.9998342990875244
836,0.0001310577172263152,0.1374411229009557,0.9998341798782349
837,0.0001310577172263152,0.13746997243907458,0.9998340606689453
838,0.0001310577172263152,0.1380315767811224,0.9998339414596558
839,0.0001310577172263152,0.13803350008366366,0.9998338222503662
840,0.0001310577172263152,0.1380469632014525,0.9998337030410767
841,0.0001310577172263152,0.138050809806535,0.9998335838317871
842,0.0001310577172263152,0.13805657971415877,0.9998334646224976
843,0.0001310577172263152,0.13809504576498396,0.999833345413208
844,0.0001310577172263152,0.13812389530310287,0.9998332262039185
845,0.0001310577172263152,0.13813735842089167,0.9998331069946289
846,0.0001310577172263152,0.13819121089204695,0.9998329877853394
847,0.0001310577172263152,0.13852586553422613,0.9998328685760498
848,0.0001310577172263152,0.13852971213930865,0.9998327493667603
849,0.0001310577172263152,0.1385316354418499,0.9998326301574707
850,0.0001310577172263152,0.138850903663699,0.9998325109481812
851,0.0001310577172263152,0.1388701366891116,0.9998323917388916
852,0.0001310577172263152,0.13892014255518437,0.999832272529602
853,0.0001310577172263152,0.138947068790762,0.9998321533203125
854,0.0001310577172263152,0.13894899209330325,0.999832034111023
855,0.0001310577172263152,0.13906823685086134,0.9998319149017334
856,0.0001310577172263152,0.13919325151604323,0.9998316764831543
857,0.0001310577172263152,0.1392278709617859,0.9998315572738647
858,0.0001310577172263152,0.13974523934538474,0.9998314380645752
859,0.0001310577172263152,0.13981063163178759,0.9998311996459961
860,0.0001310577172263152,0.14015874939175557,0.9998310804367065
861,0.0001310577172263152,0.14040685541957806,0.999830961227417
862,0.0001310577172263152,0.1404472447729445,0.9998308420181274
863,0.0001310577172263152,0.1409049907777643,0.9998307228088379
864,0.0001310577172263152,0.14095499664383707,0.9998304843902588
865,0.0001310577172263152,0.14278982726819878,0.9998303651809692
866,0.0001310577172263152,0.14279559717582255,0.9998301267623901
867,0.0001310577172263152,0.14289176230288553,0.9998300075531006
868,0.0001310577172263152,0.14352068223387743,0.999829888343811
869,0.0001310577172263152,0.14356107158724388,0.9998297691345215
870,0.0001310577172263152,0.14360915415077538,0.9998296499252319
871,0.0001310577172263152,0.1436226172685642,0.9998294115066528
872,0.0001310577172263152,0.14362454057110546,0.9998292922973633
873,0.0001310577172263152,0.1473922902494331,0.9998291730880737
874,0.0001310577172263152,0.14739613685451564,0.9998290538787842
875,0.0001310577172263152,0.1475500010578164,0.9998289346694946
876,0.0001310577172263152,0.14784234304408786,0.9998288154602051
877,0.0001310577172263152,0.14787119258220677,0.9998286962509155
878,0.0001310577172263152,0.14791927514573824,0.9998284578323364
879,0.0001310577172263152,0.14792312175082076,0.9998282194137573
880,0.0001310577172263152,0.14793658486860958,0.9998279809951782
881,0.0001310577172263152,0.14847895618524481,0.9998278617858887
882,0.0001310577172263152,0.14862320387583927,0.9998277425765991
883,0.0001310577172263152,0.1486270504809218,0.9998273849487305
884,0.0001310577172263152,0.1486462835063344,0.9998273253440857
885,0.0001310577172263152,0.14865013011141692,0.9998272061347961
886,0.0001310577172263152,0.1486597466241232,0.9998270869255066
887,0.0001310577172263152,0.148665516531747,0.9998268485069275
888,0.0001310577172263152,0.14903479061966884,0.9998266100883484
889,0.0001310577172263152,0.14905210034254018,0.9998263716697693
890,0.0001310577172263152,0.1490847964857416,0.9998262524604797
891,0.0001310577172263152,0.14910595281369546,0.9998261332511902
892,0.0001310577172263152,0.14921173445346472,0.9998260140419006
893,0.0001310577172263152,0.1492694335297025,0.9998257756233215
894,0.0001310577172263152,0.1492944364627389,0.999825656414032
895,0.0001310577172263152,0.14931174618561024,0.9998254179954529
896,0.0001310577172263152,0.14933867242118787,0.9998252987861633
897,0.0001310577172263152,0.1493559821440592,0.9998250603675842
898,0.0001310577172263152,0.14935790544660046,0.9998248219490051
899,0.0001310577172263152,0.14950984634735998,0.9998247027397156
900,0.0001310577172263152,0.14962524449983555,0.999824583530426
901,0.0001310577172263152,0.14963678431508312,0.9998244643211365
902,0.0001310577172263152,0.14965024743287195,0.9998243451118469
903,0.0001310577172263152,0.14965794064303697,0.9998242259025574
904,0.0001310577172263152,0.14982911456920908,0.9998237490653992
905,0.0001310577172263152,0.14985027089716293,0.9998236298561096
906,0.0001310577172263152,0.1498560408047867,0.9998235106468201
907,0.0001310577172263152,0.14985988740986925,0.9998233914375305
908,0.0001310577172263152,0.14990604667085947,0.9998231530189514
909,0.0001310577172263152,0.14991566318356578,0.9998230338096619
910,0.0001310577172263152,0.1499656690496385,0.9998229146003723
911,0.0001310577172263152,0.15005414096653646,0.9998227953910828
912,0.0001310577172263152,0.15011760995039802,0.9998226761817932
913,0.0001310577172263152,0.15011953325293928,0.9998224377632141
914,0.0001310577172263152,0.15014645948851693,0.999822199344635
915,0.0001310577172263152,0.1501522293961407,0.9998219609260559
916,0.0001310577172263152,0.15027916736386385,0.9998218417167664
917,0.0001310577172263152,0.15032724992739532,0.9998217225074768
918,0.0001310577172263152,0.1503387897426429,0.9998216032981873
919,0.0001310577172263152,0.15034648295280792,0.9998213648796082
920,0.0001310577172263152,0.15036379267567926,0.999821126461029
921,0.0001310577172263152,0.1503714858858443,0.99982088804245
922,0.0001310577172263152,0.15041572184429328,0.9998206496238708
923,0.0001310577172263152,0.15048880734086115,0.9998205304145813
924,0.0001310577172263152,0.1504907306434024,0.9998204112052917
925,0.0001310577172263152,0.15054458311455768,0.9998202919960022
926,0.0001310577172263152,0.15081192216779277,0.9998199343681335
927,0.0001310577172263152,0.15081384547033402,0.999819815158844
928,0.0001310577172263152,0.15083115519320536,0.9998196959495544
929,0.0001310577172263152,0.15083500179828788,0.9998195767402649
930,0.0001310577172263152,0.15117542634809084,0.9998193383216858
931,0.0001310577172263152,0.15124081863449365,0.9998192191123962
932,0.0001310577172263152,0.1512446652395762,0.9998189806938171
933,0.0001310577172263152,0.15127159147515382,0.9998188614845276
934,0.0001310577172263152,0.15131390413106152,0.999818742275238
935,0.0001310577172263152,0.15195628717984225,0.9998186230659485
936,0.0001310577172263152,0.15197552020525484,0.9998185038566589
937,0.0001310577172263152,0.1520197561637038,0.9998183846473694
938,0.0001310577172263152,0.1522120864178298,0.9998182654380798
939,0.0001310577172263152,0.15227940200677387,0.9998181462287903
940,0.0001310577172263152,0.15239095355416693,0.9998180270195007
941,0.0001310577172263152,0.1524601924456523,0.9998175501823425
942,0.0001310577172263152,0.15247557886598234,0.9998170733451843
943,0.0001310577172263152,0.15248519537868865,0.9998168349266052
944,0.0001310577172263152,0.15272368489380486,0.9998167157173157
945,0.0001310577172263152,0.15272945480142863,0.9998165965080261
946,0.0001310577172263152,0.15274484122175871,0.9998164772987366
947,0.0001310577172263152,0.15279100048274893,0.9998158812522888
948,0.0001310577172263152,0.152902552030142,0.9998156428337097
949,0.0001310577172263152,0.15291409184538957,0.9998155236244202
950,0.0001310577172263152,0.15291793845047208,0.9998152852058411
951,0.0001310577172263152,0.15292947826571962,0.999815046787262
952,0.0001310577172263152,0.15293524817334342,0.9998149275779724
953,0.0001310577172263152,0.1529929472495812,0.9998148083686829
954,0.0001310577172263152,0.15306218614106654,0.9998146891593933
955,0.0001310577172263152,0.15308718907410293,0.9998145699501038
956,0.0001310577172263152,0.15309103567918544,0.9998143315315247
957,0.0001310577172263152,0.15310065219189173,0.9998142123222351
958,0.0001310577172263152,0.15312565512492812,0.999813973903656
959,0.0001310577172263152,0.15312757842746938,0.9998138546943665
960,0.0001310577172263152,0.15315642796558826,0.9998137354850769
961,0.0001310577172263152,0.15315835126812952,0.9998136162757874
962,0.0001310577172263152,0.15316412117575331,0.9998134970664978
963,0.0001310577172263152,0.15322374355453236,0.9998133778572083
964,0.0001310577172263152,0.15326797951298132,0.999812662601471
965,0.0001310577172263152,0.15326990281552258,0.9998125433921814
966,0.0001310577172263152,0.15331990868159534,0.9998123049736023
967,0.0001310577172263152,0.1533314484968429,0.9998119473457336
968,0.0001310577172263152,0.1533602980349618,0.9998118281364441
969,0.0001310577172263152,0.15339491748070447,0.9998117089271545
970,0.0001310577172263152,0.15340068738832824,0.999811589717865
971,0.0001310577172263152,0.15341992041374083,0.9998113512992859
972,0.0001310577172263152,0.15342376701882335,0.9998112320899963
973,0.0001310577172263152,0.15342953692644715,0.9998109936714172
974,0.0001310577172263152,0.15344492334677723,0.9998108744621277
975,0.0001310577172263152,0.15344684664931849,0.9998107552528381
976,0.0001310577172263152,0.153450693254401,0.9998101592063904
977,0.0001310577172263152,0.15345646316202477,0.9998099207878113
978,0.0001310577172263152,0.15348338939760242,0.9998098015785217
979,0.0001310577172263152,0.15348531270014368,0.9998095631599426
980,0.0001310577172263152,0.1534891593052262,0.9998094439506531
981,0.0001310577172263152,0.15351608554080381,0.999809205532074
982,0.0001310577172263152,0.15352762535605138,0.9998089671134949
983,0.0001310577172263152,0.15353339526367515,0.9998086094856262
984,0.0001310577172263152,0.15353724186875767,0.9998083710670471
985,0.0001310577172263152,0.15358340112974792,0.9998080134391785
986,0.0001310577172263152,0.15361994387803185,0.9998076558113098
987,0.0001310577172263152,0.15362571378565562,0.9998075366020203
988,0.0001310577172263152,0.1536411002059857,0.9998074173927307
989,0.0001310577172263152,0.15371226240001232,0.9998072981834412
990,0.0001310577172263152,0.15372572551780112,0.999806821346283
991,0.0001310577172263152,0.1537276488203424,0.9998067021369934
992,0.0001310577172263152,0.15376803817370885,0.9998064637184143
993,0.0001310577172263152,0.15385266348552426,0.9998062252998352
994,0.0001310577172263152,0.15386612660331309,0.9998061060905457
995,0.0001310577172263152,0.1539180557719271,0.9998058676719666
996,0.0001310577172263152,0.15391997907446836,0.9998056292533875
997,0.0001310577172263152,0.15394498200750473,0.9998053908348083
998,0.0001310577172263152,0.1539507519151285,0.9998052716255188
999,0.0001310577172263152,0.15408730639555793,0.9998051524162292
1000,0.0001310577172263152,0.15418154822007965,0.9998049139976501
1001,0.0001310577172263152,0.15418347152262094,0.9998043179512024
1002,0.0001310577172263152,0.15418731812770345,0.9998038411140442
1003,0.0001310577172263152,0.15437772507928815,0.9998037219047546
1004,0.0001310577172263152,0.15438349498691192,0.9998032450675964
1005,0.0001310577172263152,0.15438541828945318,0.9998031258583069
1006,0.0001310577172263152,0.15439695810470075,0.9998025298118591
1007,0.0001310577172263152,0.15440465131486578,0.9998024106025696
1008,0.0001310577172263152,0.1544084979199483,0.99980229139328
1009,0.0001310577172263152,0.15441042122248957,0.9998021721839905
1010,0.0001310577172263152,0.1544142678275721,0.9998020529747009
1011,0.0001310577172263152,0.15443350085298468,0.9998018145561218
1012,0.0001310577172263152,0.15475469237737505,0.9998014569282532
1013,0.0001310577172263152,0.1547566156799163,0.9998013377189636
1014,0.0001310577172263152,0.1547796953104114,0.9998012185096741
1015,0.0001310577172263152,0.154798928335824,0.9998010993003845
1016,0.0001310577172263152,0.15487201383239188,0.9998006224632263
1017,0.0001310577172263152,0.15488163034509816,0.9998000264167786
1018,0.0001310577172263152,0.15497779547216115,0.999799907207489
1019,0.00013179815630668987,0.15509127032209546,0.9997997879981995
1020,0.00013179815630668987,0.15510281013734303,0.9997996687889099
1021,0.00013179815630668987,0.15511242665004935,0.9997995495796204
1022,0.00013179815630668987,0.15511627325513186,0.9997990727424622
1023,0.00013179815630668987,0.15512011986021437,0.9997987151145935
1024,0.00013179815630668987,0.1551335829780032,0.9997983574867249
1025,0.00013179815630668987,0.15514512279325074,0.999797523021698
1026,0.00013179815630668987,0.15514896939833325,0.9997974038124084
1027,0.00013179815630668987,0.1551528160034158,0.9997969269752502
1028,0.00013179815630668987,0.1551758956339109,0.9997968077659607
1029,0.00013179815630668987,0.15518358884407593,0.9997962117195129
1030,0.00013179815630668987,0.15521628498727735,0.9997960925102234
1031,0.00013179815630668987,0.15524321122285498,0.9997954964637756
1032,0.00013179815630668987,0.15524898113047877,0.9997949004173279
1033,0.00013179815630668987,0.15525090443302003,0.9997947812080383
1034,0.00013179815630668987,0.15526244424826757,0.9997946619987488
1035,0.00013179815630668987,0.15530860350925782,0.9997941851615906
1036,0.00013179815630668987,0.15531245011434033,0.9997935891151428
1037,0.00013179815630668987,0.15532975983721167,0.9997933506965637
1038,0.00013179815630668987,0.15535091616516553,0.9997932314872742
1039,0.00013179815630668987,0.1553759190982019,0.999792754650116
1040,0.00013179815630668987,0.15537976570328443,0.9997926354408264
1041,0.00013179815630668987,0.1553816890058257,0.9997923970222473
1042,0.00013179815630668987,0.1554047686363208,0.9997921586036682
1043,0.00013179815630668987,0.15540669193886206,0.9997919201850891
1044,0.00013179815630668987,0.15543938808206348,0.9997918009757996
1045,0.00013179815630668987,0.1555278599989614,0.99979168176651
1046,0.00013179815630668987,0.15556440274724534,0.9997913241386414
1047,0.00013179815630668987,0.15557401925995165,0.9997912049293518
1048,0.00013179815630668987,0.15557786586503417,0.9997909665107727
1049,0.00013179815630668987,0.15557978916757542,0.9997908473014832
1050,0.00013179815630668987,0.1556240251260244,0.999790608882904
1051,0.00013179815630668987,0.15563171833618944,0.9997904896736145
1052,0.00013179815630668987,0.15564518145397827,0.999790370464325
1053,0.00013179815630668987,0.1556567212692258,0.9997902512550354
1054,0.00013179815630668987,0.15577596602678392,0.9997896552085876
1055,0.00013179815630668987,0.15577981263186644,0.9997894167900085
1056,0.00013179815630668987,0.15579519905219652,0.999789297580719
1057,0.00013253859538706452,0.15583174180048043,0.9997889399528503
1058,0.00013253859538706452,0.1558528981284343,0.9997885823249817
1059,0.00013253859538706452,0.15638949953744574,0.9997879862785339
1060,0.00013253859538706452,0.15646450833655487,0.9997878670692444
1061,0.00013253859538706452,0.15648374136196747,0.9997877478599548
1062,0.00013253859538706452,0.15649335787467375,0.9997875094413757
1063,0.00013253859538706452,0.156495281177215,0.9997872710227966
1064,0.00013253859538706452,0.15651259090008635,0.9997871518135071
1065,0.00013253859538706452,0.15652797732041643,0.9997870326042175
1066,0.00013253859538706452,0.15658759969919547,0.999786913394928
1067,0.00013253859538706452,0.15659913951444304,0.9997866749763489
1068,0.00013253859538706452,0.15667607161609343,0.9997865557670593
1069,0.00013253859538706452,0.15668568812879974,0.9997861981391907
1070,0.00013253859538706452,0.156687611431341,0.9997860789299011
1071,0.00013253859538706452,0.15675685032282632,0.9997859597206116
1072,0.00013253859538706452,0.15677416004569766,0.999785840511322
1073,0.00013253859538706452,0.15680300958381657,0.9997857213020325
1074,0.00013253859538706452,0.15680685618889909,0.9997854828834534
1075,0.00013253859538706452,0.15682608921431168,0.9997853636741638
1076,0.00013253859538706452,0.15683762902955925,0.9997851252555847
1077,0.00013253859538706452,0.15699341653540128,0.9997850060462952
1078,0.00013253859538706452,0.1570299592836852,0.9997847676277161
1079,0.00013253859538706452,0.15703380588876772,0.9997846484184265
1080,0.00013253859538706452,0.15705688551926283,0.999784529209137
1081,0.00013253859538706452,0.15706073212434535,0.9997842907905579
1082,0.00013253859538706452,0.15706650203196915,0.9997840523719788
1083,0.00013253859538706452,0.1570684253345104,0.9997836947441101
1084,0.00013253859538706452,0.1570818884522992,0.999783456325531
1085,0.00013253859538706452,0.1571068913853356,0.9997832179069519
1086,0.00013253859538706452,0.15710881468787685,0.9997830986976624
1087,0.00013253859538706452,0.15712420110820693,0.9997828602790833
1088,0.00013253859538706452,0.1571299710158307,0.9997826218605042
1089,0.0001332790344674392,0.15715882055394959,0.999782145023346
1090,0.0001332790344674392,0.15718959339460975,0.9997820258140564
1091,0.0001332790344674392,0.1572684487988014,0.9997819066047668
1092,0.0001332790344674392,0.15731845466487415,0.9997817873954773
1093,0.0001332790344674392,0.15732807117758044,0.9997816681861877
1094,0.0001332790344674392,0.15733191778266298,0.9997815489768982
1095,0.0001332790344674392,0.15734730420299303,0.9997814297676086
1096,0.0001332790344674392,0.15737423043857068,0.9997813105583191
1097,0.0001332790344674392,0.15737615374111194,0.99978107213974
1098,0.0001332790344674392,0.15739923337160705,0.9997809529304504
1099,0.0001332790344674392,0.15744154602751476,0.9997805953025818
1100,0.0001332790344674392,0.157443469330056,0.9997804760932922
1101,0.0001332790344674392,0.15745500914530358,0.9997795224189758
1102,0.0001332790344674392,0.15745693244784484,0.9997791647911072
1103,0.0001332790344674392,0.1574646256580099,0.9997789263725281
1104,0.00013401947354781384,0.1574684722630924,0.999778687953949
1105,0.00013401947354781384,0.15747039556563366,0.9997783303260803
1106,0.00013401947354781384,0.1580550795381766,0.9997780919075012
1107,0.00013401947354781384,0.15809931549662556,0.9997779726982117
1108,0.00013401947354781384,0.15822433016180745,0.9997778534889221
1109,0.00013401947354781384,0.1582262534643487,0.9997774958610535
1110,0.00013401947354781384,0.15823394667451374,0.9997773766517639
1111,0.00013401947354781384,0.15823779327959625,0.9997772574424744
1112,0.00013401947354781384,0.15824356318722005,0.9997771382331848
1113,0.00013401947354781384,0.15835703803715437,0.9997770190238953
1114,0.00013401947354781384,0.15837819436510822,0.9997767806053162
1115,0.00013401947354781384,0.158383964272732,0.9997765421867371
1116,0.00013401947354781384,0.1584320468362635,0.9997761845588684
1117,0.00013401947354781384,0.15843974004642852,0.9997760653495789
1118,0.00013401947354781384,0.15848012939979497,0.9997759461402893
1119,0.00013401947354781384,0.15848205270233623,0.9997755885124207
1120,0.00013401947354781384,0.15848589930741874,0.9997754693031311
1121,0.00013401947354781384,0.15852628866078522,0.9997753500938416
1122,0.00013401947354781384,0.1585359051734915,0.9997749924659729
1123,0.00013401947354781384,0.15854359838365653,0.9997748732566833
1124,0.00013550035170856317,0.15878208789877274,0.9997746348381042
1125,0.00013550035170856317,0.15895903173256862,0.9997743964195251
1126,0.00013550035170856317,0.1589705715478162,0.9997742772102356
1127,0.00013550035170856317,0.1589801880605225,0.9997740387916565
1128,0.00013550035170856317,0.15902057741388895,0.9997739195823669
1129,0.00013550035170856317,0.1590321172291365,0.9997738003730774
1130,0.00013550035170856317,0.15905135025454908,0.9997734427452087
1131,0.00013550035170856317,0.15906865997742042,0.9997733235359192
1132,0.00013550035170856317,0.15909750951553933,0.9997730851173401
1133,0.00013550035170856317,0.1590994328180806,0.9997729659080505
1134,0.00013550035170856317,0.15916867170956592,0.999772846698761
1135,0.00013550035170856317,0.15924368050867505,0.9997727274894714
1136,0.00013550035170856317,0.1592456038112163,0.9997726082801819
1137,0.00013550035170856317,0.15926483683662893,0.9997724890708923
1138,0.00013550035170856317,0.15963411092455077,0.9997723698616028
1139,0.00013550035170856317,0.15964372743725705,0.9997722506523132
1140,0.00013550035170856317,0.1596475740423396,0.9997720122337341
1141,0.00013550035170856317,0.15965719055504587,0.999771773815155
1142,0.00013550035170856317,0.15968411679062353,0.9997716546058655
1143,0.00013550035170856317,0.1596937333033298,0.9997711777687073
1144,0.00013550035170856317,0.15969565660587107,0.9997710585594177
1145,0.00013550035170856317,0.1597091197236599,0.9997709393501282
1146,0.00013550035170856317,0.15978412852276902,0.9997702240943909
1147,0.00013550035170856317,0.1597898984303928,0.9997701048851013
1148,0.00013550035170856317,0.15981490136342918,0.9997699856758118
1149,0.00013550035170856317,0.1598187479685117,0.9997698664665222
1150,0.00013550035170856317,0.15982836448121798,0.9997697472572327
1151,0.00013550035170856317,0.1598322110863005,0.9997696280479431
1152,0.00013550035170856317,0.15989568007016208,0.9997692704200745
1153,0.00013550035170856317,0.15991106649049217,0.9997691512107849
1154,0.00013550035170856317,0.15991683639811594,0.9997686743736267
1155,0.00013550035170856317,0.16026495415808392,0.9997685551643372
1156,0.00013550035170856317,0.16026880076316644,0.9997684359550476
1157,0.00013550035170856317,0.16031496002415668,0.9997678399085999
1158,0.00013550035170856317,0.1603188066292392,0.9997673630714417
1159,0.00013550035170856317,0.16039766203343084,0.9997671246528625
1160,0.00013550035170856317,0.16079386235693033,0.999767005443573
1161,0.00013550035170856317,0.16084002161792058,0.9997668862342834
1162,0.00013550035170856317,0.16085348473570937,0.9997667670249939
1163,0.00013550035170856317,0.16085540803825063,0.9997664093971252
1164,0.00013550035170856317,0.16104389168729408,0.9997662901878357
1165,0.00013550035170856317,0.1610535082000004,0.9997661709785461
1166,0.00013550035170856317,0.1611342869067333,0.9997660517692566
1167,0.00013550035170856317,0.16114198011689834,0.9997658133506775
1168,0.00013550035170856317,0.16121891221854873,0.9997656941413879
1169,0.0001369812298693125,0.16166511840812095,0.9997655749320984
1170,0.0001369812298693125,0.16173628060214756,0.9997654557228088
1171,0.0001369812298693125,0.16174012720723008,0.9997653365135193
1172,0.0001369812298693125,0.1617478204173951,0.9997649788856506
1173,0.0001369812298693125,0.1617497437199364,0.9997642636299133
1174,0.0001369812298693125,0.16242289960937725,0.9997641444206238
1175,0.00013772166894968717,0.16249790840848638,0.9997637867927551
1176,0.00013772166894968717,0.1625075249211927,0.9997636675834656
1177,0.00013772166894968717,0.1625267579466053,0.999763548374176
1178,0.00013772166894968717,0.16253445115677032,0.9997633099555969
1179,0.00013772166894968717,0.16253637445931157,0.9997628331184387
1180,0.00013772166894968717,0.1625498375771004,0.9997627139091492
1181,0.00013772166894968717,0.16255176087964165,0.9997621178627014
1182,0.00013772166894968717,0.1631114419191482,0.9997618794441223
1183,0.00013772166894968717,0.1631210584318545,0.9997617602348328
1184,0.00013772166894968717,0.1631499079699734,0.9997616410255432
1185,0.00013772166894968717,0.16315375457505593,0.9997615218162537
1186,0.00013772166894968717,0.16316144778522096,0.999761164188385
1187,0.00013772166894968717,0.16316337108776222,0.9997609257698059
1188,0.00013772166894968717,0.16316721769284473,0.9997608065605164
1189,0.00013772166894968717,0.16321145365129372,0.9997606873512268
1190,0.00013772166894968717,0.16322299346654126,0.9997604489326477
1191,0.00013772166894968717,0.16325568960974268,0.9997603297233582
1192,0.00013772166894968717,0.16325761291228394,0.9997602105140686
1193,0.00013772166894968717,0.1632633828199077,0.999760091304779
1194,0.00013772166894968717,0.16326530612244897,0.9997599720954895
1195,0.00013772166894968717,0.16339801399779588,0.9997598528862
1196,0.00013772166894968717,0.16345763637657496,0.9997597336769104
1197,0.00013772166894968717,0.1634595596791162,0.9997593760490417
1198,0.00013772166894968717,0.16358457434429807,0.9997592568397522
1199,0.00013772166894968717,0.1635980374620869,0.9997590184211731
1200,0.00013772166894968717,0.1636076539747932,0.9997588992118835
1201,0.00013772166894968717,0.16367304626119603,0.999758780002594
1202,0.00013772166894968717,0.16369420258914988,0.9997586607933044
1203,0.00013772166894968717,0.16371151231202122,0.9997585415840149
1204,0.00013772166894968717,0.1638461434899094,0.9997584223747253
1205,0.00013772166894968717,0.1638692231204045,0.9997583031654358
1206,0.00013772166894968717,0.16387306972548704,0.9997581839561462
1207,0.00013772166894968717,0.16388076293565207,0.9997580647468567
1208,0.00013772166894968717,0.1646904733055224,0.9997578263282776
1209,0.00013772166894968717,0.16470008981822867,0.999757707118988
1210,0.00013772166894968717,0.16473086265888884,0.9997571110725403
1211,0.00013772166894968717,0.16486741713931827,0.9997567534446716
1212,0.00013772166894968717,0.16500974152737147,0.9997566342353821
1213,0.00013772166894968717,0.16511552316714076,0.9997565150260925
1214,0.00013772166894968717,0.16512706298238833,0.999756395816803
1215,0.00013772166894968717,0.16512898628492959,0.9997562766075134
1216,0.00013772166894968717,0.16526938737044153,0.9997559189796448
1217,0.00013772166894968717,0.16530785342126672,0.9997557997703552
1218,0.00013772166894968717,0.16533862626192689,0.9997554421424866
1219,0.00013772166894968717,0.16534824277463317,0.999755322933197
1220,0.00013772166894968717,0.16538863212799962,0.9997552037239075
1221,0.00013772166894968717,0.16543671469153112,0.9997550845146179
1222,0.00013772166894968717,0.16564058476090465,0.9997548460960388
1223,0.00013772166894968717,0.16564635466852842,0.9997547268867493
1224,0.00013772166894968717,0.16568289741681236,0.9997546076774597
1225,0.00013772166894968717,0.16610794727843073,0.9997544884681702
1226,0.00013772166894968717,0.1661194870936783,0.9997543692588806
1227,0.00013846210803006181,0.16623103864107136,0.9997542500495911
1228,0.00013846210803006181,0.16623296194361262,0.9997541308403015
1229,0.00013846210803006181,0.1662810445071441,0.999754011631012
1230,0.00013846210803006181,0.16628296780968538,0.9997538924217224
1231,0.00013846210803006181,0.16630220083509797,0.9997537732124329
1232,0.00013846210803006181,0.16630412413763923,0.9997536540031433
1233,0.00013846210803006181,0.16638297954183087,0.9997535347938538
1234,0.00013846210803006181,0.1664002892647022,0.9997534155845642
1235,0.00013846210803006181,0.16640221256724347,0.9997532963752747
1236,0.00013846210803006181,0.16665031859506596,0.9997531771659851
1237,0.00013846210803006181,0.16668493804080864,0.9997530579566956
1238,0.00013846210803006181,0.16669263125097367,0.999752938747406
1239,0.00013846210803006181,0.16674071381450517,0.9997528195381165
1240,0.00014142386435156046,0.16698881984232766,0.9997524619102478
1241,0.00014142386435156046,0.16704651891856545,0.9997523427009583
1242,0.00014142386435156046,0.1671253743227571,0.9997521042823792
1243,0.00014142386435156046,0.16722730935744384,0.9997519850730896
1244,0.00014142386435156046,0.16726385210572778,0.9997518658638
1245,0.00014142386435156046,0.16726962201335158,0.9997517466545105
1246,0.00014142386435156046,0.1672965482489292,0.9997515082359314
1247,0.00014142386435156046,0.1673157812743418,0.9997512698173523
1248,0.00014142386435156046,0.16737540365312084,0.9997510313987732
1249,0.00014142386435156046,0.16812741494675337,0.9997507929801941
1250,0.00014142386435156046,0.16814664797216597,0.9997506737709045
1251,0.00014142386435156046,0.16815049457724848,0.999750554561615
1252,0.00014142386435156046,0.16821396356111004,0.9997504353523254
1253,0.00014142386435156046,0.16821588686365133,0.9997503161430359
1254,0.00014142386435156046,0.16823896649414644,0.9997501969337463
1255,0.00014142386435156046,0.1682928189653017,0.9997500777244568
1256,0.00014142386435156046,0.16830051217546674,0.9997498393058777
1257,0.00014142386435156046,0.16831012868817302,0.9997497200965881
1258,0.00014142386435156046,0.16842552684064863,0.9997496008872986
1259,0.00014142386435156046,0.16843898995843742,0.9997493624687195
1260,0.00014142386435156046,0.1684736094041801,0.9997492432594299
1261,0.00014216430343193514,0.16854284829566546,0.9997491240501404
1262,0.00014216430343193514,0.1685505415058305,0.9997490048408508
1263,0.00014216430343193514,0.1685736211363256,0.9997485280036926
1264,0.00014216430343193514,0.16857746774140814,0.9997484087944031
1265,0.00014216430343193514,0.16871017561675505,0.999748170375824
1266,0.00014216430343193514,0.16873902515487393,0.9997479319572449
1267,0.00014216430343193514,0.1687505649701215,0.9997478127479553
1268,0.00014216430343193514,0.16897751466999014,0.9997475743293762
1269,0.00014216430343193514,0.16910445263771326,0.9997474551200867
1270,0.00014216430343193514,0.16911022254533706,0.9997473359107971
1271,0.00014216430343193514,0.1691313788732909,0.9997472167015076
1272,0.00014216430343193514,0.16914868859616225,0.999747097492218
1273,0.00014216430343193514,0.16924485372322523,0.9997467398643494
1274,0.00014216430343193514,0.1698372309059332,0.9997465014457703
1275,0.00014216430343193514,0.16983915420847445,0.9997463822364807
1276,0.00014216430343193514,0.17000263492448153,0.9997462630271912
1277,0.00014216430343193514,0.1700314844626004,0.9997460246086121
1278,0.00014216430343193514,0.17003340776514167,0.9997459053993225
1279,0.00014216430343193514,0.17047384404709015,0.9997456669807434
1280,0.00014216430343193514,0.1704892304674202,0.9997453093528748
1281,0.00014216430343193514,0.17052000330808037,0.9997451901435852
1282,0.00014216430343193514,0.1705276965182454,0.9997449517250061
1283,0.00014216430343193514,0.17053923633349297,0.9997448325157166
1284,0.00014216430343193514,0.17058347229194193,0.999744713306427
1285,0.00014216430343193514,0.17058731889702447,0.9997445940971375
1286,0.00014216430343193514,0.17058924219956573,0.9997444748878479
1287,0.00014216430343193514,0.17060078201481327,0.9997443556785583
1288,0.00014216430343193514,0.1706815607215462,0.9997442364692688
1289,0.00014216430343193514,0.17072002677237139,0.9997441172599792
1290,0.00014216430343193514,0.17081234529435183,0.9997437596321106
1291,0.00014216430343193514,0.17090081721124978,0.999743640422821
1292,0.00014216430343193514,0.17090274051379103,0.9997435212135315
1293,0.00014216430343193514,0.1709142803290386,0.9997432827949524
1294,0.00014216430343193514,0.17118354268481495,0.9997431635856628
1295,0.00014216430343193514,0.17120277571022754,0.9997429251670837
1296,0.00014216430343193514,0.17126047478646533,0.9997428059577942
1297,0.00014216430343193514,0.17128355441696044,0.9997425675392151
1298,0.0001429047425123098,0.17175668684211032,0.9997424483299255
1299,0.0001429047425123098,0.17189901123016355,0.999742329120636
1300,0.0001429047425123098,0.17190862774286983,0.9997422099113464
1301,0.0001429047425123098,0.17192209086065866,0.9997420907020569
1302,0.0001429047425123098,0.17193940058353,0.9997419714927673
1303,0.0001429047425123098,0.17194132388607125,0.9997418522834778
1304,0.0001429047425123098,0.17195478700386008,0.9997417330741882
1305,0.0001429047425123098,0.1719778666343552,0.9997414946556091
1306,0.0001429047425123098,0.1720047928699328,0.9997413754463196
1307,0.0001429047425123098,0.17200863947501535,0.9997410178184509
1308,0.0001429047425123098,0.17202210259280415,0.9997407793998718
1309,0.0001429047425123098,0.1722586688053791,0.9997406601905823
1310,0.0001429047425123098,0.1722721319231679,0.9997405409812927
1311,0.0001429047425123098,0.1728202731474269,0.9997403025627136
1312,0.0001429047425123098,0.1728587391982521,0.9997401833534241
1313,0.0001429047425123098,0.1728645091058759,0.9997400641441345
1314,0.0001429047425123098,0.17286643240841715,0.9997398257255554
1315,0.0001429047425123098,0.17287220231604092,0.9997397065162659
1316,0.0001429047425123098,0.17287604892112343,0.9997395873069763
1317,0.0001429047425123098,0.17288181882874723,0.9997394680976868
1318,0.0001429047425123098,0.17318570063026625,0.9997393488883972
1319,0.0001429047425123098,0.1732030103531376,0.9997392296791077
1320,0.0001429047425123098,0.1732068569582201,0.9997391104698181
1321,0.0001429047425123098,0.1732260899836327,0.999738872051239
1322,0.0001429047425123098,0.1732395531014215,0.9997387528419495
1323,0.0001429047425123098,0.17325686282429284,0.9997382760047913
1324,0.0001429047425123098,0.17326263273191664,0.9997381567955017
1325,0.0001429047425123098,0.17327417254716418,0.9997376799583435
1326,0.0001429047425123098,0.1733491813462733,0.999737560749054
1327,0.0001429047425123098,0.17337033767422716,0.9997374415397644
1328,0.0001429047425123098,0.17338572409455724,0.9997373223304749
1329,0.0001429047425123098,0.17340495711996984,0.9997372031211853
1330,0.0001429047425123098,0.17346457949874888,0.9997369647026062
1331,0.0001429047425123098,0.17347611931399645,0.9997367262840271
1332,0.0001429047425123098,0.17348188922162022,0.9997366070747375
1333,0.0001429047425123098,0.17359344076901329,0.999736487865448
1334,0.0001429047425123098,0.174783965042053,0.9997363686561584
1335,0.0001429047425123098,0.17481666118525443,0.9997362494468689
1336,0.0001429047425123098,0.174880130169116,0.9997361302375793
1337,0.0001429047425123098,0.1753224897536057,0.9997357726097107
1338,0.0001429047425123098,0.175428271393375,0.9997356534004211
1339,0.0001429047425123098,0.1755090501001079,0.9997355341911316
1340,0.0001429047425123098,0.1755128967051904,0.9997352957725525
1341,0.0001429047425123098,0.17553597633568555,0.9997350573539734
1342,0.0001429047425123098,0.17554943945347434,0.9997349381446838
1343,0.0001429047425123098,0.17570522695931637,0.9997346997261047
1344,0.0001429047425123098,0.17572638328727025,0.9997344613075256
1345,0.0001429047425123098,0.1757610027330129,0.9997343420982361
1346,0.0001429047425123098,0.1758187018092507,0.9997342228889465
1347,0.0001429047425123098,0.17582639501941574,0.999734103679657
1348,0.0001429047425123098,0.17584178143974583,0.9997338652610779
1349,0.0001429047425123098,0.17587447758294722,0.9997337460517883
1350,0.0001429047425123098,0.17588409409565353,0.9997336268424988
1351,0.0001429047425123098,0.17594563977697383,0.9997333884239197
1352,0.0001429047425123098,0.17596294949984517,0.9997332692146301
1353,0.0001429047425123098,0.17605334471928438,0.9997331500053406
1354,0.0001429047425123098,0.17634184010047332,0.999733030796051
1355,0.0001429047425123098,0.1763726129411335,0.9997327923774719
1356,0.0001429047425123098,0.17641107899195868,0.9997326731681824
1357,0.0001429047425123098,0.17666880153248746,0.9997325539588928
1358,0.0001429047425123098,0.17667072483502871,0.9997324347496033
1359,0.0001429047425123098,0.17668418795281754,0.9997323155403137
1360,0.0001429047425123098,0.17671303749093645,0.9997321963310242
1361,0.0001429047425123098,0.17672265400364273,0.9997320771217346
1362,0.0001429047425123098,0.17687074829931973,0.9997319579124451
1363,0.0001429047425123098,0.17688998132473233,0.9997318387031555
1364,0.0001429047425123098,0.17693037067809878,0.999731719493866
1365,0.0001429047425123098,0.1769669134263827,0.9997316002845764
1366,0.0001429047425123098,0.1770015328721254,0.9997314810752869
1367,0.0001429047425123098,0.17706115525090443,0.9997313618659973
1368,0.0001429047425123098,0.1770957746966471,0.9997311234474182
1369,0.0001429047425123098,0.17709962130172963,0.9997308850288391
1370,0.0001429047425123098,0.17721309615166395,0.9997307658195496
1371,0.0001429047425123098,0.17722848257199403,0.99973064661026
1372,0.0001429047425123098,0.17728041174060805,0.9997305274009705
1373,0.0001429047425123098,0.17729387485839684,0.9997304081916809
1374,0.0001429047425123098,0.17733618751430455,0.9997300505638123
1375,0.0001429047425123098,0.17740350310324865,0.9997299313545227
1376,0.0001429047425123098,0.1774054264057899,0.9997298121452332
1377,0.0001429047425123098,0.17749582162522912,0.9997296929359436
1378,0.0001443856206730591,0.17751697795318297,0.999729573726654
1379,0.0001443856206730591,0.17755736730654942,0.9997294545173645
1380,0.0001443856206730591,0.17755929060909068,0.9997290968894958
1381,0.0001443856206730591,0.17759775665991587,0.9997289776802063
1382,0.0001443856206730591,0.17765545573615366,0.9997283816337585
1383,0.0001443856206730591,0.17784201608265585,0.999728262424469
1384,0.0001443856206730591,0.1779074083690587,0.9997281432151794
1385,0.0001443856206730591,0.17790933167159995,0.9997280240058899
1386,0.0001443856206730591,0.17791702488176497,0.9997277855873108
1387,0.0001443856206730591,0.1779208714868475,0.9997276663780212
1388,0.0001443856206730591,0.1779304879995538,0.9997275471687317
1389,0.0001443856206730591,0.178117048346056,0.9997274279594421
1390,0.0001443856206730591,0.17815551439688118,0.999727189540863
1391,0.0001443856206730591,0.17817090081721124,0.9997269511222839
1392,0.0001443856206730591,0.17820552026295391,0.9997267127037048
1393,0.0001443856206730591,0.1782112901705777,0.9997265934944153
1394,0.0001443856206730591,0.17835938446625468,0.9997264742851257
1395,0.0001443856206730591,0.17836130776879597,0.9997263550758362
1396,0.0001443856206730591,0.1783728475840435,0.9997261166572571
1397,0.0001443856206730591,0.17837669418912602,0.9997257590293884
1398,0.0001443856206730591,0.17841708354249247,0.9997255206108093
1399,0.0001443856206730591,0.17844400977807012,0.9997250437736511
1400,0.0001443856206730591,0.17846324280348272,0.9997249245643616
1401,0.0001443856206730591,0.1784747826187303,0.9997246861457825
1402,0.0001443856206730591,0.17849978555176665,0.9997245669364929
1403,0.0001443856206730591,0.1785017088543079,0.9997243285179138
1404,0.0001443856206730591,0.17927102987081175,0.9997240900993347
1405,0.0001443856206730591,0.17927679977843555,0.9997239708900452
1406,0.0001443856206730591,0.17929218619876564,0.9997237324714661
1407,0.0001443856206730591,0.17932103573688452,0.9997236132621765
1408,0.0001443856206730591,0.17939604453599364,0.999723494052887
1409,0.0001443856206730591,0.1793979678385349,0.9997232556343079
1410,0.0001443856206730591,0.17941527756140624,0.9997230172157288
1411,0.0001443856206730591,0.1794268173766538,0.9997228980064392
1412,0.0001443856206730591,0.1794364338893601,0.999722421169281
1413,0.0001443856206730591,0.1794422037969839,0.9997221827507019
1414,0.0001443856206730591,0.17944989700714892,0.9997220635414124
1415,0.0001443856206730591,0.1794556669147727,0.9997219443321228
1416,0.0001443856206730591,0.1794787465452678,0.9997214674949646
1417,0.0001443856206730591,0.17948066984780908,0.9997212290763855
1418,0.0001443856206730591,0.17951144268846922,0.9997209906578064
1419,0.0001443856206730591,0.179517212596093,0.9997208714485168
1420,0.0001443856206730591,0.17952105920117553,0.9997207522392273
1421,0.0001443856206730591,0.17957875827741332,0.9997206330299377
1422,0.0001443856206730591,0.17958068157995458,0.9997205138206482
1423,0.0001443856206730591,0.1796326107485686,0.9997203946113586
1424,0.0001443856206730591,0.17964415056381614,0.9997202754020691
1425,0.0001443856206730591,0.1796499204714399,0.9997201561927795
1426,0.0001443856206730591,0.1796710767993938,0.99972003698349
1427,0.0001443856206730591,0.17967300010193504,0.9997199177742004
1428,0.0001443856206730591,0.17971915936292526,0.9997197985649109
1429,0.0001443856206730591,0.17975762541375045,0.9997195601463318
1430,0.0001443856206730591,0.1801557490397912,0.9997194409370422
1431,0.0001443856206730591,0.18015959564487372,0.9997193217277527
1432,0.0001443856206730591,0.18016728885503877,0.9997192025184631
1433,0.0001443856206730591,0.1801788286702863,0.9997190833091736
1434,0.0001443856206730591,0.1805423328505844,0.9997187256813049
1435,0.0001443856206730591,0.18059233871665714,0.9997184872627258
1436,0.0001443856206730591,0.1805942620191984,0.9997183680534363
1437,0.0001443856206730591,0.18060195522936345,0.9997180104255676
1438,0.0001443856206730591,0.1806519610954362,0.9997178912162781
1439,0.0001443856206730591,0.18065773100305998,0.9997177720069885
1440,0.0001443856206730591,0.18065965430560124,0.999717652797699
1441,0.0001443856206730591,0.18066350091068376,0.9997175335884094
1442,0.0001443856206730591,0.18068850384372012,0.9997174143791199
1443,0.0001443856206730591,0.18088083409784608,0.9997172951698303
1444,0.0001443856206730591,0.18089814382071742,0.9997170567512512
1445,0.0001443856206730591,0.18090006712325868,0.9997169375419617
1446,0.0001443856206730591,0.18090776033342373,0.9997166991233826
1447,0.0001443856206730591,0.18108855077230213,0.999716579914093
1448,0.0001443856206730591,0.18111547700787978,0.9997164607048035
1449,0.0001443856206730591,0.1811193236129623,0.9997163414955139
1450,0.0001443856206730591,0.18112124691550355,0.9997162222862244
1451,0.0001443856206730591,0.18115586636124623,0.9997161030769348
1452,0.0001443856206730591,0.18115971296632874,0.9997159838676453
1453,0.0001443856206730591,0.18127318781626306,0.9997157454490662
1454,0.0001443856206730591,0.18130011405184068,0.9997155070304871
1455,0.0001443856206730591,0.18148475109580162,0.9997153878211975
1456,0.0001443856206730591,0.1815232171466268,0.9997151494026184
1457,0.0001443856206730591,0.18154437347458066,0.9997150301933289
1458,0.0001443856206730591,0.18155014338220446,0.9997146725654602
1459,0.0001443856206730591,0.181561683197452,0.9997145533561707
1460,0.0001451260597534338,0.1815674531050758,0.9997139573097229
1461,0.0001451260597534338,0.1815712997101583,0.9997138381004333
1462,0.0001451260597534338,0.18158476282794714,0.9997137188911438
1463,0.0001451260597534338,0.1817136240982115,0.9997134804725647
1464,0.0001451260597534338,0.18177324647699056,0.9997133612632751
1465,0.0001451260597534338,0.18182709894814583,0.9997132420539856
1466,0.0001451260597534338,0.1818290222506871,0.9997130036354065
1467,0.0001451260597534338,0.1818347921583109,0.9997128844261169
1468,0.0001451260597534338,0.18189826114217245,0.9997126460075378
1469,0.0001451260597534338,0.18190980095742001,0.9997125267982483
1470,0.0001451260597534338,0.18191172425996127,0.9997124075889587
1471,0.0001451260597534338,0.18193672719299764,0.9997122883796692
1472,0.0001451260597534338,0.1819771165463641,0.9997121691703796
1473,0.0001451260597534338,0.18199442626923543,0.9997120499610901
1474,0.0001451260597534338,0.18200404278194174,0.9997119307518005
1475,0.0001451260597534338,0.18200788938702425,0.9997116923332214
1476,0.0001451260597534338,0.18203096901751936,0.9997115731239319
1477,0.0001451260597534338,0.18206943506834455,0.9997113347053528
1478,0.0001451260597534338,0.18209251469883966,0.9997110962867737
1479,0.0001451260597534338,0.18210020790900472,0.9997109770774841
1480,0.00014586649883380844,0.1821059778166285,0.9997108578681946
1481,0.00014586649883380844,0.18211174772425226,0.999710738658905
1482,0.00014586649883380844,0.1821155943293348,0.9997105002403259
1483,0.00014586649883380844,0.18218290991827887,0.9997103810310364
1484,0.00014586649883380844,0.18220598954877398,0.9997102618217468
1485,0.0001466069379141831,0.18220598954877398,0.9997101426124573
1486,0.0001466069379141831,0.18221175945639778,0.9997099041938782
1487,0.0001466069379141831,0.1822156060614803,0.9997097849845886
1488,0.0001466069379141831,0.18222522257418658,0.9997093081474304
1489,0.0001466069379141831,0.18233292751649713,0.9997091889381409
1490,0.0001466069379141831,0.18245986548422027,0.9997090697288513
1491,0.0001466069379141831,0.1824637120893028,0.9997088313102722
1492,0.0001466069379141831,0.1825060247452105,0.9997087121009827
1493,0.0001466069379141831,0.18251371795537552,0.9997085928916931
1494,0.0001466069379141831,0.1825291043757056,0.999708354473114
1495,0.0001466069379141831,0.18254064419095317,0.9997082352638245
1496,0.0001466069379141831,0.18254256749349443,0.9997078776359558
1497,0.0001466069379141831,0.18260411317481473,0.9997077584266663
1498,0.0001466069379141831,0.182606036477356,0.9997074007987976
1499,0.0001466069379141831,0.18261180638497979,0.9997072815895081
1500,0.0001466069379141831,0.18261372968752104,0.9997071623802185
1501,0.0001466069379141831,0.18276951719336307,0.999707043170929
1502,0.0001466069379141831,0.18277913370606935,0.9997069239616394
1503,0.0001466069379141831,0.18283683278230717,0.9997068047523499
1504,0.0001466069379141831,0.18286183571534353,0.9997065663337708
1505,0.0001466069379141831,0.1828637590178848,0.9997064471244812
1506,0.0001466069379141831,0.1828676056229673,0.9997062087059021
1507,0.0001466069379141831,0.18287914543821487,0.9997060894966125
1508,0.0001466069379141831,0.18294069111953518,0.999705970287323
1509,0.0001466069379141831,0.18295607753986526,0.9997058510780334
1510,0.0001466069379141831,0.18297531056527785,0.9997057318687439
1511,0.0001466069379141831,0.1829772338678191,0.9997056126594543
1512,0.0001466069379141831,0.18298108047290162,0.9997052550315857
1513,0.0001466069379141831,0.18315225439907373,0.9997047781944275
1514,0.0001466069379141831,0.18316571751686256,0.9997046589851379
1515,0.0001466069379141831,0.18321380008039403,0.9997045397758484
1516,0.0001466069379141831,0.1832214932905591,0.9997044205665588
1517,0.0001466069379141831,0.18322341659310035,0.9997043013572693
1518,0.0001466069379141831,0.18322726319818286,0.9997038245201111
1519,0.0001466069379141831,0.1832484195261367,0.999703586101532
1520,0.0001466069379141831,0.18325803603884303,0.9997033476829529
1521,0.0001466069379141831,0.18328496227442065,0.9997031092643738
1522,0.0001466069379141831,0.18331765841762207,0.9997029900550842
1523,0.0001466069379141831,0.18331958172016333,0.9997027516365051
1524,0.0001466069379141831,0.18336574098115355,0.9997023940086365
1525,0.0001466069379141831,0.18336766428369483,0.9997022747993469
1526,0.0001466069379141831,0.18338497400656614,0.9997021555900574
1527,0.0001466069379141831,0.18340613033452002,0.9997020363807678
1528,0.0001466069379141831,0.18340805363706128,0.9997019171714783
1529,0.0001466069379141831,0.1834119002421438,0.9997015595436096
1530,0.0001466069379141831,0.18345228959551024,0.9997014403343201
1531,0.0001466069379141831,0.1846985896422465,0.9997013211250305
1532,0.0001466069379141831,0.18470243624732902,0.999701201915741
1533,0.0001466069379141831,0.18484860724046476,0.9997010231018066
1534,0.00014734737699455776,0.1850274743768019,0.999700665473938
1535,0.00014734737699455776,0.18505824721746206,0.9997005462646484
1536,0.00014734737699455776,0.18506401712508583,0.9997004270553589
1537,0.00014734737699455776,0.18512556280640613,0.9997003078460693
1538,0.00014734737699455776,0.1851274861089474,0.9997001886367798
1539,0.00014734737699455776,0.18515441234452504,0.9996999502182007
1540,0.00014734737699455776,0.18516210555469007,0.9996998310089111
1541,0.00014734737699455776,0.18519672500043274,0.999699592590332
1542,0.00014734737699455776,0.1852409609588817,0.9996991157531738
1543,0.00014734737699455776,0.18526211728683556,0.9996989965438843
1544,0.00014734737699455776,0.18537366883422862,0.9996987581253052
1545,0.00014734737699455776,0.18537559213676988,0.9996986389160156
1546,0.00014808781607493244,0.18541213488505381,0.9996985197067261
1547,0.00014808781607493244,0.18541598149013636,0.9996981620788574
1548,0.00014808781607493244,0.18543329121300767,0.9996980428695679
1549,0.00014808781607493244,0.18548329707908043,0.9996979236602783
1550,0.00014808781607493244,0.18550253010449302,0.9996976852416992
1551,0.00014808781607493244,0.18550445340703428,0.9996975660324097
1552,0.00014808781607493244,0.18556407578581333,0.999697208404541
1553,0.00014808781607493244,0.18556599908835458,0.9996970891952515
1554,0.00014808781607493244,0.18557176899597838,0.9996968507766724
1555,0.00014808781607493244,0.18558907871884972,0.9996966123580933
1556,0.00014808781607493244,0.18559292532393223,0.9996964931488037
1557,0.00014808781607493244,0.1856467777950875,0.9996962547302246
1558,0.00014808781607493244,0.18565062440017002,0.9996957778930664
1559,0.00014808781607493244,0.1856794739382889,0.9996956586837769
1560,0.00014808781607493244,0.18568716714845396,0.9996954202651978
1561,0.00014808781607493244,0.18568909045099521,0.9996953010559082
1562,0.00014808781607493244,0.18596989262201913,0.9996951818466187
1563,0.00014808781607493244,0.18598143243726667,0.9996950626373291
1564,0.00014808781607493244,0.1860237450931744,0.9996949434280396
1565,0.00014808781607493244,0.18602759169825692,0.99969482421875
1566,0.00014808781607493244,0.186042978118587,0.9996947050094604
1567,0.00014808781607493244,0.18605067132875203,0.9996945858001709
1568,0.00014808781607493244,0.1860564412363758,0.9996944665908813
1569,0.00014808781607493244,0.18606028784145834,0.9996942281723022
1570,0.00014808781607493244,0.18619876562442902,0.9996941089630127
1571,0.00014808781607493244,0.18621799864984162,0.9996939897537231
1572,0.00014808781607493244,0.1862333850701717,0.9996938705444336
1573,0.00014808781607493244,0.18627377442353815,0.9996936321258545
1574,0.00014808781607493244,0.18630839386928083,0.9996932744979858
1575,0.00014808781607493244,0.1863333968023172,0.9996929168701172
1576,0.00014808781607493244,0.18639109587855499,0.9996926784515381
1577,0.00014808781607493244,0.18640263569380255,0.9996925592422485
1578,0.00014808781607493244,0.1864045589963438,0.999692440032959
1579,0.00014808781607493244,0.18644494834971026,0.9996923208236694
1580,0.00014808781607493244,0.18644879495479277,0.9996922016143799
1581,0.00014808781607493244,0.1865141872411956,0.9996919631958008
1582,0.00014808781607493244,0.1866141989733411,0.9996916055679321
1583,0.00014808781607493244,0.18664304851146,0.9996914863586426
1584,0.00014808781607493244,0.18670074758769778,0.999691367149353
1585,0.00014808781607493244,0.18684884188337478,0.9996911287307739
1586,0.00014808781607493244,0.18685076518591603,0.9996910095214844
1587,0.00014808781607493244,0.18686615160624612,0.9996908903121948
1588,0.00014808781607493244,0.1869527002206028,0.9996907711029053
1589,0.00014808781607493244,0.18715080038235254,0.9996906518936157
1590,0.00014808781607493244,0.18716041689505886,0.9996904134750366
1591,0.00014808781607493244,0.1871623401976001,0.999690055847168
1592,0.00014808781607493244,0.18732582091360717,0.9996898174285889
1593,0.00014808781607493244,0.18732966751868968,0.9996895790100098
1594,0.00014808781607493244,0.18768355518628146,0.9996894598007202
1595,0.00014808781607493244,0.18775087077522556,0.999688982963562
1596,0.00014808781607493244,0.18775471738030808,0.9996887445449829
1597,0.00014808781607493244,0.18777010380063816,0.9996886253356934
1598,0.00015179001147680573,0.18849903546377555,0.9996885061264038
1599,0.00015179001147680573,0.1885201917917294,0.9996882677078247
1600,0.00015179001147680573,0.18852403839681192,0.9996877908706665
1601,0.00015179001147680573,0.1885451947247658,0.9996875524520874
1602,0.00015179001147680573,0.188583660775591,0.9996873140335083
1603,0.00015179001147680573,0.18871829195347917,0.9996871948242188
1604,0.00015179001147680573,0.18872790846618545,0.9996868371963501
1605,0.00015179001147680573,0.18878560754242324,0.9996867179870605
1606,0.00015179001147680573,0.1887875308449645,0.9996864795684814
1607,0.00015179001147680573,0.18879137745004704,0.9996863603591919
1608,0.00015179001147680573,0.18880291726529458,0.9996861219406128
1609,0.00015179001147680573,0.18881830368562466,0.9996858835220337
1610,0.00015179001147680573,0.18882022698816592,0.9996857643127441
1611,0.00015179001147680573,0.18884330661866103,0.999685525894165
1612,0.00015179001147680573,0.1888779260644037,0.9996851682662964
1613,0.00015179001147680573,0.18888561927456876,0.9996848106384277
1614,0.00015179001147680573,0.18907794952869472,0.9996846914291382
1615,0.00015179001147680573,0.18910102915918983,0.9996845722198486
1616,0.00015179001147680573,0.1891029524617311,0.9996844530105591
1617,0.00015179001147680573,0.1891260320922262,0.9996843338012695
1618,0.00015179001147680573,0.18912795539476746,0.9996840953826904
1619,0.00015179001147680573,0.18913372530239125,0.9996839761734009
1620,0.00015179001147680573,0.1891548816303451,0.9996837377548218
1621,0.00015179001147680573,0.1891702680506752,0.9996833801269531
1622,0.00015179001147680573,0.1891741146557577,0.999683141708374
1623,0.00015179001147680573,0.18918180786592273,0.9996830224990845
1624,0.00015179001147680573,0.18918565447100524,0.9996826648712158
1625,0.00015179001147680573,0.18920104089133533,0.9996823072433472
1626,0.00015179001147680573,0.18928758950569202,0.9996820688247681
1627,0.00015179001147680573,0.18928951280823328,0.9996819496154785
1628,0.00015179001147680573,0.18938183133021375,0.999681830406189
1629,0.00015179001147680573,0.18947991975981798,0.9996817111968994
1630,0.00015179001147680573,0.18948184306235924,0.9996814727783203
1631,0.00015179001147680573,0.18950492269285435,0.9996813535690308
1632,0.00015179001147680573,0.18951453920556066,0.9996811151504517
1633,0.00015179001147680573,0.18952030911318443,0.9996809959411621
1634,0.00015179001147680573,0.1895222324157257,0.999680757522583
1635,0.00015179001147680573,0.18954146544113828,0.9996806383132935
1636,0.00015179001147680573,0.18954338874367954,0.9996805191040039
1637,0.00015179001147680573,0.1895741615843397,0.9996801614761353
1638,0.00015179001147680573,0.18957993149196348,0.9996799230575562
1639,0.00015179001147680573,0.18958185479450473,0.999679684638977
1640,0.00015179001147680573,0.18958762470212853,0.9996795654296875
1641,0.00015179001147680573,0.18971071606476914,0.9996790885925293
1642,0.00015179001147680573,0.18972417918255796,0.9996787309646606
1643,0.00015179001147680573,0.18974533551051181,0.9996786117553711
1644,0.00015179001147680573,0.18977033844354818,0.9996784925460815
1645,0.00015179001147680573,0.18995882209259163,0.999678373336792
1646,0.00015179001147680573,0.18999536484087556,0.9996782541275024
1647,0.00015179001147680573,0.19002613768153573,0.9996777772903442
1648,0.00015179001147680573,0.19002806098407699,0.9996775388717651
1649,0.00015179001147680573,0.19003767749678327,0.9996774196624756
1650,0.00015179001147680573,0.19006075712727838,0.9996771812438965
1651,0.00015179001147680573,0.19006460373236092,0.9996770620346069
1652,0.00015179001147680573,0.19015307564925885,0.9996768236160278
1653,0.00015179001147680573,0.190183848489919,0.9996767044067383
1654,0.0001525304505571804,0.19018769509500152,0.9996765851974487
1655,0.0001525304505571804,0.19018961839754278,0.9996763467788696
1656,0.0001525304505571804,0.190280013616982,0.9996762275695801
1657,0.0001525304505571804,0.19031078645764216,0.999675989151001
1658,0.0001525304505571804,0.19031655636526593,0.9996758699417114
1659,0.0001525304505571804,0.1903280961805135,0.9996757507324219
1660,0.0001525304505571804,0.19042426130757648,0.9996756315231323
1661,0.0001525304505571804,0.19043387782028276,0.9996755123138428
1662,0.0001525304505571804,0.19043772442536527,0.999674916267395
1663,0.0001525304505571804,0.1908473878666536,0.9996747970581055
1664,0.0001525304505571804,0.1908512344717361,0.9996743202209473
1665,0.0001525304505571804,0.19087623740477247,0.9996742010116577
1666,0.0001525304505571804,0.19089547043018507,0.9996740818023682
1667,0.0001525304505571804,0.1909993287674131,0.9996739625930786
1668,0.0001525304505571804,0.19103587151569704,0.9996738433837891
1669,0.0001525304505571804,0.1910377948182383,0.99967360496521
1670,0.00015327088963755506,0.1910377948182383,0.9996734857559204
1671,0.00015327088963755506,0.19104356472586206,0.9996733665466309
1672,0.00015327088963755506,0.1910839540792285,0.9996731281280518
1673,0.00015327088963755506,0.1911281900376775,0.9996726512908936
1674,0.00015327088963755506,0.19183211876777853,0.999672532081604
1675,0.00015327088963755506,0.1918378886754023,0.9996724128723145
1676,0.00015327088963755506,0.19183981197794356,0.9996722936630249
1677,0.00015327088963755506,0.19185327509573238,0.9996721744537354
1678,0.00015327088963755506,0.19190328096180514,0.9996720552444458
1679,0.00015327088963755506,0.19195905673550168,0.9996719360351562
1680,0.00015327088963755506,0.1919629033405842,0.9996716976165771
1681,0.00015327088963755506,0.19197059655074922,0.999671459197998
1682,0.00015327088963755506,0.19200136939140938,0.9996713399887085
1683,0.00015475176779830438,0.19217831322520526,0.999671220779419
1684,0.00015475176779830438,0.19225139872177313,0.9996708631515503
1685,0.00015475176779830438,0.1922533220243144,0.9996706247329712
1686,0.00015475176779830438,0.1922629385370207,0.9996705055236816
1687,0.00015475176779830438,0.19231294440309343,0.9996702671051025
1688,0.00015475176779830438,0.19237833668949628,0.9996697902679443
1689,0.00015475176779830438,0.19250142805213688,0.9996696710586548
1690,0.00015475176779830438,0.1925052746572194,0.9996693134307861
1691,0.00015475176779830438,0.19257836015378726,0.9996691942214966
1692,0.00015475176779830438,0.19258413006141106,0.9996689558029175
1693,0.00015475176779830438,0.19265144565035514,0.9996688365936279
1694,0.00015475176779830438,0.1926572155579789,0.9996685981750488
1695,0.00015475176779830438,0.19266490876814396,0.9996683597564697
1696,0.00015475176779830438,0.1926860650960978,0.9996682405471802
1697,0.00015475176779830438,0.19270914472659292,0.9996681213378906
1698,0.00015475176779830438,0.19274568747487686,0.999667763710022
1699,0.00015475176779830438,0.19274953407995937,0.9996676445007324
1700,0.00015475176779830438,0.1928303127866923,0.9996675252914429
1701,0.00015475176779830438,0.19284569920702235,0.9996674060821533
1702,0.00015475176779830438,0.1928533924171874,0.9996665716171265
1703,0.00015475176779830438,0.19287839535022377,0.9996664524078369
1704,0.00015475176779830438,0.1928880118629301,0.9996663331985474
1705,0.00015475176779830438,0.1928918584680126,0.9996660947799683
1706,0.00015475176779830438,0.192924554611214,0.9996658563613892
1707,0.00015475176779830438,0.19298417698999307,0.9996657371520996
1708,0.00015475176779830438,0.19300725662048818,0.999665379524231
1709,0.00015475176779830438,0.19301687313319446,0.9996652603149414
1710,0.00015475176779830438,0.1930303362509833,0.9996651411056519
1711,0.00015475176779830438,0.19303225955352454,0.9996650218963623
1712,0.00015475176779830438,0.19304572267131337,0.9996649026870728
1713,0.00015475176779830438,0.19304764597385463,0.9996647834777832
1714,0.00015475176779830438,0.19305533918401965,0.9996639490127563
1715,0.00015475176779830438,0.1930572624865609,0.9996638298034668
1716,0.00015475176779830438,0.19306495569672597,0.9996637105941772
1717,0.00015475176779830438,0.19308418872213856,0.9996627569198608
1718,0.00015475176779830438,0.19308611202467982,0.9996622800827026
1719,0.00015475176779830438,0.19309380523484485,0.9996620416641235
1720,0.00015475176779830438,0.19321881990002673,0.9996618032455444
1721,0.00015475176779830438,0.1932399762279806,0.9996616840362549
1722,0.00015475176779830438,0.19325151604322816,0.9996615648269653
1723,0.00015475176779830438,0.1932534393457694,0.9996613264083862
1724,0.00015475176779830438,0.19327074906864075,0.9996612071990967
1725,0.00015475176779830438,0.19327651897626452,0.999660849571228
1726,0.00015475176779830438,0.19327844227880578,0.9996607303619385
1727,0.00015475176779830438,0.19332460153979603,0.9996606111526489
1728,0.00015475176779830438,0.19335537438045616,0.9996604919433594
1729,0.00015475176779830438,0.19335729768299742,0.9996603727340698
1730,0.00015475176779830438,0.19336306759062122,0.9996602535247803
1731,0.00015475176779830438,0.19336499089316248,0.9996601343154907
1732,0.00015475176779830438,0.1933957637338226,0.9996600151062012
1733,0.00015475176779830438,0.19339961033890515,0.9996597766876221
1734,0.00015475176779830438,0.19342845987702403,0.9996596574783325
1735,0.00015475176779830438,0.19344384629735412,0.999659538269043
1736,0.00015475176779830438,0.19358424738286606,0.9996594190597534
1737,0.00015475176779830438,0.1936246367362325,0.9996590614318848
1738,0.00015475176779830438,0.19367848920738778,0.9996588230133057
1739,0.00015475176779830438,0.19368425911501158,0.9996587038040161
1740,0.00015475176779830438,0.1937015688378829,0.9996585845947266
1741,0.00015475176779830438,0.1937208018632955,0.999658465385437
1742,0.00015475176779830438,0.19374388149379063,0.9996581077575684
1743,0.00015475176779830438,0.19376119121666197,0.9996579885482788
1744,0.00015549220687867906,0.19408430604359359,0.9996578693389893
1745,0.00015549220687867906,0.19408622934613484,0.9996575117111206
1746,0.00015549220687867906,0.19410930897662995,0.9996572732925415
1747,0.00015549220687867906,0.19411315558171247,0.9996569156646729
1748,0.00015549220687867906,0.19411700218679498,0.9996564388275146
1749,0.00015549220687867906,0.19457090158653226,0.9996563196182251
1750,0.00015549220687867906,0.19457282488907351,0.999656081199646
1751,0.00015549220687867906,0.19458051809923857,0.9996559619903564
1752,0.00015549220687867906,0.19459013461194485,0.9996557235717773
1753,0.00015549220687867906,0.1946112909398987,0.9996556043624878
1754,0.00015549220687867906,0.19461321424244,0.9996554851531982
1755,0.00015549220687867906,0.19464783368818264,0.9996553659439087
1756,0.00015549220687867906,0.1946497569907239,0.9996552467346191
1757,0.00015549220687867906,0.19468245313392532,0.9996551275253296
1758,0.00015549220687867906,0.19470168615933792,0.9996548891067505
1759,0.00015549220687867906,0.19470937936950297,0.9996546506881714
1760,0.00015549220687867906,0.19493248246428907,0.9996542930603027
1761,0.00015549220687867906,0.19493440576683033,0.9996540546417236
1762,0.00015549220687867906,0.19495171548970167,0.9996539354324341
1763,0.00015549220687867906,0.19495748539732546,0.9996534585952759
1764,0.00015549220687867906,0.19496133200240798,0.9996533393859863
1765,0.00015549220687867906,0.19496325530494923,0.9996529817581177
1766,0.00015549220687867906,0.19509019327267238,0.9996527433395386
1767,0.00015549220687867906,0.19513827583620386,0.999652624130249
1768,0.00015549220687867906,0.1951555855590752,0.9996523857116699
1769,0.00015549220687867906,0.1951844350971941,0.9996522665023804
1770,0.00015549220687867906,0.19518635839973536,0.9996521472930908
1771,0.00015549220687867906,0.19521136133277173,0.9996516704559326
1772,0.00015549220687867906,0.19522097784547804,0.9996515512466431
1773,0.00015549220687867906,0.19531714297254102,0.9996514320373535
1774,0.00015549220687867906,0.19572872971637056,0.999651312828064
1775,0.00015549220687867906,0.19573449962399436,0.9996511936187744
1776,0.00015549220687867906,0.19579796860785592,0.9996510744094849
1777,0.00015549220687867906,0.19580181521293843,0.9996508359909058
1778,0.00015549220687867906,0.1958325880535986,0.9996505975723267
1779,0.00015549220687867906,0.19583451135613986,0.9996504783630371
1780,0.00015549220687867906,0.19584989777646994,0.999650239944458
1781,0.00015549220687867906,0.19585374438155245,0.9996500015258789
1782,0.00015549220687867906,0.19585951428917622,0.9996496438980103
1783,0.00015549220687867906,0.19587297740696505,0.9996495246887207
1784,0.00015549220687867906,0.19588451722221262,0.9996494054794312
1785,0.00015549220687867906,0.19590567355016647,0.9996492862701416
1786,0.00015549220687867906,0.195917213365414,0.999648928642273
1787,0.00015549220687867906,0.19603645812297213,0.9996486902236938
1788,0.00015549220687867906,0.1960806940814211,0.9996484518051147
1789,0.00015549220687867906,0.19608838729158612,0.9996483325958252
1790,0.00015549220687867906,0.19609223389666866,0.9996480941772461
1791,0.00015549220687867906,0.19609608050175117,0.9996477365493774
1792,0.00015549220687867906,0.19609800380429243,0.9996476173400879
1793,0.00015549220687867906,0.1961653193932365,0.9996474981307983
1794,0.00015549220687867906,0.19618262911610784,0.9996471405029297
1795,0.00015549220687867906,0.1962095553516855,0.9996470212936401
1796,0.00015549220687867906,0.19621917186439178,0.9996469020843506
1797,0.00015549220687867906,0.19623071167963935,0.9996464252471924
1798,0.00015549220687867906,0.1962518680075932,0.9996463060379028
1799,0.00015549220687867906,0.19628841075587714,0.9996460676193237
1800,0.00015549220687867906,0.19666922465904654,0.9996459484100342
1801,0.00015549220687867906,0.19730391449766221,0.9996458292007446
1802,0.00015549220687867906,0.1973385339434049,0.9996453523635864
1803,0.00015549220687867906,0.19738276990185388,0.9996452331542969
1804,0.00015549220687867906,0.19740392622980774,0.9996451139450073
1805,0.00015549220687867906,0.197405849532349,0.9996449947357178
1806,0.00015549220687867906,0.19752317098736583,0.9996446371078491
1807,0.00015549220687867906,0.19762125941697006,0.99964439868927
1808,0.00015549220687867906,0.19762510602205258,0.9996442794799805
1809,0.00015549220687867906,0.19839058043347393,0.9996441602706909
1810,0.00015549220687867906,0.1983963503410977,0.9996438026428223
1811,0.00015549220687867906,0.19861368352826003,0.9996436834335327
1812,0.00015549220687867906,0.19861560683080132,0.9996434450149536
1813,0.00015549220687867906,0.1986675359994153,0.9996433258056641
1814,0.00015549220687867906,0.19873677489090066,0.9996428489685059
1815,0.00015549220687867906,0.19874062149598318,0.9996427297592163
1816,0.00015549220687867906,0.19874254479852443,0.9996423721313477
1817,0.00015549220687867906,0.19876562442901957,0.9996422529220581
1818,0.00015549220687867906,0.1987733176391846,0.9996418952941895
1819,0.00015549220687867906,0.19881755359763356,0.9996417760848999
1820,0.00015549220687867906,0.19911566549152881,0.9996411800384521
1821,0.00015549220687867906,0.19912912860931764,0.999640703201294
1822,0.00015549220687867906,0.19915220823981275,0.9996405839920044
1823,0.00015549220687867906,0.19970034946407175,0.9996403455734253
1824,0.00015549220687867906,0.199702272766613,0.9996401071548462
1825,0.00015549220687867906,0.1997368922123557,0.9996397495269775
1826,0.00015549220687867906,0.19975035533014449,0.9996392726898193
1827,0.00015549220687867906,0.19978112817080465,0.9996390342712402
1828,0.00015549220687867906,0.1997830514733459,0.9996389150619507
1829,0.00015549220687867906,0.19983498064195993,0.9996384382247925
1830,0.00015549220687867906,0.19983882724704244,0.9996380805969238
1831,0.00015549220687867906,0.19990998944106905,0.9996376037597656
1832,0.00015549220687867906,0.1999119127436103,0.9996370077133179
1833,0.00015549220687867906,0.19994845549189424,0.9996368885040283
1834,0.0001562326459590537,0.19995422539951802,0.9996367692947388
1835,0.0001562326459590537,0.19995614870205927,0.9996366500854492
1836,0.0001562326459590537,0.2000369274087922,0.9996362924575806
1837,0.0001562326459590537,0.20004654392149848,0.9996360540390015
1838,0.0001562326459590537,0.20004846722403974,0.9996358156204224
1839,0.0001562326459590537,0.2000600070392873,0.9996355772018433
1840,0.0001562326459590537,0.2000753934596174,0.9996352195739746
1841,0.0001562326459590537,0.20007731676215865,0.9996347427368164
1842,0.0001562326459590537,0.2000888565774062,0.9996346235275269
1843,0.0001562326459590537,0.20013886244347895,0.9996342658996582
1844,0.0001562326459590537,0.2002792635289909,0.9996340274810791
1845,0.0001562326459590537,0.20028311013407343,0.9996336698532104
1846,0.0001562326459590537,0.20028695673915595,0.9996335506439209
1847,0.0001562326459590537,0.20032157618489863,0.9996334314346313
1848,0.0001562326459590537,0.20033311600014617,0.9996330738067627
1849,0.0001562326459590537,0.20033503930268742,0.9996328353881836
1850,0.0001562326459590537,0.20034080921031122,0.999632716178894
1851,0.0001562326459590537,0.20034465581539374,0.9996324777603149
1852,0.0001562326459590537,0.20035234902555876,0.9996321201324463
1853,0.0001562326459590537,0.2003658121433476,0.9996320009231567
1854,0.0001562326459590537,0.200398508286549,0.9996318817138672
1855,0.0001562326459590537,0.20040043158909027,0.9996317625045776
1856,0.0001562326459590537,0.200494673413612,0.9996315240859985
1857,0.0001562326459590537,0.20053121616189593,0.9996312856674194
1858,0.0001562326459590537,0.20054275597714347,0.9996310472488403
1859,0.0001562326459590537,0.20054467927968472,0.9996305704116821
1860,0.0001562326459590537,0.20061391817117008,0.999630331993103
1861,0.0001562326459590537,0.20062353468387636,0.9996299743652344
1862,0.0001562326459590537,0.20065238422199527,0.9996297359466553
1863,0.0001562326459590537,0.2006562308270778,0.9996294975280762
1864,0.0001562326459590537,0.2006658473397841,0.9996293783187866
1865,0.0001562326459590537,0.20090241355235902,0.9996292591094971
1866,0.0001562326459590537,0.20095049611589053,0.9996289014816284
1867,0.0001562326459590537,0.2009601126285968,0.9996285438537598
1868,0.0001562326459590537,0.20096203593113807,0.9996281862258911
1869,0.0001562326459590537,0.2009658825362206,0.9996274709701538
1870,0.0001562326459590537,0.20097357574638564,0.9996272325515747
1871,0.0001562326459590537,0.2009793456540094,0.9996269941329956
1872,0.0001562326459590537,0.20100627188958706,0.9996267557144165
1873,0.0001562326459590537,0.20103512142770594,0.999626636505127
1874,0.0001562326459590537,0.20105820105820105,0.9996265172958374
1875,0.0001562326459590537,0.20106781757090736,0.9996260404586792
1876,0.0001562326459590537,0.20110243701665004,0.9996259212493896
1877,0.0001562326459590537,0.20111782343698012,0.999625563621521
1878,0.0001562326459590537,0.20111974673952138,0.9996253252029419
1879,0.0001562326459590537,0.20113897976493397,0.9996252059936523
1880,0.0001562326459590537,0.20114090306747523,0.9996250867843628
1881,0.0001562326459590537,0.20114474967255774,0.9996243715286255
1882,0.0001562326459590537,0.20116205939542908,0.9996242523193359
1883,0.0001562326459590537,0.2011697526055941,0.9996241331100464
1884,0.0001562326459590537,0.2011755225132179,0.9996238946914673
1885,0.0001562326459590537,0.20122552837929064,0.9996237754821777
1886,0.0001562326459590537,0.2012332215894557,0.9996232986450195
1887,0.0001562326459590537,0.20123514489199695,0.99962317943573
1888,0.0001562326459590537,0.2015659529290936,0.9996229410171509
1889,0.0001562326459590537,0.20158133934942368,0.9996228218078613
1890,0.0001562326459590537,0.20160249567737754,0.9996227025985718
1891,0.0001562326459590537,0.2016044189799188,0.9996225833892822
1892,0.0001562326459590537,0.2016082655850013,0.9996224641799927
1893,0.0001562326459590537,0.20162172870279013,0.9996223449707031
1894,0.0001562326459590537,0.20162557530787265,0.9996219873428345
1895,0.0001562326459590537,0.20168712098919298,0.9996218681335449
1896,0.0001562326459590537,0.2018179055619986,0.9996216297149658
1897,0.0001562326459590537,0.2018371385874112,0.9996213912963867
1898,0.0001562326459590537,0.20187175803315388,0.9996212720870972
1899,0.0001562326459590537,0.20187560463823642,0.999620795249939
1900,0.0001562326459590537,0.20193138041193293,0.9996206760406494
1901,0.0001562326459590537,0.20391815193705415,0.9996205568313599
1902,0.0001562326459590537,0.20392392184467795,0.9996203184127808
1903,0.0001562326459590537,0.2039258451472192,0.9996201992034912
1904,0.0001562326459590537,0.203939308265008,0.9996200799942017
1905,0.0001562326459590537,0.20395084808025557,0.9996198415756226
1906,0.0001562326459590537,0.20395469468533808,0.999619722366333
1907,0.0001562326459590537,0.20395661798787934,0.9996196031570435
1908,0.0001562326459590537,0.2039643111980444,0.9996194839477539
1909,0.0001562326459590537,0.20414702493946404,0.9996192455291748
1910,0.0001562326459590537,0.20416048805725287,0.9996190071105957
1911,0.0001562326459590537,0.2041681812674179,0.9996187686920166
1912,0.0001562326459590537,0.20418164438520672,0.999618649482727
1913,0.0001562326459590537,0.20418356768774798,0.9996185302734375
1914,0.0001562326459590537,0.2042162638309494,0.999618411064148
1915,0.0001562326459590537,0.20421818713349066,0.9996181726455688
1916,0.0001562326459590537,0.20424511336906828,0.9996180534362793
1917,0.0001562326459590537,0.20424895997415082,0.9996178150177002
1918,0.0001562326459590537,0.20425665318431585,0.9996176958084106
1919,0.0001562326459590537,0.20426049978939836,0.9996170997619629
1920,0.0001562326459590537,0.2045509184731286,0.9996169805526733
1921,0.0001562326459590537,0.20455668838075236,0.9996167421340942
1922,0.0001562326459590537,0.20457976801124747,0.999616265296936
1923,0.0001562326459590537,0.20460092433920132,0.9996161460876465
1924,0.0001562326459590537,0.20477786817299723,0.9996160268783569
1925,0.0001562326459590537,0.2047797914755385,0.9996156692504883
1926,0.0001562326459590537,0.204783638080621,0.9996155500411987
1927,0.0001562326459590537,0.20478556138316226,0.9996154308319092
1928,0.0001562326459590537,0.20481441092128114,0.9996150732040405
1929,0.0001562326459590537,0.20481825752636368,0.999614953994751
1930,0.0001562326459590537,0.2048259507365287,0.9996142387390137
1931,0.0001562326459590537,0.20487210999751895,0.9996139407157898
1932,0.0001562326459590537,0.2048740333000602,0.9996138215065002
1933,0.00015697308503942838,0.20489518962801406,0.9996135830879211
1934,0.00015697308503942838,0.20490095953563783,0.999613344669342
1935,0.00015697308503942838,0.20491442265342666,0.9996131062507629
1936,0.00015697308503942838,0.20496635182204065,0.9996127486228943
1937,0.00015697308503942838,0.20498750814999453,0.9996123909950256
1938,0.00015697308503942838,0.2050125110830309,0.9996122717857361
1939,0.00015697308503942838,0.20502405089827846,0.9996117949485779
1940,0.00015697308503942838,0.20509521309230505,0.9996116757392883
1941,0.00015697308503942838,0.20524715399306456,0.9996115565299988
1942,0.00015697308503942838,0.20524907729560582,0.9996114373207092
1943,0.00015771352411980303,0.20524907729560582,0.9996113181114197
1944,0.00015771352411980303,0.20532023948963243,0.9996108412742615
1945,0.00015771352411980303,0.2053221627921737,0.9996107220649719
1946,0.00015771352411980303,0.20534331912012754,0.9996103644371033
1947,0.00015771352411980303,0.2053933249862003,0.9996102452278137
1948,0.00015771352411980303,0.2054087114065304,0.9996098875999451
1949,0.00015771352411980303,0.2054606405751444,0.9996097683906555
1950,0.00015771352411980303,0.20547218039039195,0.9996095299720764
1951,0.00015771352411980303,0.20551449304629965,0.9996094107627869
1952,0.00015771352411980303,0.2055644989123724,0.9996092915534973
1953,0.00015771352411980303,0.20556642221491367,0.9996090531349182
1954,0.00015771352411980303,0.20559527175303258,0.9996089339256287
1955,0.00015771352411980303,0.2055991183581151,0.9996086955070496
1956,0.00015771352411980303,0.20562604459369271,0.9996083378791809
1957,0.00015771352411980303,0.20563566110639903,0.9996082186698914
1958,0.00015771352411980303,0.20567412715722422,0.9996080994606018
1959,0.00015771352411980303,0.20573951944362703,0.9996077418327332
1960,0.00015771352411980303,0.20575298256141586,0.9996076226234436
1961,0.00015771352411980303,0.20576836898174594,0.9996073842048645
1962,0.00015771352411980303,0.20583760787323127,0.9996070265769958
1963,0.00015771352411980303,0.20583953117577256,0.9996069073677063
1964,0.00015771352411980303,0.20645114138389312,0.9996067881584167
1965,0.00015771352411980303,0.20645498798897563,0.9996064305305481
1966,0.00015771352411980303,0.20653576669570853,0.9996059536933899
1967,0.00015771352411980303,0.2087341015003683,0.9996057152748108
1968,0.00015771352411980303,0.20898028422564954,0.9996054768562317
1969,0.00015771352411980303,0.20903798330188733,0.9996052384376526
1970,0.00015771352411980303,0.20911299210099646,0.999605119228363
1971,0.00015771352411980303,0.20911491540353772,0.9996048808097839
1972,0.00015771352411980303,0.20911876200862023,0.9996047616004944
1973,0.00015771352411980303,0.20913607173149157,0.9996044039726257
1974,0.00015771352411980303,0.2091399183365741,0.999603807926178
1975,0.00015771352411980303,0.20915145815182165,0.9996033310890198
1976,0.00015771352411980303,0.20915530475690416,0.9996029734611511
1977,0.0001584539632001777,0.20916107466452796,0.9996028542518616
1978,0.0001584539632001777,0.209168767874693,0.9996024966239929
1979,0.0001584539632001777,0.20917453778231676,0.9996023774147034
1980,0.0001584539632001777,0.20918030768994056,0.9996008276939392
1981,0.0001584539632001777,0.2091880009001056,0.9996007084846497
1982,0.0001584539632001777,0.2091918475051881,0.9995993971824646
1983,0.0001584539632001777,0.20926685630429723,0.999599039554596
1984,0.0001584539632001777,0.20927070290937974,0.9995986819267273
1985,0.0001584539632001777,0.20941687390251548,0.9995985627174377
1986,0.0001584539632001777,0.20941879720505674,0.9995984435081482
1987,0.0001584539632001777,0.20943610692792808,0.9995983242988586
1988,0.0001584539632001777,0.20943803023046934,0.99959796667099
1989,0.0001584539632001777,0.2094457234406344,0.9995973706245422
1990,0.0001584539632001777,0.20949957591178966,0.9995972514152527
1991,0.0001584539632001777,0.20951303902957846,0.9995971322059631
1992,0.0001584539632001777,0.20952073223974352,0.9995966553688049
1993,0.0001584539632001777,0.20952842544990855,0.9995953440666199
1994,0.0001584539632001777,0.20953227205499106,0.9995951056480408
1995,0.0001584539632001777,0.209620743971889,0.9995949864387512
1996,0.0001584539632001777,0.20963420708967784,0.9995947480201721
1997,0.0001584539632001777,0.2101842716164781,0.9995946288108826
1998,0.0001584539632001777,0.21019965803680815,0.9995942711830139
1999,0.0001584539632001777,0.2102227376673033,0.9995941519737244
2000,0.0001584539632001777,0.21023235418000957,0.9995940327644348
2001,0.0001584539632001777,0.21023812408763334,0.9995937943458557
2002,0.0001584539632001777,0.21028236004608233,0.9995936751365662
2003,0.0001584539632001777,0.21029197655878862,0.9995929598808289
2004,0.0001584539632001777,0.21029582316387116,0.9995924830436707
2005,0.0001584539632001777,0.21040929801380548,0.9995923638343811
2006,0.0001584539632001777,0.21068048367212308,0.9995922446250916
2007,0.0001584539632001777,0.2107035633026182,0.9995918869972229
2008,0.0001584539632001777,0.21070548660515945,0.9995914101600647
2009,0.0001584539632001777,0.21079588182459866,0.9995912909507751
2010,0.0001584539632001777,0.21081896145509377,0.9995911717414856
2011,0.0001584539632001777,0.21082088475763502,0.9995896220207214
2012,0.0001584539632001777,0.2109228197923218,0.9995893836021423
2013,0.0001584539632001777,0.21092474309486306,0.9995892643928528
2014,0.0001584539632001777,0.21096320914568825,0.9995890259742737
2015,0.0001584539632001777,0.21103244803717358,0.9995889067649841
2016,0.0001584539632001777,0.21103629464225612,0.9995885491371155
2017,0.0001584539632001777,0.21104014124733864,0.9995879530906677
2018,0.0001584539632001777,0.21104398785242115,0.9995877146720886
2019,0.0001584539632001777,0.2110612975752925,0.9995875954627991
2020,0.0001584539632001777,0.211065144180375,0.9995871186256409
2021,0.0001584539632001777,0.21118054233285058,0.9995868802070618
2022,0.0001584539632001777,0.21122862489638208,0.9995866417884827
2023,0.0001584539632001777,0.21124401131671217,0.9995864033699036
2024,0.0001584539632001777,0.21124593461925342,0.999586284160614
2025,0.0001584539632001777,0.21125362782941845,0.9995860457420349
2026,0.0001584539632001777,0.2112555511319597,0.9995858073234558
2027,0.0001584539632001777,0.21134786965394017,0.9995853304862976
2028,0.0001584539632001777,0.2113805657971416,0.9995843768119812
2029,0.0001584539632001777,0.21138248909968285,0.9995842576026917
2030,0.0001584539632001777,0.21140172212509545,0.9995840191841125
2031,0.0001584539632001777,0.21140941533526048,0.9995837807655334
2032,0.0001584539632001777,0.2115652028411025,0.999582827091217
2033,0.0001584539632001777,0.21158828247159764,0.9995825886726379
2034,0.0001584539632001777,0.2115902057741389,0.9995824694633484
2035,0.0001584539632001777,0.211761379700311,0.9995823502540588
2036,0.0001584539632001777,0.21176330300285226,0.9995822310447693
2037,0.0001584539632001777,0.21179022923842988,0.9995817542076111
2038,0.0001584539632001777,0.21179792244859494,0.9995816349983215
2039,0.0001584539632001777,0.21181330886892502,0.9995811581611633
2040,0.0001584539632001777,0.21181523217146628,0.9995810389518738
2041,0.0001584539632001777,0.21183061859179633,0.9995808005332947
2042,0.0001584539632001777,0.21184023510450264,0.9995806813240051
2043,0.0001584539632001777,0.21184600501212641,0.9995805621147156
2044,0.0001584539632001777,0.21185562152483273,0.999580442905426
2045,0.0001584539632001777,0.21189601087819918,0.9995799660682678
2046,0.0001584539632001777,0.21189793418074043,0.9995797276496887
2047,0.0001584539632001777,0.21190562739090546,0.9995792508125305
2048,0.0001584539632001777,0.21191524390361177,0.999579131603241
2049,0.0001584539632001777,0.21192678371885934,0.9995790123939514
2050,0.0001584539632001777,0.2119517866518957,0.9995787739753723
2051,0.0001584539632001777,0.211961403164602,0.9995785355567932
2052,0.0001584539632001777,0.21196524976968453,0.9995775818824768
2053,0.0001584539632001777,0.21198255949255584,0.9995774626731873
2054,0.0001584539632001777,0.21198448279509713,0.9995772242546082
2055,0.0001584539632001777,0.2119902527027209,0.9995771050453186
2056,0.0001584539632001777,0.21202294884592232,0.9995765089988708
2057,0.0001584539632001777,0.21203448866116986,0.9995761513710022
2058,0.0001584539632001777,0.21207295471199505,0.9995760321617126
2059,0.0001584539632001777,0.21208834113232514,0.9995759129524231
2060,0.0001584539632001777,0.21210757415773773,0.9995753169059753
2061,0.0001584539632001777,0.212109497460279,0.9995751976966858
2062,0.0001584539632001777,0.2121133440653615,0.9995743632316589
2063,0.0001584539632001777,0.21212488388060907,0.9995742440223694
2064,0.0001584539632001777,0.21213065378823284,0.9995736479759216
2065,0.0001584539632001777,0.21215565672126924,0.9995730519294739
2066,0.0001584539632001777,0.21215950332635175,0.9995726943016052
2067,0.0001584539632001777,0.21220950919242448,0.9995723366737366
2068,0.0001584539632001777,0.21222104900767205,0.9995719790458679
2069,0.0001584539632001777,0.2122229723102133,0.9995707869529724
2070,0.0001584539632001777,0.21222681891529582,0.9995705485343933
2071,0.0001584539632001777,0.21227297817628607,0.9995704293251038
2072,0.0001584539632001777,0.21228259468899235,0.9995701909065247
2073,0.0001584539632001777,0.2123191374372763,0.9995700716972351
2074,0.0001584539632001777,0.21232683064744134,0.9995699524879456
2075,0.0001584539632001777,0.21235375688301897,0.999569833278656
2076,0.0001584539632001777,0.21235760348810148,0.9995697140693665
2077,0.0001584539632001777,0.21236914330334905,0.9995695948600769
2078,0.0001584539632001777,0.21238452972367913,0.9995694756507874
2079,0.0001584539632001777,0.2124095326567155,0.9995692372322083
2080,0.0001584539632001777,0.21242299577450433,0.9995691180229187
2081,0.0001584539632001777,0.21243068898466935,0.9995686411857605
2082,0.0001584539632001777,0.21244222879991692,0.999568521976471
2083,0.0001584539632001777,0.21308461184869765,0.9995682835578918
2084,0.0001584539632001777,0.2130865351512389,0.9995679259300232
2085,0.0001584539632001777,0.2130961516639452,0.9995676875114441
2086,0.0001584539632001777,0.21310384487411024,0.9995672106742859
2087,0.0001584539632001777,0.21310769147919276,0.9995668530464172
2088,0.00015919440228055236,0.21310769147919276,0.9995667338371277
2089,0.00015919440228055236,0.21311153808427527,0.9995666146278381
2090,0.00015919440228055236,0.2131442342274767,0.9995662569999695
2091,0.00015919440228055236,0.21314615753001795,0.9995656609535217
2092,0.00015919440228055236,0.21315385074018298,0.9995655417442322
2093,0.00015919440228055236,0.21315577404272423,0.9995654225349426
2094,0.00015919440228055236,0.213309638246025,0.9995651841163635
2095,0.00015919440228055236,0.21352312482810484,0.9995649456977844
2096,0.00015919440228055236,0.21381354351183504,0.9995648264884949
2097,0.00015919440228055236,0.2138250833270826,0.9995642304420471
2098,0.00015919440228055236,0.21382700662962387,0.999563992023468
2099,0.00015919440228055236,0.21391163194143928,0.9995633959770203
2100,0.00015919440228055236,0.2142443632810772,0.9995627999305725
2101,0.00015919440228055236,0.2144924693088997,0.999562680721283
2102,0.00015919440228055236,0.21450016251906473,0.9995624423027039
2103,0.00015919440228055236,0.21454247517497244,0.9995623230934143
2104,0.00015919440228055236,0.21454632178005498,0.999561607837677
2105,0.00015919440228055236,0.21457517131817386,0.9995613694190979
2106,0.00015919440228055236,0.21464441020965921,0.9995608925819397
2107,0.00015919440228055236,0.21465787332744804,0.9995607733726501
2108,0.00015919440228055236,0.21468479956302566,0.9995600581169128
2109,0.00015919440228055236,0.21468864616810818,0.9995599389076233
2110,0.00015919440228055236,0.21471749570622709,0.9995598196983337
2111,0.00015919440228055236,0.21473480542909842,0.9995594620704651
2112,0.00015919440228055236,0.21481366083329007,0.999559223651886
2113,0.00015919440228055236,0.21486751330444534,0.9995582699775696
2114,0.00015919440228055236,0.21487520651461037,0.9995580315589905
2115,0.00015919440228055236,0.21489636284256422,0.9995579123497009
2116,0.00015919440228055236,0.21490405605272928,0.9995575547218323
2117,0.00015919440228055236,0.21502714741536988,0.9995571970939636
2118,0.00015919440228055236,0.21506753676873633,0.9995570778846741
2119,0.00015919440228055236,0.21506946007127759,0.9995566010475159
2120,0.00015919440228055236,0.21508869309669018,0.9995564818382263
2121,0.00015919440228055236,0.2150925397017727,0.999555766582489
2122,0.00015919440228055236,0.21511369602972658,0.9995555281639099
2123,0.00015919440228055236,0.2151175426348091,0.9995550513267517
2124,0.00015919440228055236,0.21516177859325805,0.9995549321174622
2125,0.00015919440228055236,0.2152214009720371,0.9995545744895935
2126,0.00015919440228055236,0.2152464039050735,0.9995543360710144
2127,0.00015919440228055236,0.21525794372032103,0.999553382396698
2128,0.00015919440228055236,0.21531948940164133,0.9995532631874084
2129,0.00015919440228055236,0.21532910591434765,0.9995531439781189
2130,0.00015919440228055236,0.21533295251943016,0.9995529055595398
2131,0.00015919440228055236,0.21539065159566795,0.9995525479316711
2132,0.00015919440228055236,0.21540603801599803,0.999552309513092
2133,0.00015919440228055236,0.2154118079236218,0.9995521903038025
2134,0.00015919440228055236,0.21542334773886937,0.9995517134666443
2135,0.00015919440228055236,0.2154598904871533,0.9995511174201965
2136,0.00015919440228055236,0.21546181378969456,0.999550998210907
2137,0.00015919440228055236,0.21547143030240085,0.9995508790016174
2138,0.00015919440228055236,0.21550797305068478,0.9995507597923279
2139,0.00015919440228055236,0.21550989635322604,0.9995506405830383
2140,0.00015919440228055236,0.2155214361684736,0.9995505213737488
2141,0.00015919440228055236,0.21552335947101486,0.9995504021644592
2142,0.00015919440228055236,0.21562914111078416,0.9995501637458801
2143,0.00015919440228055236,0.21563298771586667,0.999549925327301
2144,0.00015919440228055236,0.21563875762349044,0.9995498061180115
2145,0.00015919440228055236,0.21569068679210446,0.9995492100715637
2146,0.00015919440228055236,0.21569453339718697,0.999548614025116
2147,0.00015919440228055236,0.2157695421962961,0.9995484948158264
2148,0.00015919440228055236,0.21578685191916744,0.9995481371879578
2149,0.00015919440228055236,0.2157887752217087,0.9995478987693787
2150,0.00015919440228055236,0.21584647429794648,0.9995470643043518
2151,0.00015919440228055236,0.21586570732335908,0.9995467066764832
2152,0.00015919440228055236,0.21610996674609906,0.9995457530021667
2153,0.00015919440228055236,0.21611189004864031,0.9995450377464294
2154,0.00015919440228055236,0.216146509494383,0.9995447993278503
2155,0.00015919440228055236,0.21614843279692425,0.9995442032814026
2156,0.00015919440228055236,0.21628114067227117,0.9995439648628235
2157,0.00015919440228055236,0.21628498727735368,0.9995436072349548
2158,0.00015919440228055236,0.2163176834205551,0.9995433688163757
2159,0.00015919440228055236,0.2165850224737902,0.9995430707931519
2160,0.00015919440228055236,0.2170331519659037,0.9995429515838623
2161,0.00015919440228055236,0.21704084517606873,0.9995425939559937
2162,0.00015919440228055236,0.2170523849913163,0.9995417594909668
2163,0.00015919440228055236,0.2171620132361681,0.9995414018630981
2164,0.00015919440228055236,0.2171754763539569,0.9995410442352295
2165,0.00015919440228055236,0.21717739965649815,0.9995408058166504
2166,0.00015919440228055236,0.21721586570732335,0.9995406866073608
2167,0.00015919440228055236,0.21721778900986463,0.9995404481887817
2168,0.00015919440228055236,0.2172466385479835,0.9995399713516235
2169,0.00015919440228055236,0.2173043376242213,0.9995386600494385
2170,0.00015919440228055236,0.21732549395217515,0.9995385408401489
2171,0.00015919440228055236,0.21734472697758775,0.9995384216308594
2172,0.00015919440228055236,0.217346650280129,0.9995379447937012
2173,0.00015919440228055236,0.21738703963349545,0.9995377063751221
2174,0.00015919440228055236,0.21761014272828158,0.9995373487472534
2175,0.00015919440228055236,0.21979501441515253,0.9995371103286743
2176,0.00015919440228055236,0.21981617074310641,0.9995367527008057
2177,0.00015919440228055236,0.21983925037360152,0.9995354413986206
2178,0.00015919440228055236,0.21984117367614278,0.9995352029800415
2179,0.00015919440228055236,0.21992387568541694,0.999535083770752
2180,0.00015919440228055236,0.2199257989879582,0.9995349645614624
2181,0.00015919440228055236,0.2199450320133708,0.9995343685150146
2182,0.00015919440228055236,0.22002581072010371,0.9995342493057251
2183,0.00015919440228055236,0.22003735053535126,0.9995321035385132
2184,0.00015919440228055236,0.22016813510815691,0.9995319843292236
2185,0.00015919440228055236,0.22019313804119328,0.9995315074920654
2186,0.00015919440228055236,0.22019698464627582,0.9995313882827759
2187,0.00015919440228055236,0.2202219875793122,0.9995311498641968
2188,0.00015919440228055236,0.22023737399964227,0.9995310306549072
2189,0.00015919440228055236,0.2202489138148898,0.999530553817749
2190,0.00015919440228055236,0.22025083711743107,0.9995300769805908
2191,0.00015919440228055236,0.2213701991964442,0.9995290040969849
2192,0.00015919440228055236,0.22137212249898547,0.9995275735855103
2193,0.00015919440228055236,0.22141058854981066,0.9995263814926147
2194,0.00015919440228055236,0.22142020506251694,0.9995261430740356
2195,0.00015919440228055236,0.22143751478538828,0.9995260238647461
2196,0.00015919440228055236,0.22145290120571837,0.9995259046554565
2197,0.00015919440228055236,0.2214644410209659,0.9995256662368774
2198,0.00015919440228055236,0.2214663643235072,0.9995253086090088
2199,0.00015919440228055236,0.2214702109285897,0.9995251893997192
2200,0.00015919440228055236,0.22147598083621348,0.9995250701904297
2201,0.00015919440228055236,0.22147790413875473,0.9995249509811401
2202,0.00015919440228055236,0.2218221752936402,0.999524712562561
2203,0.00015919440228055236,0.2218375617139703,0.9995245933532715
2204,0.00015919440228055236,0.2218414083190528,0.9995244741439819
2205,0.00015919440228055236,0.221879874369878,0.9995241165161133
2206,0.00015919440228055236,0.22188179767241925,0.9995239973068237
2207,0.00015919440228055236,0.22190103069783187,0.9995238780975342
2208,0.00015919440228055236,0.22191641711816193,0.9995235204696655
2209,0.00015919440228055236,0.22192026372324447,0.9995231628417969
2210,0.00015919440228055236,0.2219279569334095,0.9995228052139282
2211,0.00015919440228055236,0.22210105416212286,0.9995225667953491
2212,0.00015919440228055236,0.2221087473722879,0.9995224475860596
2213,0.00015919440228055236,0.22211067067482917,0.99952232837677
2214,0.00015919440228055236,0.22222991543238726,0.9995218515396118
2215,0.00015919440228055236,0.22231454074420268,0.9995216131210327
2216,0.00015919440228055236,0.22231838734928522,0.999521017074585
2217,0.00015919440228055236,0.22247032825004473,0.9995207786560059
2218,0.00015919440228055236,0.22248186806529227,0.9995206594467163
2219,0.00015919440228055236,0.22248571467037478,0.9995194673538208
2220,0.00015919440228055236,0.22255880016694266,0.9995193481445312
2221,0.00015919440228055236,0.2225664933771077,0.9995191097259521
2222,0.00015919440228055236,0.22256841667964897,0.9995189905166626
2223,0.00015919440228055236,0.22260303612539165,0.9995187520980835
2224,0.00015919440228055236,0.2226049594279329,0.9995185136795044
2225,0.00015919440228055236,0.2226472720838406,0.9995177984237671
2226,0.00015919440228055236,0.2226626585041707,0.999517560005188
2227,0.00015919440228055236,0.22274151390836233,0.9995174407958984
2228,0.00015919440228055236,0.22274536051344485,0.9995167255401611
2229,0.00015919440228055236,0.2228953781116631,0.9995162487030029
2230,0.00015919440228055236,0.22290114801928687,0.9995158910751343
2231,0.00015919440228055236,0.22291076453199318,0.9995155334472656
2232,0.00015919440228055236,0.22291268783453444,0.999515175819397
2233,0.00015919440228055236,0.22303000928955127,0.9995150566101074
2234,0.00015919440228055236,0.22303193259209253,0.9995149374008179
2235,0.00015919440228055236,0.22303962580225759,0.9995148181915283
2236,0.00015919440228055236,0.22304154910479884,0.9995143413543701
2237,0.00015919440228055236,0.22304539570988136,0.9995139837265015
2238,0.00015919440228055236,0.22310309478611914,0.9995125532150269
2239,0.00015919440228055236,0.2231050180886604,0.9995124340057373
2240,0.00015919440228055236,0.2231280977191555,0.9995123147964478
2241,0.00015919440228055236,0.2231338676267793,0.9995118379592896
2242,0.00015919440228055236,0.22365123601037815,0.99951171875
2243,0.00015919440228055236,0.22365700591800192,0.9995114803314209
2244,0.00015919440228055236,0.22365892922054317,0.999510645866394
2245,0.00015919440228055236,0.22371662829678096,0.9995105266571045
2246,0.00015919440228055236,0.22371855159932222,0.9995101690292358
2247,0.00015919440228055236,0.22377817397810126,0.9995099306106567
2248,0.00015919440228055236,0.22378779049080758,0.9995096921920776
2249,0.00015919440228055236,0.22378971379334883,0.9995095729827881
2250,0.00015919440228055236,0.22380317691113766,0.9995089769363403
2251,0.00015919440228055236,0.22381279342384394,0.9995088577270508
2252,0.00015919440228055236,0.223820486634009,0.9995085000991821
2253,0.00015919440228055236,0.22383010314671528,0.999508261680603
2254,0.00015919440228055236,0.22396473432460345,0.9995080232620239
2255,0.00015919440228055236,0.22716318645071826,0.9995077848434448
2256,0.00015919440228055236,0.22717857287104834,0.9995074272155762
2257,0.00015919440228055236,0.22718241947613085,0.9995046854019165
2258,0.00015919440228055236,0.22719203598883717,0.9995042085647583
2259,0.00015919440228055236,0.22719395929137842,0.9995040893554688
2260,0.00015919440228055236,0.22720742240916722,0.9995031356811523
2261,0.00015919440228055236,0.22721319231679102,0.9995025396347046
2262,0.00015919440228055236,0.22722665543457982,0.9995023012161255
2263,0.00015919440228055236,0.22727473799811132,0.9995020627975464
2264,0.00015919440228055236,0.22730743414131274,0.9995019435882568
2265,0.00015919440228055236,0.22731512735147777,0.9995014667510986
2266,0.00015919440228055236,0.22732666716672534,0.9995008707046509
2267,0.00015919440228055236,0.22733628367943162,0.9995005130767822
2268,0.00015919440228055236,0.22734397688959668,0.9995002746582031
2269,0.00015919440228055236,0.22734590019213793,0.9994996786117554
2270,0.00015919440228055236,0.22735551670484422,0.9994988441467285
2271,0.00015919440228055236,0.22744591192428343,0.999498724937439
2272,0.00015919440228055236,0.2274709148573198,0.9994974136352539
2273,0.00015919440228055236,0.22778825977662764,0.9994968175888062
2274,0.00015919440228055236,0.22779210638171016,0.9994959831237793
2275,0.00015919440228055236,0.227857498668113,0.9994956254959106
2276,0.00015919440228055236,0.22787865499606685,0.9994953870773315
2277,0.00015919440228055236,0.22792289095451582,0.999495267868042
2278,0.00015919440228055236,0.2279575104002585,0.9994950294494629
2279,0.00015919440228055236,0.22795943370279975,0.9994949102401733
2280,0.00015919440228055236,0.22797097351804732,0.9994947910308838
2281,0.00015919440228055236,0.22805175222478022,0.999494194984436
2282,0.00015919440228055236,0.22805367552732148,0.9994940757751465
2283,0.00015919440228055236,0.22845179915336222,0.9994935989379883
2284,0.00015919440228055236,0.22851142153214127,0.9994934797286987
2285,0.00015919440228055236,0.2286287429871581,0.9994931221008301
2286,0.00015919440228055236,0.22865566922273575,0.9994925260543823
2287,0.00015919440228055236,0.22866143913035952,0.9994924068450928
2288,0.00015919440228055236,0.22868451876085463,0.9994921684265137
2289,0.00015919440228055236,0.22868836536593715,0.9994920492172241
2290,0.00015919440228055236,0.22872875471930362,0.9994915723800659
2291,0.00015919440228055236,0.22874029453455116,0.9994913339614868
2292,0.00015919440228055236,0.22877491398029384,0.9994910955429077
2293,0.00015919440228055236,0.22880761012349526,0.9994909763336182
2294,0.00015919440228055236,0.2288153033336603,0.9994908571243286
2295,0.00015919440228055236,0.22882876645144912,0.99949049949646
2296,0.00015919440228055236,0.2288383829641554,0.9994903802871704
2297,0.00015919440228055236,0.22895185781408972,0.9994899034500122
2298,0.00015919440228055236,0.22896532093187855,0.9994887113571167
2299,0.00015919440228055236,0.22899224716745617,0.9994885921478271
2300,0.00015919440228055236,0.2289960937725387,0.999488353729248
2301,0.00015919440228055236,0.2290095568903275,0.999488115310669
2302,0.00015919440228055236,0.22901340349541005,0.9994878768920898
2303,0.00015919440228055236,0.22901725010049256,0.9994871616363525
2304,0.00015919440228055236,0.22906148605894153,0.9994868040084839
2305,0.00015919440228055236,0.22908841229451918,0.9994864463806152
2306,0.00015919440228055236,0.22910764531993177,0.9994863271713257
2307,0.00015919440228055236,0.22910956862247303,0.9994858503341675
2308,0.00015919440228055236,0.22911918513517932,0.9994854927062988
2309,0.00015919440228055236,0.22912110843772057,0.9994853734970093
2310,0.00015919440228055236,0.22914034146313317,0.9994852542877197
2311,0.00015919440228055236,0.22914418806821568,0.9994845390319824
2312,0.00015919440228055236,0.22939998730620323,0.9994840621948242
2313,0.00015919440228055236,0.22940191060874449,0.9994833469390869
2314,0.00015919440228055236,0.22941345042399205,0.9994827508926392
2315,0.00015919440228055236,0.22941729702907457,0.9994825124740601
2316,0.00015919440228055236,0.22941922033161583,0.9994823932647705
2317,0.00015919440228055236,0.2294442232646522,0.9994822144508362
2318,0.00015919440228055236,0.2294634562900648,0.9994818568229675
2319,0.00015919440228055236,0.22947114950022984,0.9994816184043884
2320,0.00015919440228055236,0.2294730728027711,0.9994814991950989
2321,0.00015919440228055236,0.2294769194078536,0.9994812607765198
2322,0.00015919440228055236,0.22947884271039487,0.999480664730072
2323,0.00015919440228055236,0.22971156231788728,0.9994805455207825
2324,0.00015919440228055236,0.22971925552805234,0.9994804263114929
2325,0.00015919440228055236,0.22973464194838242,0.9994799494743347
2326,0.00015919440228055236,0.22974233515854744,0.9994798302650452
2327,0.00015919440228055236,0.22974618176362996,0.9994792342185974
2328,0.00015919440228055236,0.22975002836871247,0.9994781613349915
2329,0.00015919440228055236,0.2297827245119139,0.999476969242096
2330,0.00015919440228055236,0.2297865711169964,0.99947589635849
2331,0.00015919440228055236,0.2297923410246202,0.9994757771492004
2332,0.00015919440228055236,0.22980965074749155,0.9994755387306213
2333,0.00015919440228055236,0.22982119056273909,0.9994753003120422
2334,0.00015919440228055236,0.229850040100858,0.9994749426841736
2335,0.00015919440228055236,0.2298538867059405,0.999473512172699
2336,0.00015919440228055236,0.2298885061516832,0.9994731545448303
2337,0.00015919440228055236,0.2300173674219476,0.9994729161262512
2338,0.00015919440228055236,0.23003275384227764,0.999472439289093
2339,0.00015919440228055236,0.23006737328802032,0.9994722008705139
2340,0.00015919440228055236,0.23007698980072663,0.9994720816612244
2341,0.00015919440228055236,0.23008852961597417,0.9994718432426453
2342,0.00015919440228055236,0.23013276557442316,0.9994717240333557
2343,0.00015919440228055236,0.23019623455828472,0.9994714856147766
2344,0.00015919440228055236,0.23020969767607355,0.999471127986908
2345,0.00015919440228055236,0.23021546758369732,0.9994708895683289
2346,0.00015919440228055236,0.2302250840964036,0.9994701743125916
2347,0.00015919440228055236,0.23022893070148615,0.9994699358940125
2348,0.00015919440228055236,0.2305174260826751,0.9994687438011169
2349,0.00015919440228055236,0.23052319599029886,0.9994685053825378
2350,0.00015919440228055236,0.2305251192928401,0.9994681477546692
2351,0.00015919440228055236,0.23052896589792263,0.999467670917511
2352,0.00015919440228055236,0.23058666497416044,0.9994674324989319
2353,0.00015919440228055236,0.23067129028597586,0.9994673132896423
2354,0.00015919440228055236,0.23067513689105837,0.9994671940803528
2355,0.00015919440228055236,0.23067706019359963,0.9994667172431946
2356,0.00015919440228055236,0.23069052331138845,0.9994658827781677
2357,0.00015919440228055236,0.2307732253206626,0.9994657635688782
2358,0.00015919440228055236,0.23087131375026687,0.99946528673172
2359,0.00015919440228055236,0.23219262259611223,0.9994650483131409
2360,0.00015919440228055236,0.23219646920119474,0.9994645714759827
2361,0.00015919440228055236,0.23220031580627729,0.9994643330574036
2362,0.00015919440228055236,0.2322041624113598,0.999464213848114
2363,0.00015919440228055236,0.23220608571390106,0.9994640946388245
2364,0.00015919440228055236,0.23238879945532073,0.9994637370109558
2365,0.00015919440228055236,0.23242534220360464,0.9994634985923767
2366,0.00015919440228055236,0.23243111211122844,0.9994633793830872
2367,0.00015919440228055236,0.23245034513664103,0.9994632601737976
2368,0.00015919440228055236,0.23250035100271377,0.9994631409645081
2369,0.00015919440228055236,0.23250227430525505,0.9994630217552185
2370,0.00015919440228055236,0.23255035686878653,0.9994621872901917
2371,0.00015919440228055236,0.2326003627348593,0.9994620680809021
2372,0.00015919440228055236,0.2326042093399418,0.9994615912437439
2373,0.00015919440228055236,0.23364086940968076,0.9994613528251648
2374,0.00015919440228055236,0.23365625583001082,0.9994611144065857
2375,0.00015919440228055236,0.23480831405222535,0.9994608759880066
2376,0.00015919440228055236,0.234835240287803,0.9994605183601379
2377,0.00015919440228055236,0.23483908689288552,0.9994602799415588
2378,0.00015919440228055236,0.23484293349796803,0.9994596838951111
2379,0.00015919440228055236,0.23492371220470093,0.9994595646858215
2380,0.00015919440228055236,0.23494679183519604,0.9994592070579529
2381,0.00015919440228055236,0.2349775646758562,0.9994589686393738
2382,0.00015919440228055236,0.23502949384447022,0.9994588494300842
2383,0.00015919440228055236,0.23503141714701148,0.9994586110115051
2384,0.00015919440228055236,0.23503718705463525,0.9994584918022156
2385,0.00015919440228055236,0.23526606005704515,0.999458372592926
2386,0.00015919440228055236,0.2352679833595864,0.9994582533836365
2387,0.00015919440228055236,0.23527182996466894,0.9994578957557678
2388,0.00015919440228055236,0.2352737532672102,0.9994576573371887
2389,0.00015919440228055236,0.23534876206631933,0.9994568228721619
2390,0.00015919440228055236,0.23535068536886058,0.9994562268257141
2391,0.00015919440228055236,0.23536030188156687,0.9994556307792664
2392,0.00015919440228055236,0.23537568830189695,0.9994553923606873
2393,0.00015919440228055236,0.23538338151206198,0.9994538426399231
2394,0.00015919440228055236,0.23538530481460326,0.9994537234306335
2395,0.00015919440228055236,0.2354449271933823,0.9994530081748962
2396,0.00015919440228055236,0.23544685049592357,0.9994526505470276
2397,0.00015919440228055236,0.23545262040354734,0.9994518160820007
2398,0.00015919440228055236,0.2354776233365837,0.9994509816169739
2399,0.00015919440228055236,0.23549877966453758,0.9994503855705261
2400,0.00015919440228055236,0.2355026262696201,0.9994495511054993
2401,0.00015919440228055236,0.2355257059001152,0.9994489550590515
2402,0.00015919440228055236,0.23553147580773898,0.999447762966156
2403,0.00015919440228055236,0.23555070883315157,0.9994476437568665
2404,0.00015919440228055236,0.2355641719509404,0.9994475245475769
2405,0.00015919440228055236,0.23557186516110543,0.9994463324546814
2406,0.00015919440228055236,0.23557571176618797,0.9994460940361023
2407,0.00015919440228055236,0.235583404976353,0.9994458556175232
2408,0.00015919440228055236,0.23558532827889425,0.9994452595710754
2409,0.00015919440228055236,0.23559494479160056,0.9994451403617859
2410,0.00015919440228055236,0.23561033121193062,0.9994450211524963
2411,0.00015993484136092703,0.23561033121193062,0.9994444251060486
2412,0.00015993484136092703,0.23561417781701316,0.9994440674781799
2413,0.00015993484136092703,0.23579112165080904,0.9994437098503113
2414,0.00015993484136092703,0.2358161245838454,0.9994427561759949
2415,0.00015993484136092703,0.23583920421434054,0.9994425177574158
2416,0.00015993484136092703,0.23584689742450557,0.999440610408783
2417,0.00015993484136092703,0.23585266733212934,0.9994403719902039
2418,0.00015993484136092703,0.23585651393721185,0.9994390606880188
2419,0.00015993484136092703,0.2358738236600832,0.9994381070137024
2420,0.00015993484136092703,0.2358834401727895,0.999437153339386
2421,0.00015993484136092703,0.23589113338295453,0.99943608045578
2422,0.00015993484136092703,0.2359411392490273,0.9994359612464905
2423,0.00015993484136092703,0.23595267906427483,0.9994354844093323
2424,0.00015993484136092703,0.23599883832526508,0.9994348883628845
2425,0.00015993484136092703,0.23603345777100776,0.999433696269989
2426,0.00015993484136092703,0.23603538107354902,0.9994335770606995
2427,0.00015993484136092703,0.23604692088879656,0.9994321465492249
2428,0.00015993484136092703,0.2362315579327575,0.9994320273399353
2429,0.00015993484136092703,0.2362738705886652,0.9994319081306458
2430,0.00015993484136092703,0.23628156379883025,0.9994308352470398
2431,0.00015993484136092703,0.2362931036140778,0.9994300007820129
2432,0.00015993484136092703,0.2362988735217016,0.9994294047355652
2433,0.00015993484136092703,0.2363219531521967,0.9994290471076965
2434,0.00015993484136092703,0.23648543386820378,0.9994279742240906
2435,0.00015993484136092703,0.23648735717074504,0.999427855014801
2436,0.00015993484136092703,0.2364931270783688,0.999427318572998
2437,0.00015993484136092703,0.23658159899526676,0.9994268417358398
2438,0.00015993484136092703,0.23658352229780802,0.999426007270813
2439,0.00015993484136092703,0.23660660192830313,0.9994256496429443
2440,0.00015993484136092703,0.23661044853338564,0.9994255304336548
2441,0.00015993484136092703,0.2366162184410094,0.9994250535964966
2442,0.00015993484136092703,0.23662583495371572,0.9994245767593384
2443,0.00015993484136092703,0.23663929807150455,0.9994244575500488
2444,0.00015993484136092703,0.2366700709121647,0.9994243383407593
2445,0.00015993484136092703,0.23667391751724723,0.9994240999221802
2446,0.00015993484136092703,0.23667584081978849,0.9994239807128906
2447,0.00015993484136092703,0.23668930393757728,0.9994238615036011
2448,0.00015993484136092703,0.23669507384520108,0.9994237422943115
2449,0.00015993484136092703,0.23671046026553114,0.9994233846664429
2450,0.00015993484136092703,0.23671238356807242,0.9994232654571533
2451,0.00015993484136092703,0.2367220000807787,0.9994230270385742
2452,0.00015993484136092703,0.23672392338331996,0.9994220733642578
2453,0.00015993484136092703,0.2370181886721327,0.9994215965270996
2454,0.00015993484136092703,0.23708165765599426,0.9994210004806519
2455,0.00015993484136092703,0.23708550426107677,0.9994208812713623
2456,0.00015993484136092703,0.23709704407632434,0.9994193315505981
2457,0.00015993484136092703,0.2370989673788656,0.9994192123413086
2458,0.00015993484136092703,0.23719513250592858,0.999419093132019
2459,0.00015993484136092703,0.23719705580846984,0.9994188547134399
2460,0.00015993484136092703,0.2372028257160936,0.9994186162948608
2461,0.00015993484136092703,0.2372047490186349,0.9994180202484131
2462,0.00015993484136092703,0.2373509200117706,0.999417781829834
2463,0.00015993484136092703,0.23735284331431186,0.9994171857833862
2464,0.00015993484136092703,0.2373566899193944,0.9994170665740967
2465,0.00015993484136092703,0.23735861322193566,0.9994169473648071
2466,0.00015993484136092703,0.23736438312955943,0.9994159936904907
2467,0.00015993484136092703,0.23736822973464194,0.9994150400161743
2468,0.00015993484136092703,0.23737399964226572,0.9994149208068848
2469,0.00015993484136092703,0.23738746276005454,0.9994145631790161
2470,0.00015993484136092703,0.23739130936513705,0.9994140863418579
2471,0.00015993484136092703,0.23739707927276085,0.9994139671325684
2472,0.00015993484136092703,0.2374086190880084,0.9994113445281982
2473,0.00015993484136092703,0.2374124656930909,0.9994103908538818
2474,0.00015993484136092703,0.237427852113421,0.9994099140167236
2475,0.00015993484136092703,0.23744900844137484,0.9994093179702759
2476,0.00015993484136092703,0.23745477834899864,0.9994081258773804
2477,0.00015993484136092703,0.2375894095268868,0.9994075298309326
2478,0.00015993484136092703,0.23759710273705184,0.9994066953659058
2479,0.00015993484136092703,0.23761056585484067,0.9994063377380371
2480,0.00015993484136092703,0.23770673098190365,0.999406099319458
2481,0.00015993484136092703,0.23772211740223373,0.999404788017273
2482,0.00015993484136092703,0.23784328546233308,0.9994039535522461
2483,0.00015993484136092703,0.2378529019750394,0.999403715133667
2484,0.00015993484136092703,0.23789329132840584,0.9994028806686401
2485,0.00015993484136092703,0.23807792837236677,0.9994019269943237
2486,0.00015993484136092703,0.238227945970585,0.9994016885757446
2487,0.00015993484136092703,0.23822986927312628,0.9994015693664551
2488,0.00015993484136092703,0.23832795770273052,0.9994006156921387
2489,0.00015993484136092703,0.2383606538459319,0.9994004964828491
2490,0.00015993484136092703,0.23837027035863823,0.9994000196456909
2491,0.00015993484136092703,0.23838373347642705,0.9993993043899536
2492,0.00015993484136092703,0.23838758008150956,0.999398946762085
2493,0.00015993484136092703,0.23840873640946342,0.9993984699249268
2494,0.00015993484136092703,0.23843181603995853,0.9993982315063477
2495,0.00015993484136092703,0.23843373934249978,0.9993977546691895
2496,0.00015993484136092703,0.23844143255266484,0.9993971586227417
2497,0.00015993484136092703,0.23846451218315995,0.9993964433670044
2498,0.00015993484136092703,0.23846835878824246,0.9993957281112671
2499,0.00015993484136092703,0.23847605199840752,0.9993950128555298
2500,0.00015993484136092703,0.23848374520857255,0.9993927478790283
2501,0.00015993484136092703,0.23849720832636137,0.999392032623291
2502,0.00015993484136092703,0.23850297823398514,0.9993919134140015
2503,0.00015993484136092703,0.238524134561939,0.9993914365768433
2504,0.00015993484136092703,0.2385279811670215,0.9993913173675537
2505,0.00015993484136092703,0.23852990446956276,0.999390721321106
2506,0.00015993484136092703,0.23854144428481033,0.9993903636932373
2507,0.00015993484136092703,0.23854913749497536,0.9993891716003418
2508,0.00015993484136092703,0.2385914501508831,0.9993890523910522
2509,0.00015993484136092703,0.2385952967559656,0.9993886947631836
2510,0.00015993484136092703,0.23860298996613064,0.9993884563446045
2511,0.00015993484136092703,0.23860683657121315,0.9993878602981567
2512,0.00015993484136092703,0.23861837638646072,0.9993877410888672
2513,0.00015993484136092703,0.23862799289916703,0.9993851184844971
2514,0.00015993484136092703,0.23864337931949708,0.9993847608566284
2515,0.00015993484136092703,0.2388664824142832,0.9993836879730225
2516,0.00015993484136092703,0.23889340864986086,0.9993834495544434
2517,0.00015993484136092703,0.23889533195240212,0.9993832111358643
2518,0.00015993484136092703,0.23891264167527346,0.9993817806243896
2519,0.00015993484136092703,0.23891456497781471,0.9993798732757568
2520,0.00015993484136092703,0.23893956791085108,0.9993795156478882
2521,0.00015993484136092703,0.2389434145159336,0.9993788003921509
2522,0.00015993484136092703,0.23897418735659376,0.9993786811828613
2523,0.00015993484136092703,0.23897803396167627,0.9993780851364136
2524,0.00015993484136092703,0.23899919028963013,0.999377965927124
2525,0.00015993484136092703,0.23900303689471264,0.9993776679039001
2526,0.00015993484136092703,0.2390145767099602,0.9993770718574524
2527,0.00015993484136092703,0.23901842331504272,0.9993768334388733
2528,0.00015993484136092703,0.23904150294553783,0.9993758797645569
2529,0.00015993484136092703,0.2390434262480791,0.9993757605552673
2530,0.00015993484136092703,0.23911843504718822,0.9993752837181091
2531,0.00015993484136092703,0.23912228165227076,0.9993744492530823
2532,0.00015993484136092703,0.23912420495481201,0.9993736147880554
2533,0.00015993484136092703,0.23914151467768335,0.9993727803230286
2534,0.00016067528044130168,0.23915497779547215,0.9993709921836853
2535,0.00016067528044130168,0.2391588244005547,0.9993694424629211
2536,0.00016067528044130168,0.23917036421580223,0.9993693232536316
2537,0.00016067528044130168,0.239176134123426,0.999369204044342
2538,0.00016067528044130168,0.2391780574259673,0.9993689656257629
2539,0.00016067528044130168,0.2392049836615449,0.9993687272071838
2540,0.00016067528044130168,0.23921652347679248,0.9993675351142883
2541,0.00016067528044130168,0.23921844677933374,0.999366819858551
2542,0.00016067528044130168,0.23923190989712254,0.9993656277656555
2543,0.00016067528044130168,0.23923767980474633,0.9993651509284973
2544,0.00016067528044130168,0.23924537301491136,0.9993650317192078
2545,0.00016067528044130168,0.23924729631745262,0.9993647933006287
2546,0.00016067528044130168,0.23926652934286521,0.9993636012077332
2547,0.00016067528044130168,0.23927037594794773,0.9993632435798645
2548,0.00016067528044130168,0.23935500125976317,0.9993630051612854
2549,0.00016067528044130168,0.23935692456230442,0.9993621706962585
2550,0.00016067528044130168,0.23941270033600096,0.9993607401847839
2551,0.00016067528044130168,0.23941847024362473,0.9993600249290466
2552,0.00016067528044130168,0.2394300100588723,0.9993599057197571
2553,0.00016067528044130168,0.23947809262240377,0.9993591904640198
2554,0.00016067528044130168,0.23948386253002757,0.9993588328361511
2555,0.00016067528044130168,0.23948770913511008,0.9993584752082825
2556,0.00016067528044130168,0.23953579169864156,0.9993579983711243
2557,0.00016067528044130168,0.23953771500118284,0.9993576407432556
2558,0.00016067528044130168,0.23954733151388913,0.999357283115387
2559,0.00016067528044130168,0.23954925481643038,0.9993568062782288
2560,0.00016067528044130168,0.23955502472405416,0.999356210231781
2561,0.00016067528044130168,0.23955694802659544,0.9993556141853333
2562,0.00016067528044130168,0.23956079463167795,0.9993547797203064
2563,0.00016067528044130168,0.23957041114438424,0.9993545413017273
2564,0.00016067528044130168,0.2395723344469255,0.9993544220924377
2565,0.00016067528044130168,0.23968580929685981,0.9993534684181213
2566,0.00016067528044130168,0.23969542580956613,0.9993528723716736
2567,0.00016067528044130168,0.23969734911210738,0.9993526339530945
2568,0.00016067528044130168,0.2397050423222724,0.9993519186973572
2569,0.00016067528044130168,0.23972235204514375,0.9993517994880676
2570,0.00016067528044130168,0.23972619865022626,0.9993513226509094
2571,0.00016067528044130168,0.23972812195276755,0.9993509650230408
2572,0.00016067528044130168,0.2397396617680151,0.9993500113487244
2573,0.00016067528044130168,0.23974158507055635,0.9993498921394348
2574,0.00016067528044130168,0.2399108356941872,0.9993492960929871
2575,0.00016067528044130168,0.24001469403141523,0.9993489384651184
2576,0.00016067528044130168,0.6335281638807629,0.9993487000465393
2577,0.00016067528044130168,0.6335473969061756,0.9993485808372498
2578,0.00016067528044130168,0.6335647066290468,0.9993477463722229
2579,0.00016067528044130168,0.6336724115713575,0.9993476271629333
2580,0.00016067528044130168,0.6337089543196414,0.9993470311164856
2581,0.00016067528044130168,0.6337166475298064,0.9993465542793274
2582,0.00016067528044130168,0.6337685766984203,0.999345600605011
2583,0.00016067528044130168,0.6337781932111267,0.9993454813957214
2584,0.00016067528044130168,0.633780116513668,0.9993451237678528
2585,0.00016067528044130168,0.6348494727266083,0.9993447661399841
2586,0.00016067528044130168,0.6348533193316909,0.9993441700935364
2587,0.00016067528044130168,0.6349033251977636,0.9993439316749573
2588,0.00016067528044130168,0.6349110184079286,0.9993436932563782
2589,0.00016067528044130168,0.6349167883155524,0.9993434548377991
2590,0.00016067528044130168,0.6350995020569721,0.9993430972099304
2591,0.00016067528044130168,0.6351033486620545,0.9993420243263245
2592,0.00016067528044130168,0.6351110418722197,0.9993413090705872
2593,0.00016067528044130168,0.6351168117798434,0.9993404746055603
2594,0.00016067528044130168,0.6359130590319249,0.9993402361869812
2595,0.00016067528044130168,0.6359169056370074,0.9993395209312439
2596,0.00016067528044130168,0.6359188289395487,0.9993394017219543
2597,0.00016067528044130168,0.6359438318725851,0.9993392825126648
2598,0.00016067528044130168,0.6359476784776675,0.9993385672569275
2599,0.00016067528044130168,0.635995761041199,0.9993374943733215
2600,0.00016067528044130168,0.6360111474615291,0.9993372559547424
2601,0.00016067528044130168,0.6360169173691529,0.9993364214897156
2602,0.00016067528044130168,0.636032303789483,0.999336302280426
2603,0.00016067528044130168,0.6360399969996481,0.9993361830711365
2604,0.00016067528044130168,0.6360438436047305,0.9993359446525574
2605,0.00016067528044130168,0.6360553834199781,0.9993346333503723
2606,0.00016067528044130168,0.636091926168262,0.9993336796760559
2607,0.00016067528044130168,0.6361823213877013,0.9993332028388977
2608,0.00016067528044130168,0.6362034777156551,0.9993329644203186
2609,0.00016067528044130168,0.6363688817342035,0.99933260679245
2610,0.00016067528044130168,0.6363727283392859,0.9993322491645813
2611,0.00016067528044130168,0.6363746516418272,0.9993318915367126
2612,0.00016067528044130168,0.6363784982469097,0.9993315935134888
2613,0.00016067528044130168,0.6364054244824874,0.9993314743041992
2614,0.00016067528044130168,0.6364092710875698,0.9993312358856201
2615,0.00016067528044130168,0.6365188993324217,0.9993307590484619
2616,0.00016067528044130168,0.6366304508798147,0.9993300437927246
2617,0.00016067528044130168,0.636632374182356,0.9993294477462769
2618,0.00016067528044130168,0.6366458373001448,0.9993292093276978
2619,0.00016067528044130168,0.6368612471847659,0.9993287324905396
2620,0.00016067528044130168,0.6368747103025547,0.99932861328125
2621,0.00016067528044130168,0.6368824035127197,0.9993281364440918
2622,0.00016067528044130168,0.6368862501178023,0.9993274211883545
2623,0.00016067528044130168,0.6368900967228848,0.9993265867233276
2624,0.00016067528044130168,0.6369093297482974,0.9993263483047485
2625,0.00016067528044130168,0.6369247161686274,0.9993258714675903
2626,0.00016067528044130168,0.6369266394711688,0.9993257522583008
2627,0.00016067528044130168,0.6369535657067463,0.999325156211853
2628,0.00016067528044130168,0.6369554890092877,0.9993249177932739
2629,0.00016067528044130168,0.6369785686397827,0.999323844909668
2630,0.00016067528044130168,0.6369824152448652,0.9993237257003784
2631,0.00016067528044130168,0.636988185152489,0.9993236064910889
2632,0.00016067528044130168,0.6369901084550303,0.9993234872817993
2633,0.00016141571952167636,0.6370420376236443,0.9993232488632202
2634,0.00016141571952167636,0.6370516541363506,0.9993226528167725
2635,0.00016141571952167636,0.6370555007414331,0.9993225336074829
2636,0.00016141571952167636,0.6370785803719282,0.9993221759796143
2637,0.00016141571952167636,0.6370824269770108,0.9993220567703247
2638,0.00016141571952167636,0.6370881968846346,0.9993213415145874
2639,0.00016141571952167636,0.6370901201871758,0.9993212223052979
2640,0.00016141571952167636,0.6371055066075059,0.9993211030960083
2641,0.00016141571952167636,0.6371555124735786,0.9993205070495605
2642,0.00016141571952167636,0.6371670522888262,0.9993201494216919
2643,0.00016141571952167636,0.6371708988939087,0.9993189573287964
2644,0.00016141571952167636,0.6371901319193213,0.9993185997009277
2645,0.00016141571952167636,0.6372112882472751,0.9993183612823486
2646,0.00016141571952167636,0.6372228280625227,0.9993182420730591
2647,0.00016141571952167636,0.637224751365064,0.9993181228637695
2648,0.00016141571952167636,0.6372362911803116,0.9993168115615845
2649,0.00016141571952167636,0.6372459076930178,0.9993164539337158
2650,0.00016141571952167636,0.6372516776006416,0.9993155002593994
2651,0.00016141571952167636,0.6372555242057242,0.9993147850036621
2652,0.00016141571952167636,0.6372670640209717,0.9993135929107666
2653,0.00016141571952167636,0.6372882203489255,0.999313473701477
2654,0.00016141571952167636,0.6372959135590905,0.9993116855621338
2655,0.00016141571952167636,0.6373478427277046,0.9993115663528442
2656,0.00016141571952167636,0.6373574592404109,0.9993107318878174
2657,0.00016141571952167636,0.6373709223581997,0.9993100166320801
2658,0.00016141571952167636,0.6373824621734473,0.9993096590042114
2659,0.00016141571952167636,0.6374113117115662,0.9993094205856323
2660,0.00016141571952167636,0.6374286214344375,0.9993091821670532
2661,0.00016141571952167636,0.6374613175776389,0.999308705329895
2662,0.00016141571952167636,0.6374632408801801,0.9993077516555786
2663,0.00016141571952167636,0.637476703997969,0.9993072748184204
2664,0.00016141571952167636,0.6374786273005103,0.9993066787719727
2665,0.00016141571952167636,0.6375363263767481,0.999305248260498
2666,0.00016141571952167636,0.6375382496792893,0.999305009841919
2667,0.00016141571952167636,0.6376286448987285,0.9993044137954712
2668,0.00016141571952167636,0.6376594177393886,0.9993042945861816
2669,0.00016141571952167636,0.6376632643444712,0.9993038177490234
2670,0.00016141571952167636,0.6376671109495538,0.9993033409118652
2671,0.00016141571952167636,0.6376728808571774,0.9993029832839966
2672,0.00016141571952167636,0.6376786507648012,0.9993009567260742
2673,0.00016141571952167636,0.637684420672425,0.9993008375167847
2674,0.00016141571952167636,0.6376863439749663,0.9993002414703369
2675,0.00016141571952167636,0.6377478896562866,0.9992994070053101
2676,0.00016141571952167636,0.6377517362613692,0.9992984533309937
2677,0.00016141571952167636,0.6377536595639104,0.9992978572845459
2678,0.00016141571952167636,0.6377594294715342,0.9992977380752563
2679,0.00016141571952167636,0.6377613527740754,0.9992967844009399
2680,0.00016141571952167636,0.6377671226816992,0.9992964267730713
2681,0.00016141571952167636,0.6377709692867817,0.9992963075637817
2682,0.00016141571952167636,0.6377978955223593,0.9992961883544922
2683,0.00016141571952167636,0.6378017421274419,0.9992959499359131
2684,0.00016141571952167636,0.6378094353376069,0.9992939233779907
2685,0.00016141571952167636,0.6380421549450993,0.9992935657501221
2686,0.00016141571952167636,0.6380575413654294,0.9992934465408325
2687,0.00016141571952167636,0.6380825442984658,0.999293327331543
2688,0.00016141571952167636,0.6381825560306112,0.9992932081222534
2689,0.000162156158602051,0.6382037123585651,0.9992920160293579
2690,0.000162156158602051,0.6382075589636477,0.9992915391921997
2691,0.000162156158602051,0.6382133288712715,0.999290943145752
2692,0.000162156158602051,0.6382210220814365,0.9992907047271729
2693,0.00016289659768242568,0.6382210220814365,0.9992902278900146
2694,0.00016289659768242568,0.6382287152916015,0.9992896318435669
2695,0.00016289659768242568,0.6382402551068491,0.9992891550064087
2696,0.00016289659768242568,0.6382498716195554,0.9992886781692505
2697,0.00016289659768242568,0.638253718224638,0.9992885589599609
2698,0.00016289659768242568,0.6383114173008757,0.9992883801460266
2699,0.00016289659768242568,0.6383306503262883,0.999288022518158
2700,0.00016289659768242568,0.638336420233912,0.9992879033088684
2701,0.00016289659768242568,0.6383383435364534,0.9992877840995789
2702,0.00016289659768242568,0.638344113444077,0.9992871880531311
2703,0.00016363703676280033,0.6383671930745722,0.9992851614952087
2704,0.00016363703676280033,0.6383979659152323,0.9992850422859192
2705,0.00016363703676280033,0.6384056591253974,0.9992848038673401
2706,0.00016363703676280033,0.6384152756381037,0.9992843270301819
2707,0.00016363703676280033,0.6384287387558926,0.9992842078208923
2708,0.00016363703676280033,0.6384595115965527,0.9992838501930237
2709,0.00016363703676280033,0.6384614348990939,0.9992836117744446
2710,0.00016363703676280033,0.6384729747143415,0.9992830157279968
2711,0.00016363703676280033,0.6384979776473778,0.99928218126297
2712,0.00016363703676280033,0.6384999009499192,0.9992819428443909
2713,0.00016363703676280033,0.6385268271854968,0.9992813467979431
2714,0.00016363703676280033,0.6385306737905793,0.9992803931236267
2715,0.00016363703676280033,0.6385364436982031,0.9992800354957581
2716,0.00016363703676280033,0.6385402903032856,0.9992795586585999
2717,0.00016363703676280033,0.6385441369083681,0.9992793202400208
2718,0.00016363703676280033,0.6386364554303485,0.9992772936820984
2719,0.00016363703676280033,0.6386479952455961,0.9992766976356506
2720,0.00016363703676280033,0.6386980011116689,0.9992761015892029
2721,0.00016363703676280033,0.6387268506497877,0.9992757439613342
2722,0.00016363703676280033,0.6387287739523291,0.9992750287055969
2723,0.00016363703676280033,0.6387691633056954,0.9992747902870178
2724,0.00016363703676280033,0.638773009910778,0.9992746710777283
2725,0.00016363703676280033,0.6387903196336493,0.9992745518684387
2726,0.00016363703676280033,0.638817245869227,0.9992743134498596
2727,0.000164377475843175,0.6388210924743095,0.999272882938385
2728,0.000164377475843175,0.6388230157768507,0.9992724061012268
2729,0.000164377475843175,0.638840325499722,0.9992721676826477
2730,0.000164377475843175,0.6388499420124284,0.9992719292640686
2731,0.000164377475843175,0.6389153342988312,0.9992714524269104
2732,0.000164377475843175,0.6389191809039138,0.9992712140083313
2733,0.000164377475843175,0.638921104206455,0.9992710947990417
2734,0.000164377475843175,0.6389345673242438,0.9992707371711731
2735,0.000164377475843175,0.6389403372318676,0.9992706179618835
2736,0.000164377475843175,0.6389788032826927,0.9992696642875671
2737,0.000164377475843175,0.6389903430979403,0.9992691874504089
2738,0.000164377475843175,0.6389922664004816,0.9992688298225403
2739,0.000164377475843175,0.6390076528208116,0.9992682337760925
2740,0.000164377475843175,0.639009576123353,0.9992678761482239
2741,0.000164377475843175,0.6390615052919669,0.9992669224739075
2742,0.000164377475843175,0.6390961247377096,0.9992666840553284
2743,0.000164377475843175,0.6390999713427922,0.9992659687995911
2744,0.00016511791492354965,0.639321151135037,0.9992650151252747
2745,0.00016511791492354965,0.6394192395646412,0.9992645382881165
2746,0.00016511791492354965,0.6394269327748062,0.9992642998695374
2747,0.00016511791492354965,0.6394288560773476,0.9992638230323792
2748,0.00016511791492354965,0.6394346259849714,0.9992634654045105
2749,0.00016511791492354965,0.6394365492875126,0.9992629885673523
2750,0.00016511791492354965,0.639440395892595,0.9992623925209045
2751,0.00016511791492354965,0.6394461658002188,0.999262273311615
2752,0.00016511791492354965,0.6394788619434203,0.9992617964744568
2753,0.00016511791492354965,0.6394807852459615,0.9992613196372986
2754,0.00016511791492354965,0.6394961716662916,0.9992602467536926
2755,0.00016511791492354965,0.6395096347840804,0.9992596507072449
2756,0.00016511791492354965,0.6396923485255,0.9992592930793762
2757,0.00016511791492354965,0.6397442776941141,0.9992579817771912
2758,0.00016511791492354965,0.6397462009966554,0.9992577433586121
2759,0.00016511791492354965,0.6397558175093617,0.9992573857307434
2760,0.00016511791492354965,0.639757740811903,0.9992571473121643
2761,0.00016511791492354965,0.6397942835601869,0.9992559552192688
2762,0.00016511791492354965,0.6398039000728931,0.9992557168006897
2763,0.00016511791492354965,0.6398058233754345,0.9992555975914001
2764,0.00016511791492354965,0.6398404428211771,0.999255359172821
2765,0.00016511791492354965,0.6398596758465896,0.9992550015449524
2766,0.00016511791492354965,0.639861599149131,0.9992548823356628
2767,0.00016511791492354965,0.6398885253847086,0.9992545247077942
2768,0.00016511791492354965,0.6398904486872499,0.9992544054985046
2769,0.00016511791492354965,0.6399000651999561,0.9992541670799255
2770,0.00016511791492354965,0.6399019885024974,0.9992528557777405
2771,0.00016511791492354965,0.6399058351075799,0.9992504715919495
2772,0.00016511791492354965,0.6399077584101212,0.9992502331733704
2773,0.00016511791492354965,0.6399192982253687,0.9992501139640808
2774,0.00016511791492354965,0.6402731858929606,0.999247670173645
2775,0.00016585835400392433,0.6403058820361619,0.9992465972900391
2776,0.00016585835400392433,0.6403097286412445,0.9992461204528809
2777,0.00016585835400392433,0.6403924306505187,0.9992460012435913
2778,0.00016585835400392433,0.6404058937683075,0.9992455244064331
2779,0.00016585835400392433,0.6404732093572515,0.9992446899414062
2780,0.00016585835400392433,0.6404809025674165,0.9992445707321167
2781,0.00016585835400392433,0.6404828258699579,0.9992443323135376
2782,0.00016659879308429898,0.6404866724750403,0.9992434978485107
2783,0.00016659879308429898,0.6405116754080767,0.9992427825927734
2784,0.00016659879308429898,0.6405174453157005,0.9992424249649048
2785,0.00016659879308429898,0.6405386016436544,0.999241828918457
2786,0.00016659879308429898,0.6405443715512781,0.9992409944534302
2787,0.00016659879308429898,0.6405539880639844,0.9992395639419556
2788,0.00016659879308429898,0.6405770676944795,0.9992387294769287
2789,0.00016659879308429898,0.640602070627516,0.9992378950119019
2790,0.00016659879308429898,0.6406155337453048,0.9992372989654541
2791,0.00016659879308429898,0.6406193803503872,0.999237060546875
2792,0.00016659879308429898,0.6406482298885061,0.9992356300354004
2793,0.00016659879308429898,0.6406501531910475,0.999234676361084
2794,0.00016659879308429898,0.6407559348308167,0.9992344379425049
2795,0.00016659879308429898,0.640765551343523,0.9992341995239258
2796,0.00016733923216467365,0.6411809846924351,0.9992340803146362
2797,0.00016733923216467365,0.6412271439534253,0.9992333650588989
2798,0.00016733923216467365,0.6412425303737553,0.9992327690124512
2799,0.00016733923216467365,0.6412656100042505,0.9992302656173706
2800,0.00016733923216467365,0.6412713799118743,0.9992290735244751
2801,0.00016733923216467365,0.6413348488957359,0.999228835105896
2802,0.0001680796712450483,0.6413348488957359,0.9992284774780273
2803,0.0001680796712450483,0.6413367721982771,0.9992280006408691
2804,0.0001680796712450483,0.6413521586186072,0.99922776222229
2805,0.0001680796712450483,0.6413540819211484,0.9992266893386841
2806,0.0001680796712450483,0.6413617751313134,0.9992262125015259
2807,0.0001680796712450483,0.641373314946561,0.9992259740829468
2808,0.0001680796712450483,0.6415598752930632,0.9992249011993408
2809,0.0001680796712450483,0.6415810316210171,0.9992227554321289
2810,0.0001680796712450483,0.6415848782260996,0.9992226362228394
2811,0.0001680796712450483,0.6415868015286409,0.9992223978042603
2812,0.0001680796712450483,0.6415906481337234,0.9992218017578125
2813,0.0001680796712450483,0.6416060345540534,0.9992215633392334
2814,0.0001680796712450483,0.6416118044616772,0.9992210865020752
2815,0.0001680796712450483,0.6416483472099612,0.999220609664917
2816,0.0001680796712450483,0.6416771967480801,0.9992204904556274
2817,0.0001680796712450483,0.6416810433531626,0.9992191791534424
2818,0.0001680796712450483,0.6417118161938228,0.9992189407348633
2819,0.0001680796712450483,0.6428484879957072,0.9992172718048096
2820,0.0001680796712450483,0.6428504112982485,0.9992170333862305
2821,0.0001680796712450483,0.6429369599126051,0.9992159605026245
2822,0.0001680796712450483,0.6431235202591074,0.9992156028747559
2823,0.0001680796712450483,0.6431350600743548,0.9992152452468872
2824,0.0001680796712450483,0.6431389066794374,0.9992142915725708
2825,0.00017178186664692163,0.6433100806056095,0.9992141723632812
2826,0.00017178186664692163,0.6433120039081508,0.9992139339447021
2827,0.00017178186664692163,0.6433389301437284,0.9992138147354126
2828,0.00017178186664692163,0.643358163169141,0.9992133378982544
2829,0.00017178186664692163,0.6433600864716823,0.9992127418518066
2830,0.00017178186664692163,0.6433870127072598,0.9992114305496216
2831,0.00017178186664692163,0.6433908593123424,0.9992108345031738
2832,0.00017178186664692163,0.6433927826148836,0.9992098808288574
2833,0.00017178186664692163,0.6433985525225074,0.9992092847824097
2834,0.00017178186664692163,0.6434062457326725,0.9992066025733948
2835,0.00017178186664692163,0.643410092337755,0.9992057681083679
2836,0.00017178186664692163,0.6434447117834977,0.9992052912712097
2837,0.00017178186664692163,0.6434504816911215,0.9992051720619202
2838,0.00017178186664692163,0.6434735613216166,0.9992044568061829
2839,0.00017178186664692163,0.643477407926699,0.9992035031318665
2840,0.00017178186664692163,0.6434870244394054,0.9992033839225769
2841,0.00017178186664692163,0.6434947176495704,0.9992011189460754
2842,0.00017252230572729628,0.6435081807673593,0.9992009997367859
2843,0.00017252230572729628,0.6435216438851481,0.9992002844810486
2844,0.00017252230572729628,0.6435235671876893,0.999200165271759
2845,0.00017252230572729628,0.643565879843597,0.9991982579231262
2846,0.00017252230572729628,0.6435678031461383,0.9991976618766785
2847,0.00017252230572729628,0.6436908945087789,0.9991971850395203
2848,0.00017252230572729628,0.6437024343240265,0.9991970658302307
2849,0.00017252230572729628,0.6437101275341915,0.9991968274116516
2850,0.00017252230572729628,0.6438486053171623,0.9991965889930725
2851,0.00017252230572729628,0.6438524519222447,0.9991958737373352
2852,0.00017326274480767095,0.6439543869569315,0.9991957545280457
2853,0.00017326274480767095,0.6439563102594728,0.9991955161094666
2854,0.00017326274480767095,0.6439832364950504,0.999195396900177
2855,0.00017326274480767095,0.6439851597975916,0.9991950392723083
2856,0.0001740031838880456,0.6440486287814532,0.9991944432258606
2857,0.0001740031838880456,0.6445563806523458,0.9991936087608337
2858,0.0001740031838880456,0.644558303954887,0.9991926550865173
2859,0.0001740031838880456,0.6445621505599696,0.9991922974586487
2860,0.0001740031838880456,0.6446179263336661,0.9991921782493591
2861,0.0001740031838880456,0.6446217729387486,0.9991907477378845
2862,0.0001740031838880456,0.6446679321997388,0.9991902709007263
2863,0.0001740031838880456,0.6446737021073626,0.9991899132728577
2864,0.00017548406204879492,0.6448448760335347,0.9991891980171204
2865,0.00017548406204879492,0.6448775721767361,0.9991874098777771
2866,0.00017548406204879492,0.6448852653869012,0.9991852641105652
2867,0.00017548406204879492,0.6448891119919836,0.9991844296455383
2868,0.00017548406204879492,0.6449564275809277,0.9991843104362488
2869,0.00017548406204879492,0.644958350883469,0.9991841912269592
2870,0.00017548406204879492,0.6449987402368355,0.9991832375526428
2871,0.00017548406204879492,0.6450256664724131,0.9991828799247742
2872,0.00017548406204879492,0.6450275897749543,0.9991827607154846
2873,0.00017844581837029357,0.6452487695671992,0.999182403087616
2874,0.00017844581837029357,0.6453372414840972,0.9991821646690369
2875,0.00017844581837029357,0.6453430113917209,0.99918133020401
2876,0.00017844581837029357,0.6453699376272986,0.9991804957389832
2877,0.00017844581837029357,0.6453930172577937,0.9991798996925354
2878,0.00017844581837029357,0.6454199434933713,0.9991796612739563
2879,0.00017844581837029357,0.6454353299137014,0.9991795420646667
2880,0.00017844581837029357,0.6454622561492791,0.9991791844367981
2881,0.00017918625745066825,0.6454680260569028,0.9991787075996399
2882,0.00017918625745066825,0.6454718726619854,0.999177873134613
2883,0.00017918625745066825,0.6454776425696092,0.9991770386695862
2884,0.00017918625745066825,0.6454968755950217,0.9991768002510071
2885,0.00017918625745066825,0.645846916657531,0.9991757273674011
2886,0.00017918625745066825,0.6458488399600723,0.999175488948822
2887,0.00017918625745066825,0.6458526865651547,0.9991753697395325
2888,0.00017918625745066825,0.6458680729854849,0.9991750121116638
2889,0.00019325459997778682,0.6483260536332147,0.9991746544837952
2890,0.0001939950390581615,0.6483664429865811,0.9991728663444519
2891,0.0001939950390581615,0.6483779828018287,0.9991718530654907
2892,0.0001939950390581615,0.6484222187602776,0.9991713762283325
2893,0.00019473547813853614,0.6484529916009378,0.999171257019043
2894,0.00019473547813853614,0.6484568382060203,0.9991699457168579
2895,0.00019473547813853614,0.6484972275593868,0.9991698265075684
2896,0.00019547591721891082,0.6484972275593868,0.9991694688796997
2897,0.00019547591721891082,0.6485126139797168,0.999168872833252
2898,0.00019547591721891082,0.6485145372822582,0.9991675615310669
2899,0.00019547591721891082,0.6485318470051294,0.9991668462753296
2900,0.00019547591721891082,0.6485376169127532,0.9991660118103027
2901,0.00019547591721891082,0.6485491567280007,0.9991658926010132
2902,0.00019621635629928547,0.6485491567280007,0.9991656541824341
2903,0.00019621635629928547,0.6485703130559547,0.9991648197174072
2904,0.00019621635629928547,0.6486068558042386,0.999164342880249
2905,0.00019621635629928547,0.6486318587372749,0.9991637468338013
2906,0.00019695679537966014,0.648735717074503,0.9991632699966431
2907,0.00019695679537966014,0.6487376403770442,0.9991629123687744
2908,0.00019695679537966014,0.6488588084371436,0.999161958694458
2909,0.00019695679537966014,0.6488607317396848,0.9991613626480103
2910,0.00019695679537966014,0.648891504580345,0.999160885810852
2911,0.0001976972344600348,0.648891504580345,0.9991604089736938
2912,0.0001976972344600348,0.6489030443955925,0.9991600513458252
2913,0.0001976972344600348,0.6491857698691578,0.9991599321365356
2914,0.0001976972344600348,0.6492146194072766,0.9991596937179565
2915,0.0001976972344600348,0.6492242359199829,0.9991593360900879
2916,0.0001976972344600348,0.6492684718784318,0.9991588592529297
2917,0.0001976972344600348,0.6492800116936794,0.9991586208343506
2918,0.0001976972344600348,0.6492819349962207,0.999158501625061
2919,0.0001976972344600348,0.6493627137029536,0.9991579055786133
2920,0.0001976972344600348,0.6493761768207424,0.9991576671600342
2921,0.00019843767354040947,0.6493761768207424,0.9991575479507446
2922,0.00019843767354040947,0.6493781001232837,0.9991570711135864
2923,0.00019843767354040947,0.64938771663599,0.9991567134857178
2924,0.00019843767354040947,0.6493915632410725,0.9991563558578491
2925,0.00019843767354040947,0.6494146428715676,0.9991558790206909
2926,0.00019843767354040947,0.6494184894766502,0.9991550445556641
2927,0.00019843767354040947,0.649424259384274,0.9991544485092163
2928,0.00019843767354040947,0.6494281059893564,0.9991531372070312
2929,0.00019843767354040947,0.6494415691071452,0.999152421951294
2930,0.00019843767354040947,0.649447339014769,0.9991523027420044
2931,0.00019843767354040947,0.6494511856198516,0.9991511106491089
2932,0.00019843767354040947,0.6494684953427229,0.9991509914398193
2933,0.00019843767354040947,0.6494742652503467,0.9991506338119507
2934,0.00019843767354040947,0.6495377342342082,0.9991497993469238
2935,0.00020065899078153344,0.6504647660590954,0.9991495609283447
2936,0.00020065899078153344,0.6505032321099206,0.9991493225097656
2937,0.00020065899078153344,0.6506494031030563,0.9991492033004761
2938,0.00020065899078153344,0.6506513264055975,0.9991484880447388
2939,0.00020065899078153344,0.6506859458513402,0.9991483688354492
2940,0.00020065899078153344,0.6507167186920004,0.9991476535797119
2941,0.00020065899078153344,0.6507321051123305,0.9991475343704224
2942,0.00020065899078153344,0.650735951717413,0.9991474151611328
2943,0.00020065899078153344,0.6507455682301193,0.9991472959518433
2944,0.00020065899078153344,0.6507628779529906,0.9991466999053955
2945,0.00020065899078153344,0.6507821109784032,0.999146580696106
2946,0.00020065899078153344,0.6507974973987333,0.9991461038589478
2947,0.00020065899078153344,0.6508148071216047,0.9991450309753418
2948,0.00020065899078153344,0.6508205770292285,0.9991436004638672
2949,0.00020065899078153344,0.6508225003317697,0.9991434812545776
2950,0.00020065899078153344,0.6508475032648061,0.9991432428359985
2951,0.00020065899078153344,0.6508571197775124,0.9991426467895508
2952,0.00020065899078153344,0.65086865959276,0.9991425275802612
2953,0.00020065899078153344,0.6520341809327632,0.9991424083709717
2954,0.00021842952871052533,0.6554903555994068,0.9991413354873657
2955,0.00021842952871052533,0.6559615647220155,0.9991412162780762
2956,0.00021842952871052533,0.6559692579321805,0.9991399049758911
2957,0.00021842952871052533,0.6560077239830057,0.9991395473480225
2958,0.00021842952871052533,0.6560134938906295,0.9991394281387329
2959,0.00021842952871052533,0.6560731162694086,0.9991378784179688
2960,0.00021842952871052533,0.6560750395719498,0.999137282371521
2961,0.0002191699677909,0.656076962874491,0.9991366267204285
2962,0.0002191699677909,0.6560788861770324,0.9991342425346375
2963,0.00021991040687127465,0.6560788861770324,0.9991340041160583
2964,0.00021991040687127465,0.6561923610269667,0.9991335272789001
2965,0.00021991040687127465,0.6561942843295079,0.9991334080696106
2966,0.00022065084595164933,0.6562885261540297,0.9991323351860046
2967,0.00022065084595164933,0.656305835876901,0.9991322159767151
2968,0.00022065084595164933,0.6563404553226436,0.9991305470466614
2969,0.00022065084595164933,0.6563423786251849,0.9991282820701599
2970,0.00022065084595164933,0.6563808446760101,0.9991275668144226
2971,0.00022065084595164933,0.6570501539603685,0.9991274476051331
2972,0.00022065084595164933,0.6571001598264412,0.9991273283958435
2973,0.00022065084595164933,0.6585599464552573,0.9991270899772644
2974,0.00022065084595164933,0.6595600637767123,0.999126136302948
2975,0.00022065084595164933,0.6595619870792535,0.9991253018379211
2976,0.00022065084595164933,0.6595735268945011,0.9991249442100525
2977,0.00022065084595164933,0.6595754501970423,0.9991248250007629
2978,0.00022065084595164933,0.6595792968021249,0.9991241097450256
2979,0.00022065084595164933,0.659765857148627,0.9991238713264465
2980,0.00022065084595164933,0.6598158630146999,0.9991236329078674
2981,0.00022065084595164933,0.6598408659477362,0.9991235136985779
2982,0.00022065084595164933,0.6598485591579012,0.9991230368614197
2983,0.00022065084595164933,0.6598504824604424,0.9991227984428406
2984,0.00022139128503202398,0.6598851019061851,0.999122679233551
2985,0.00022139128503202398,0.6598870252087264,0.9991211295127869
2986,0.00022139128503202398,0.6599216446544691,0.9991188645362854
2987,0.00022139128503202398,0.6599793437307069,0.9991187453269958
2988,0.00022139128503202398,0.6599831903357893,0.9991186261177063
2989,0.00022139128503202398,0.6599966534535782,0.9991183876991272
2990,0.00022139128503202398,0.6600678156476049,0.9991181492805481
2991,0.00022139128503202398,0.6600755088577699,0.9991173148155212
2992,0.00022139128503202398,0.6602832255322258,0.9991170763969421
2993,0.00022139128503202398,0.6603967003821603,0.9991167187690735
2994,0.00022139128503202398,0.6604005469872427,0.9991165995597839
2995,0.00022213172411239866,0.6604428596431504,0.9991163611412048
2996,0.00022213172411239866,0.6607082753938442,0.9991154074668884
2997,0.0002250934804338973,0.6619391890202505,0.9991152882575989
2998,0.0002250934804338973,0.661943035625333,0.9991151690483093
2999,0.0002250934804338973,0.6620834367108449,0.9991150498390198
3000,0.0002250934804338973,0.6620872833159275,0.9991148114204407
3001,0.0002250934804338973,0.6620892066184687,0.9991133809089661
3002,0.0002250934804338973,0.6621796018379079,0.9991126656532288
3003,0.0002250934804338973,0.6621815251404491,0.9991123080253601
3004,0.00022583391951427195,0.6621834484429904,0.9991112351417542
3005,0.00022583391951427195,0.6621988348633205,0.9991108775138855
3006,0.00022657435859464663,0.6622796135700534,0.9991104006767273
3007,0.00022731479767502128,0.6622949999903834,0.9991070628166199
3008,0.00022731479767502128,0.6622969232929248,0.9991067051887512
3009,0.00022731479767502128,0.6623084631081723,0.9991059899330139
3010,0.00022731479767502128,0.6623353893437499,0.9991058707237244
3011,0.00022731479767502128,0.6623411592513737,0.9991055130958557
3012,0.00022731479767502128,0.6623430825539149,0.9991050362586975
3013,0.00022731479767502128,0.6623488524615387,0.9991046786308289
3014,0.00022731479767502128,0.66235077576408,0.999103844165802
3015,0.00022731479767502128,0.6623546223691625,0.9991037249565125
3016,0.00022731479767502128,0.6623661621844101,0.9991036057472229
3017,0.00022731479767502128,0.6623719320920338,0.999103307723999
3018,0.00022731479767502128,0.6624046282352353,0.9991028308868408
3019,0.00022731479767502128,0.6624180913530241,0.999101996421814
3020,0.00022731479767502128,0.6624200146555653,0.9991018772125244
3021,0.00022731479767502128,0.6624661739165556,0.9991012811660767
3022,0.00022731479767502128,0.6625027166648395,0.9991008043289185
3023,0.00022731479767502128,0.6625315662029584,0.9991006851196289
3024,0.00022731479767502128,0.6625411827156648,0.9991005659103394
3025,0.00022731479767502128,0.6625565691359948,0.9991004467010498
3026,0.00022731479767502128,0.6625681089512424,0.999099850654602
3027,0.00022731479767502128,0.6625911885817375,0.9990997314453125
3028,0.00022731479767502128,0.6626527342630578,0.9990994930267334
3029,0.00022731479767502128,0.6626758138935529,0.9990990161895752
3030,0.00022805523675539595,0.6627315896672494,0.9990986585617065
3031,0.00022805523675539595,0.6627892887434872,0.9990981817245483
3032,0.0002287956758357706,0.6628296780968537,0.9990973472595215
3033,0.0002287956758357706,0.6628316013993949,0.9990971088409424
3034,0.0002287956758357706,0.6628392946095599,0.9990967512130737
3035,0.0002287956758357706,0.6628489111222663,0.9990966320037842
3036,0.0002287956758357706,0.6628758373578439,0.9990965127944946
3037,0.00022953611491614528,0.6632412648406832,0.9990956783294678
3038,0.00022953611491614528,0.6632451114457657,0.9990942478179932
3039,0.00022953611491614528,0.6632681910762609,0.9990941286087036
3040,0.00022953611491614528,0.6632758842864259,0.9990924596786499
3041,0.00022953611491614528,0.6668263007775912,0.9990922212600708
3042,0.00022953611491614528,0.6697747235733422,0.9990918636322021
3043,0.00022953611491614528,0.6698016498089199,0.999091386795044
3044,0.00022953611491614528,0.6698093430190849,0.9990907907485962
3045,0.00022953611491614528,0.669868965397864,0.9990898370742798
3046,0.00022953611491614528,0.6698708887004052,0.9990887641906738
3047,0.00022953611491614528,0.6698920450283591,0.9990886449813843
3048,0.00023027655399651993,0.6698920450283591,0.9990885257720947
3049,0.00023027655399651993,0.6698939683309003,0.9990882873535156
3050,0.00023027655399651993,0.6699016615410653,0.9990881681442261
3051,0.00023027655399651993,0.6699074314486891,0.9990876913070679
3052,0.00023027655399651993,0.6699112780537717,0.9990874528884888
3053,0.00023027655399651993,0.6699132013563129,0.9990873336791992
3054,0.00023027655399651993,0.6699266644741018,0.9990861415863037
3055,0.00023027655399651993,0.669928587776643,0.999085545539856
3056,0.00023027655399651993,0.6700035965757521,0.9990853071212769
3057,0.00023027655399651993,0.6700074431808347,0.99908447265625
3058,0.00023027655399651993,0.6700285995087886,0.999083399772644
3059,0.00023027655399651993,0.6700516791392837,0.9990832805633545
3060,0.00023027655399651993,0.6700593723494487,0.9990789890289307
3061,0.00023027655399651993,0.6702882453518586,0.9990783929824829
3062,0.00023027655399651993,0.6702997851671061,0.9990776777267456
3063,0.00023027655399651993,0.6703151715874363,0.999077320098877
3064,0.00023027655399651993,0.6703363279153901,0.9990763664245605
3065,0.00023027655399651993,0.6704805756059845,0.9990761280059814
3066,0.00023027655399651993,0.6722942499023924,0.9990758895874023
3067,0.00023027655399651993,0.6722961732049336,0.9990756511688232
3068,0.0002310169930768946,0.6723884917269142,0.9990754127502441
3069,0.0002310169930768946,0.6723904150294554,0.9990752935409546
3070,0.0002310169930768946,0.6724808102488946,0.999075174331665
3071,0.0002310169930768946,0.6724981199717659,0.9990745782852173
3072,0.0002310169930768946,0.6726923735284331,0.9990744590759277
3073,0.0002310169930768946,0.6726962201335157,0.9990729093551636
3074,0.0002310169930768946,0.6727019900411394,0.999072790145874
3075,0.0002310169930768946,0.672705836646222,0.9990723133087158
3076,0.0002310169930768946,0.6727366094868821,0.9990721940994263
3077,0.0002310169930768946,0.6727462259995884,0.9990707635879517
3078,0.0002310169930768946,0.6727500726046709,0.9990695118904114
3079,0.0002310169930768946,0.6728289280088626,0.9990689158439636
3080,0.0002310169930768946,0.6728885503876416,0.999068558216095
3081,0.00023175743215726925,0.6728885503876416,0.999067485332489
3082,0.00023175743215726925,0.6729231698333843,0.9990672469139099
3083,0.00023175743215726925,0.672980868909622,0.9990671277046204
3084,0.00023175743215726925,0.6730001019350347,0.9990670084953308
3085,0.00023175743215726925,0.6730828039443089,0.9990668892860413
3086,0.00023249787123764393,0.6730828039443089,0.9990662932395935
3087,0.00023249787123764393,0.6730885738519327,0.999066174030304
3088,0.00023249787123764393,0.6731231932976753,0.9990653395652771
3089,0.00023249787123764393,0.6731366564154642,0.9990652203559875
3090,0.00023323831031801857,0.6731366564154642,0.999065101146698
3091,0.00023323831031801857,0.6733462963924615,0.9990649819374084
3092,0.00023323831031801857,0.6733482196950027,0.9990648627281189
3093,0.00023323831031801857,0.6733559129051677,0.9990642666816711
3094,0.00023323831031801857,0.6733847624432866,0.9990639090538025
3095,0.00023323831031801857,0.6733886090483692,0.9990636706352234
3096,0.00023397874939839325,0.6733886090483692,0.9990634322166443
3097,0.00023397874939839325,0.6735905558152014,0.9990631937980652
3098,0.00023397874939839325,0.6735924791177427,0.9990630745887756
3099,0.00023397874939839325,0.6736020956304489,0.9990624785423279
3100,0.00023397874939839325,0.6736194053533203,0.9990623593330383
3101,0.00023397874939839325,0.6736213286558616,0.9990610480308533
3102,0.0002347191884787679,0.6736424849838154,0.9990599751472473
3103,0.0002347191884787679,0.6737021073625945,0.9990598559379578
3104,0.0002347191884787679,0.6737098005727595,0.9990596175193787
3105,0.0002347191884787679,0.6737117238753008,0.9990593791007996
3106,0.0002347191884787679,0.6742521718893947,0.99905925989151
3107,0.0002347191884787679,0.6742560184944772,0.9990591406822205
3108,0.0002347191884787679,0.6742637117046423,0.9990589022636414
3109,0.0002347191884787679,0.6742752515198899,0.999057948589325
3110,0.0002347191884787679,0.6742887146376787,0.9990575909614563
3111,0.0002347191884787679,0.6742944845453024,0.9990565180778503
3112,0.0002347191884787679,0.674298331150385,0.9990561604499817
3113,0.0002347191884787679,0.6743021777554674,0.9990538954734802
3114,0.0002347191884787679,0.6743175641757976,0.999053418636322
3115,0.00023545962755914257,0.6744079593952368,0.9990530610084534
3116,0.00023545962755914257,0.6744579652613095,0.9990515112876892
3117,0.00023620006663951722,0.6744829681943458,0.9990513920783997
3118,0.00023620006663951722,0.6745098944299235,0.9990511536598206
3119,0.00023620006663951722,0.6745445138756662,0.9990503191947937
3120,0.00023620006663951722,0.6745752867163264,0.9990492463111877
3121,0.00023620006663951722,0.6745791333214088,0.9990488886833191
3122,0.0002369405057198919,0.6746329857925641,0.9990484118461609
3123,0.0002369405057198919,0.6746368323976466,0.9990480542182922
3124,0.0002369405057198919,0.6747676169704523,0.9990479350090027
3125,0.0002369405057198919,0.6747810800882411,0.9990478157997131
3126,0.0002369405057198919,0.6747887732984061,0.9990473389625549
3127,0.0002369405057198919,0.6747926199034887,0.9990465044975281
3128,0.0002369405057198919,0.6748195461390664,0.9990450739860535
3129,0.0002369405057198919,0.6748233927441488,0.9990440011024475
3130,0.0002406427011217652,0.6760331500426011,0.9990426898002625
3131,0.00024212357928251452,0.6772582937613836,0.9990423321723938
3132,0.00024212357928251452,0.6772679102740898,0.9990422129631042
3133,0.00024212357928251452,0.6772717568791724,0.9990416169166565
3134,0.00024212357928251452,0.6777795087500649,0.9990412592887878
3135,0.00024212357928251452,0.6777852786576887,0.9990410208702087
3136,0.00024212357928251452,0.6777872019602299,0.9990409016609192
3137,0.00024212357928251452,0.6778218214059726,0.9990405440330505
3138,0.00024212357928251452,0.6779814555168971,0.9990400671958923
3139,0.00024212357928251452,0.677987225424521,0.9990398287773132
3140,0.00024212357928251452,0.6779891487270622,0.9990390539169312
3141,0.0002450853356040132,0.6787142337851171,0.9990389347076416
3142,0.0002450853356040132,0.6836186552653292,0.9990386962890625
3143,0.0002450853356040132,0.6836378882907418,0.999038577079773
3144,0.0002450853356040132,0.6836436581983656,0.9990384578704834
3145,0.0002450853356040132,0.6836513514085306,0.9990382194519043
3146,0.0002465662137647625,0.6837455932330523,0.9990379810333252
3147,0.0002465662137647625,0.6837494398381349,0.9990369081497192
3148,0.0002465662137647625,0.6837590563508411,0.9990367889404297
3149,0.0002465662137647625,0.6837609796533825,0.9990359544754028
3150,0.0002465662137647625,0.6838456049651979,0.9990353584289551
3151,0.0002487875310058865,0.6839436933948021,0.9990347623825073
3152,0.0002487875310058865,0.6840533216396539,0.9990345239639282
3153,0.0002487875310058865,0.6840783245726902,0.9990344047546387
3154,0.0002487875310058865,0.6840802478752315,0.9990342855453491
3155,0.0002487875310058865,0.6841302537413043,0.9990338087081909
3156,0.0002487875310058865,0.6841341003463868,0.9990329742431641
3157,0.00024952797008626114,0.6841571799768819,0.9990324974060059
3158,0.00024952797008626114,0.684180259607377,0.9990323781967163
3159,0.00024952797008626114,0.6841879528175421,0.9990321397781372
3160,0.00024952797008626114,0.6841898761200833,0.9990317821502686
3161,0.00024952797008626114,0.6842302654734498,0.9990314245223999
3162,0.00024952797008626114,0.6843706665589617,0.9990310668945312
3163,0.00024952797008626114,0.6844091326097869,0.9990296363830566
3164,0.00024952797008626114,0.6844283656351995,0.9990295171737671
3165,0.00024952797008626114,0.6845360705775101,0.9990291595458984
3166,0.00024952797008626114,0.684557226905464,0.9990290403366089
3167,0.0002502684091666358,0.684557226905464,0.9990289211273193
3168,0.0002502684091666358,0.6846976279909759,0.9990286827087402
3169,0.0002502684091666358,0.6848688019171479,0.9990279674530029
3170,0.0002502684091666358,0.6848726485222305,0.9990272521972656
3171,0.0002502684091666358,0.684876495127313,0.999026894569397
3172,0.0002502684091666358,0.6849668903467522,0.9990267753601074
3173,0.0002502684091666358,0.6849938165823298,0.9990257024765015
3174,0.0002502684091666358,0.6849976631874124,0.9990254640579224
3175,0.0002502684091666358,0.6850034330950362,0.9990251064300537
3176,0.0002502684091666358,0.6850803651966866,0.9990246295928955
3177,0.0002502684091666358,0.6851515273907132,0.9990240335464478
3178,0.0002502684091666358,0.6851669138110432,0.9990239143371582
3179,0.0002502684091666358,0.6851899934415383,0.9990233182907104
3180,0.0002502684091666358,0.6853188547118028,0.9990231990814209
3181,0.0002502684091666358,0.6855015684532224,0.9990228414535522
3182,0.0002502684091666358,0.6855304179913413,0.9990222454071045
3183,0.0002502684091666358,0.6856881287997246,0.9990217685699463
3184,0.0002502684091666358,0.6856919754048071,0.9990205764770508
3185,0.0002502684091666358,0.6857246715480085,0.9990202188491821
3186,0.0002510088482470105,0.685736211363256,0.9990198612213135
3187,0.0002510088482470105,0.6857631375988337,0.9990197420120239
3188,0.0002510088482470105,0.685765060901375,0.9990196228027344
3189,0.0002510088482470105,0.6858073735572827,0.9990190267562866
3190,0.0002510088482470105,0.6858131434649064,0.9990189075469971
3191,0.0002510088482470105,0.685816990069989,0.999018669128418
3192,0.0002510088482470105,0.6858227599776128,0.9990185499191284
3193,0.0002510088482470105,0.6859881639961611,0.9990179538726807
3194,0.0002510088482470105,0.6859900872987024,0.9990167617797852
3195,0.00025174928732738514,0.6860497096774814,0.999016523361206
3196,0.00025174928732738514,0.6860516329800227,0.9990161657333374
3197,0.00025174928732738514,0.6860631727952702,0.9990158081054688
3198,0.00025174928732738514,0.6860650960978115,0.9990154504776001
3199,0.00025174928732738514,0.6861016388460954,0.9990153312683105
3200,0.0002524897264077598,0.6861939573680759,0.9990140199661255
3201,0.0002524897264077598,0.6861978039731584,0.9990139007568359
3202,0.0002524897264077598,0.6861997272756997,0.9990137815475464
3203,0.0002524897264077598,0.6862208836036535,0.9990135431289673
3204,0.0002524897264077598,0.686224730208736,0.9990130662918091
3205,0.0002524897264077598,0.6862593496544787,0.9990129470825195
3206,0.0002524897264077598,0.68626127295702,0.99901282787323
3207,0.0002524897264077598,0.686268966167185,0.9990124702453613
3208,0.0002524897264077598,0.6863228186383402,0.9990121126174927
3209,0.0002524897264077598,0.6863535914790004,0.9990119934082031
3210,0.0002524897264077598,0.6864189837654032,0.9990116357803345
3211,0.0002524897264077598,0.6864209070679446,0.9990110397338867
3212,0.0002524897264077598,0.6864286002781096,0.9990105628967285
3213,0.00025323016548813444,0.6864670663289347,0.999010443687439
3214,0.00025323016548813444,0.686476682841641,0.9990103244781494
3215,0.0002547110436488838,0.686572847968704,0.9990102052688599
3216,0.0002569323608900078,0.6867594083152062,0.9990097284317017
3217,0.0002569323608900078,0.6867613316177474,0.9990096092224121
3218,0.0002569323608900078,0.6868498035346454,0.9990094900131226
3219,0.0002569323608900078,0.6868921161905531,0.999009370803833
3220,0.0002569323608900078,0.6868998094007182,0.9990087747573853
3221,0.0002569323608900078,0.686905579308342,0.9990072846412659
3222,0.0002569323608900078,0.6869075026108832,0.9990069270133972
3223,0.0002569323608900078,0.6869921279226986,0.9990065693855286
3224,0.0002569323608900078,0.6869940512252399,0.9990060925483704
3225,0.0002569323608900078,0.6870305939735238,0.9990059733390808
3226,0.0002569323608900078,0.6870729066294315,0.9990057349205017
3227,0.0002569323608900078,0.6870786765370553,0.9990056157112122
3228,0.00025767279997038244,0.6871190658904217,0.9990053772926331
3229,0.00025767279997038244,0.6871594552437882,0.9990046620368958
3230,0.00025767279997038244,0.6871671484539532,0.9990045428276062
3231,0.00026137499537225574,0.6899386274159084,0.9990041851997375
3232,0.00026137499537225574,0.6930447610200428,0.9990038275718689
3233,0.0002621154344526304,0.6930832270708679,0.9990034699440002
3234,0.0002621154344526304,0.6930889969784917,0.9990032315254211
3235,0.0002621154344526304,0.6930909202810329,0.999002993106842
3236,0.0002621154344526304,0.6931601591725183,0.9990028738975525
3237,0.0002621154344526304,0.6931659290801421,0.9990018010139465
3238,0.0002628558735330051,0.693202471828426,0.9990014433860779
3239,0.0002628558735330051,0.6932043951309673,0.9990012049674988
3240,0.0002628558735330051,0.6932082417360498,0.9990010857582092
3241,0.0002628558735330051,0.693231321366545,0.9990009665489197
3242,0.0002628558735330051,0.6932351679716274,0.9990000128746033
3243,0.0002628558735330051,0.6932447844843337,0.998999297618866
3244,0.0002628558735330051,0.6932620942072051,0.9989991784095764
3245,0.0002628558735330051,0.6932640175097463,0.9989987015724182
3246,0.0002628558735330051,0.6932697874173701,0.9989981055259705
3247,0.0002628558735330051,0.6932736340224527,0.9989972710609436
3248,0.0002643367516937544,0.6933659525444331,0.998995840549469
3249,0.0002643367516937544,0.6933678758469743,0.9989956021308899
3250,0.0002643367516937544,0.6933717224520569,0.9989951252937317
3251,0.0002643367516937544,0.6933986486876345,0.9989942908287048
3252,0.0002643367516937544,0.6934005719901758,0.9989940524101257
3253,0.0002643367516937544,0.6934198050155884,0.9989939332008362
3254,0.0002643367516937544,0.6934274982257534,0.9989928603172302
3255,0.00026507719077412903,0.6934294215282947,0.998992383480072
3256,0.00026507719077412903,0.6934505778562485,0.9989920258522034
3257,0.00026507719077412903,0.6934525011587898,0.9989914298057556
3258,0.00026507719077412903,0.6935198167477339,0.9989911913871765
3259,0.00026507719077412903,0.6935544361934766,0.9989904761314392
3260,0.00026507719077412903,0.693558282798559,0.998988926410675
3261,0.00026507719077412903,0.6935602061011004,0.9989888072013855
3262,0.00026507719077412903,0.6935986721519255,0.9989885687828064
3263,0.00026507719077412903,0.6936255983875032,0.9989880919456482
3264,0.00026581762985450374,0.6936255983875032,0.9989878535270691
3265,0.00026581762985450374,0.6937140703044011,0.9989877343177795
3266,0.00026581762985450374,0.6937679227755563,0.9989874958992004
3267,0.00026581762985450374,0.6937698460780977,0.9989873766899109
3268,0.00026581762985450374,0.6937775392882627,0.9989872574806213
3269,0.00026581762985450374,0.6937910024060515,0.9989863038063049
3270,0.00027174114249750103,0.6961297382962233,0.9989861845970154
3271,0.00027174114249750103,0.696195130582626,0.9989857077598572
3272,0.00027174114249750103,0.6961989771877085,0.9989853501319885
3273,0.00027174114249750103,0.696424003585036,0.9989846348762512
3274,0.00027174114249750103,0.6964374667028248,0.9989840388298035
3275,0.00027174114249750103,0.6969856079270838,0.9989838004112244
3276,0.00027174114249750103,0.6971221624075132,0.9989835619926453
3277,0.00027174114249750103,0.6975395190589665,0.9989834427833557
3278,0.00027174114249750103,0.6975414423615078,0.998982846736908
3279,0.00027174114249750103,0.697587601622498,0.9989821314811707
3280,0.00027174114249750103,0.6976645337241484,0.9989808201789856
3281,0.00027174114249750103,0.697676073539396,0.9989802241325378
3282,0.00027174114249750103,0.697683766749561,0.998978853225708
3283,0.0002724815815778757,0.6977260794054687,0.9989786148071289
3284,0.0002724815815778757,0.6977280027080099,0.9989783763885498
3285,0.0002724815815778757,0.6977453124308813,0.9989778995513916
3286,0.0002724815815778757,0.6977472357334226,0.9989776611328125
3287,0.0002724815815778757,0.6977857017842478,0.9989771842956543
3288,0.0002724815815778757,0.6977953182969541,0.9989769458770752
3289,0.0002724815815778757,0.6979645689205849,0.9989768266677856
3290,0.0002724815815778757,0.697979955340915,0.9989765882492065
3291,0.0002724815815778757,0.6979818786434563,0.9989759922027588
3292,0.0002724815815778757,0.69798764855108,0.9989756345748901
3293,0.0002724815815778757,0.6980049582739514,0.998975396156311
3294,0.0002724815815778757,0.6980088048790339,0.9989752769470215
3295,0.0002724815815778757,0.6980280379044465,0.9989751577377319
3296,0.0002724815815778757,0.6980568874425653,0.9989750385284424
3297,0.0002724815815778757,0.6982069050407836,0.9989743232727051
3298,0.0002724815815778757,0.6983261497983417,0.9989738464355469
3299,0.0002724815815778757,0.698335766311048,0.99897301197052
3300,0.0002724815815778757,0.6986665743481447,0.9989722967147827
3301,0.0002724815815778757,0.6986742675583097,0.998971700668335
3302,0.0002724815815778757,0.698676190860851,0.9989712238311768
3303,0.0002724815815778757,0.6987185035167587,0.998970627784729
3304,0.0002724815815778757,0.6987454297523363,0.9989703893661499
3305,0.0002724815815778757,0.6987492763574189,0.9989701509475708
3306,0.0002724815815778757,0.6987511996599601,0.9989700317382812
3307,0.0002724815815778757,0.698787742408244,0.9989694356918335
3308,0.0002724815815778757,0.6987992822234916,0.9989691972732544
3309,0.0002724815815778757,0.698831978366693,0.9989688396453857
3310,0.0002724815815778757,0.6988377482743168,0.9989687204360962
3311,0.0002724815815778757,0.6989300667962972,0.9989683628082275
3312,0.0002724815815778757,0.6989704561496637,0.9989681243896484
3313,0.0002724815815778757,0.6989723794522049,0.9989680051803589
3314,0.0002724815815778757,0.6990069988979476,0.9989678859710693
3315,0.0002724815815778757,0.6990473882513141,0.9989675283432007
3316,0.0002724815815778757,0.6990512348563966,0.9989670515060425
3317,0.0002724815815778757,0.6990570047640204,0.9989669322967529
3318,0.0002724815815778757,0.6990589280665617,0.9989659786224365
3319,0.0002724815815778757,0.6994859012307213,0.9989656209945679
3320,0.0002724815815778757,0.6995089808612164,0.9989655017852783
3321,0.0002724815815778757,0.699512827466299,0.9989649057388306
3322,0.0002724815815778757,0.6995378303993353,0.9989645481109619
3323,0.0002724815815778757,0.6995609100298305,0.9989640712738037
3324,0.0002724815815778757,0.6995647566349129,0.9989635944366455
3325,0.0002724815815778757,0.6995782197527017,0.9989626407623291
3326,0.0002724815815778757,0.6995839896603255,0.9989616870880127
3327,0.0002724815815778757,0.6995878362654081,0.9989614486694336
3328,0.0002724815815778757,0.6996301489213158,0.998961329460144
3329,0.0002724815815778757,0.6996378421314808,0.9989608526229858
3330,0.0002724815815778757,0.6996436120391046,0.9989606142044067
3331,0.0002724815815778757,0.6996474586441871,0.998960018157959
3332,0.0002724815815778757,0.6996493819467283,0.9989597797393799
3333,0.0002724815815778757,0.6996551518543521,0.9989596605300903
3334,0.0002724815815778757,0.6996570751568935,0.9989595413208008
3335,0.0002724815815778757,0.6996743848797647,0.9989594221115112
3336,0.0002724815815778757,0.6997013111153424,0.9989577531814575
3337,0.0002724815815778757,0.6997340072585438,0.9989573955535889
3338,0.0002724815815778757,0.6997513169814151,0.9989571571350098
3339,0.0002724815815778757,0.6997551635864977,0.9989564418792725
3340,0.0002724815815778757,0.699772473309369,0.9989558458328247
3341,0.0002724815815778757,0.6997743966119102,0.9989557266235352
3342,0.00027322202065825033,0.6998474821084781,0.998955488204956
3343,0.00027322202065825033,0.6998513287135606,0.9989550113677979
3344,0.00027322202065825033,0.6998532520161019,0.9989542961120605
3345,0.00027322202065825033,0.6999474938406236,0.998954176902771
3346,0.00027322202065825033,0.6999551870507886,0.9989537000656128
3347,0.0002747028988189997,0.7000109628244852,0.9989534616470337
3348,0.0002747028988189997,0.7000301958498978,0.9989533424377441
3349,0.0002747028988189997,0.7000513521778516,0.998953104019165
3350,0.0002747028988189997,0.7000571220854754,0.9989525079727173
3351,0.0002747028988189997,0.7001686736328685,0.9989520311355591
3352,0.0002747028988189997,0.7001705969354097,0.9989519119262695
3353,0.0002747028988189997,0.7001898299608224,0.9989513158798218
3354,0.00027544333789937433,0.7002071396836936,0.998950183391571
3355,0.00027544333789937433,0.700224449406565,0.9989500641822815
3356,0.00027544333789937433,0.7002263727091063,0.9989486336708069
3357,0.00027544333789937433,0.7153819967342323,0.9989483952522278
3358,0.00027544333789937433,0.7153858433393148,0.9989474415779114
3359,0.00027544333789937433,0.715432002600305,0.9989469647407532
3360,0.00027544333789937433,0.7154377725079288,0.9989468455314636
3361,0.00027544333789937433,0.7154454657180939,0.9989466071128845
3362,0.00027544333789937433,0.7154473890206351,0.9989460110664368
3363,0.00028951168042649293,0.7200248490688331,0.998945415019989
3364,0.00028951168042649293,0.7200383121866218,0.9989445805549622
3365,0.00028951168042649293,0.7200498520018694,0.9989444613456726
3366,0.00028951168042649293,0.7200940879603184,0.9989443421363831
3367,0.00028951168042649293,0.7200960112628597,0.998944103717804
3368,0.00028951168042649293,0.7201844831797576,0.9989433884620667
3369,0.00028951168042649293,0.7202152560204178,0.9989431500434875
3370,0.00028951168042649293,0.7202248725331241,0.9989425539970398
3371,0.00028951168042649293,0.7202325657432891,0.9989423155784607
3372,0.00028951168042649293,0.720261415281408,0.9989420771598816
3373,0.00028951168042649293,0.7202652618864905,0.9989413619041443
3374,0.00028951168042649293,0.7202710317941143,0.9989398121833801
3375,0.00028951168042649293,0.7202768017017381,0.998939573764801
3376,0.00028951168042649293,0.7202806483068206,0.9989386200904846
3377,0.00028951168042649293,0.7202825716093618,0.9989385008811951
3378,0.0002902521195068676,0.7202825716093618,0.9989381432533264
3379,0.0002902521195068676,0.7202864182144444,0.9989365935325623
3380,0.0002902521195068676,0.7202883415169856,0.9989363551139832
3381,0.0002902521195068676,0.7203171910551045,0.998936116695404
3382,0.0002902521195068676,0.7203633503160948,0.9989357590675354
3383,0.0002902521195068676,0.720461438745699,0.9989350438117981
3384,0.0002902521195068676,0.7204729785609466,0.9989349246025085
3385,0.0002902521195068676,0.7204941348889005,0.998934805393219
3386,0.0002902521195068676,0.7205345242422668,0.9989342093467712
3387,0.0002902521195068676,0.7205460640575144,0.9989338517189026
3388,0.0002902521195068676,0.720549910662597,0.9989327788352966
3389,0.0002902521195068676,0.7205845301083397,0.9989312291145325
3390,0.0002902521195068676,0.7205883767134221,0.9989309906959534
3391,0.0002902521195068676,0.7205979932261285,0.9989307522773743
3392,0.0002932138758283662,0.7206845418404851,0.9989299178123474
3393,0.0002932138758283662,0.7206883884455677,0.9989293217658997
3394,0.0002932138758283662,0.7206903117481089,0.9989292025566101
3395,0.0002932138758283662,0.7206999282608152,0.9989290833473206
3396,0.0002932138758283662,0.7209037983301887,0.9989284873008728
3397,0.0002932138758283662,0.7209384177759314,0.9989283680915833
3398,0.0002932138758283662,0.7209403410784727,0.9989282488822937
3399,0.0002932138758283662,0.7211442111478462,0.9989280104637146
3400,0.0002932138758283662,0.7211730606859651,0.998927891254425
3401,0.0002939543149087409,0.7213519278223023,0.9989277720451355
3402,0.0002946947539891155,0.72139424047821,0.998927652835846
3403,0.0002946947539891155,0.7214153968061638,0.9989270567893982
3404,0.0002946947539891155,0.7214750191849428,0.9989268183708191
3405,0.0002946947539891155,0.7214788657900254,0.9989261031150818
3406,0.0002946947539891155,0.7215134852357681,0.9989259839057922
3407,0.0002946947539891155,0.7215154085383093,0.9989257454872131
3408,0.0002946947539891155,0.7215192551433918,0.9989252686500549
3409,0.0002946947539891155,0.7215231017484743,0.9989247918128967
3410,0.0002946947539891155,0.7215731076145471,0.9989245533943176
3411,0.0002946947539891155,0.7216058037577485,0.9989240765571594
3412,0.0002946947539891155,0.7226078443817447,0.9989239573478699
3413,0.0002946947539891155,0.7226193841969923,0.998923122882843
3414,0.0002946947539891155,0.72264631043257,0.9989227652549744
3415,0.0002954351930694902,0.7226501570376525,0.9989226460456848
3416,0.0002954351930694902,0.7226520803401938,0.9989225268363953
3417,0.0002954351930694902,0.7226616968529,0.9989223480224609
3418,0.0002954351930694902,0.7226636201554413,0.9989219903945923
3419,0.0002954351930694902,0.7226770832732301,0.9989213943481445
3420,0.0002954351930694902,0.7232598439432318,0.9989206790924072
3421,0.0002954351930694902,0.7232617672457731,0.998920202255249
3422,0.0002954351930694902,0.7232963866915157,0.9989184141159058
3423,0.0002954351930694902,0.7233117731118458,0.9989176988601685
3424,0.0002954351930694902,0.723313696414387,0.9989169836044312
3425,0.0002954351930694902,0.7233271595321759,0.9989168643951416
3426,0.0002954351930694902,0.7233694721880836,0.998916745185852
3427,0.0002954351930694902,0.7233733187931661,0.9989157915115356
3428,0.0002954351930694902,0.7233848586084137,0.9989156723022461
3429,0.0002954351930694902,0.7234367877770277,0.998915433883667
3430,0.0002954351930694902,0.7234598674075228,0.9989153146743774
3431,0.0002961756321498649,0.7234598674075228,0.9989151954650879
3432,0.0002961756321498649,0.7237002802251803,0.9989148378372192
3433,0.0002961756321498649,0.7237060501328041,0.9989147186279297
3434,0.0002961756321498649,0.7237156666455103,0.9989145994186401
3435,0.0002961756321498649,0.7237195132505928,0.998914361000061
3436,0.0002961756321498649,0.7238252948903622,0.9989134073257446
3437,0.0002969160712302395,0.7249311938515864,0.9989132881164551
3438,0.0002969160712302395,0.724942733666834,0.9989124536514282
3439,0.0002969160712302395,0.7249504268769991,0.9989120960235596
3440,0.0002969160712302395,0.7249600433897053,0.9989114999771118
3441,0.0002969160712302395,0.7249638899947879,0.9989113807678223
3442,0.0002969160712302395,0.724979276415118,0.998910665512085
3443,0.0002969160712302395,0.7249908162303654,0.9989097118377686
3444,0.0002969160712302395,0.7249927395329068,0.9989089965820312
3445,0.0002969160712302395,0.725010049255778,0.9989084005355835
3446,0.00029765651031061417,0.7250523619116858,0.9989081621170044
3447,0.00029765651031061417,0.7250965978701348,0.9989080429077148
3448,0.00029765651031061417,0.7251196775006299,0.9989075660705566
3449,0.00029765651031061417,0.7251254474082537,0.9989070892333984
3450,0.00029765651031061417,0.7251292940133361,0.9989064931869507
3451,0.0002983969493909889,0.7251312173158775,0.9989062547683716
3452,0.0002983969493909889,0.7251331406184187,0.9989051818847656
3453,0.0002991373884713635,0.7251408338285837,0.9989045858383179
3454,0.00030209914479286217,0.7253023912420495,0.9989043474197388
3455,0.00030209914479286217,0.7253293174776272,0.9989042282104492
3456,0.00030209914479286217,0.7253408572928748,0.998903751373291
3457,0.00030209914479286217,0.7253697068309937,0.9989036321640015
3458,0.00030209914479286217,0.7253716301335349,0.9989020824432373
3459,0.00030209914479286217,0.725438945722479,0.9989017248153687
3460,0.00030209914479286217,0.7254447156301027,0.9989008903503418
3461,0.0003028395838732368,0.7256485856994763,0.9989007711410522
3462,0.0003028395838732368,0.7256582022121826,0.9989006519317627
3463,0.00030358002295361147,0.7257716770621169,0.9989000558853149
3464,0.00030358002295361147,0.7257909100875295,0.9988996982574463
3465,0.00030358002295361147,0.7258332227434372,0.9988992214202881
3466,0.00030358002295361147,0.7258447625586848,0.9988987445831299
3467,0.00030358002295361147,0.725854379071391,0.9988985061645508
3468,0.00030358002295361147,0.7260005500645268,0.9988982677459717
3469,0.00030358002295361147,0.7260082432746918,0.9988980293273926
3470,0.00030358002295361147,0.726010166577233,0.998897910118103
3471,0.00030358002295361147,0.7260409394178933,0.9988977909088135
3472,0.00030358002295361147,0.7260467093255171,0.9988976716995239
3473,0.00030358002295361147,0.7260505559305995,0.9988974332809448
3474,0.00030358002295361147,0.7260582491407646,0.9988973140716553
3475,0.00030358002295361147,0.7260601724433059,0.9988971948623657
3476,0.00030358002295361147,0.7260736355610947,0.9988970756530762
3477,0.00030432046203398617,0.7261659540830752,0.9988968372344971
3478,0.00030432046203398617,0.7262159599491479,0.998896598815918
3479,0.00030432046203398617,0.7262178832516891,0.9988964796066284
3480,0.00030432046203398617,0.7262217298567717,0.9988956451416016
3481,0.00030432046203398617,0.7262371162771017,0.9988948702812195
3482,0.00030432046203398617,0.726327511496541,0.9988946318626404
3483,0.00030432046203398617,0.7263294347990822,0.9988935589790344
3484,0.00030432046203398617,0.7263448212194122,0.9988930821418762
3485,0.00030580134019473547,0.7264352164388514,0.9988929629325867
3486,0.00030580134019473547,0.726498685422713,0.9988924860954285
3487,0.00030580134019473547,0.7265583078014921,0.9988923668861389
3488,0.00030580134019473547,0.7266198534828124,0.9988917708396912
3489,0.00030580134019473547,0.7266217767853537,0.9988916516304016
3490,0.00030580134019473547,0.7266794758615914,0.998891294002533
3491,0.00030580134019473547,0.7266813991641328,0.9988909363746643
3492,0.00030580134019473547,0.7268525730903048,0.9988906979560852
3493,0.00030580134019473547,0.7268698828131762,0.9988905787467957
3494,0.00030580134019473547,0.7268737294182587,0.9988901019096375
3495,0.00030580134019473547,0.7268929624436713,0.9988898634910583
3496,0.00030580134019473547,0.7268987323512951,0.9988896250724792
3497,0.00030580134019473547,0.7269160420741664,0.9988895058631897
3498,0.00030580134019473547,0.7270891393028798,0.9988889098167419
3499,0.00030580134019473547,0.7271295286562462,0.9988885521888733
3500,0.00030580134019473547,0.7271314519587875,0.9988883137702942
3501,0.00030580134019473547,0.7271429917740351,0.9988872408866882
3502,0.00030580134019473547,0.7271449150765763,0.9988865256309509
3503,0.00030580134019473547,0.7271641481019889,0.9988864064216614
3504,0.00030580134019473547,0.7272603132290518,0.9988859295845032
3505,0.00030580134019473547,0.7272718530442994,0.9988856911659241
3506,0.00030580134019473547,0.7277911447304395,0.9988853335380554
3507,0.00030580134019473547,0.7277949913355221,0.9988850951194763
3508,0.00030580134019473547,0.7281065663472062,0.9988848567008972
3509,0.00030580134019473547,0.7281181061624536,0.9988842606544495
3510,0.0003065417792751101,0.7281200294649949,0.9988839030265808
3511,0.0003065417792751101,0.7281219527675362,0.9988837838172913
3512,0.0003065417792751101,0.7288893504814988,0.9988835453987122
3513,0.0003065417792751101,0.7289162767170764,0.9988834261894226
3514,0.0003065417792751101,0.7289220466247002,0.998883068561554
3515,0.0003065417792751101,0.7289258932297827,0.9988828301429749
3516,0.0003065417792751101,0.7289316631374065,0.9988827109336853
3517,0.0003065417792751101,0.7290105185415982,0.9988824725151062
3518,0.0003065417792751101,0.7291105302737436,0.9988821148872375
3519,0.0003065417792751101,0.7291566895347339,0.9988817572593689
3520,0.0003065417792751101,0.7291624594423577,0.9988813996315002
3521,0.0003065417792751101,0.7291778458626877,0.9988808035850525
3522,0.0003065417792751101,0.7291836157703115,0.9988805651664734
3523,0.0003065417792751101,0.7292009254931828,0.9988799691200256
3524,0.0003072822183554848,0.7292086187033479,0.9988798499107361
3525,0.0003072822183554848,0.7292201585185955,0.9988784193992615
3526,0.0003072822183554848,0.7292259284262192,0.9988781809806824
3527,0.0003072822183554848,0.7293086304354934,0.9988779425621033
3528,0.00030802265743585947,0.7293220935532823,0.9988775849342346
3529,0.00030802265743585947,0.7295625063709397,0.9988774657249451
3530,0.00030802265743585947,0.7296221287497188,0.9988771080970764
3531,0.00030802265743585947,0.7296452083802138,0.9988769888877869
3532,0.00030802265743585947,0.7296567481954613,0.9988768696784973
3533,0.00030802265743585947,0.7296817511284978,0.9988760352134705
3534,0.00030802265743585947,0.7307087946855304,0.9988757967948914
3535,0.00030802265743585947,0.730712641290613,0.998875081539154
3536,0.00030802265743585947,0.7307145645931542,0.9988742470741272
3537,0.00030802265743585947,0.7307184111982367,0.9988738894462585
3538,0.00030802265743585947,0.7307222578033192,0.9988735318183899
3539,0.00030802265743585947,0.7307299510134843,0.9988734126091003
3540,0.00030802265743585947,0.7307318743160255,0.9988717436790466
3541,0.00030802265743585947,0.7307357209211081,0.9988716244697571
3542,0.00030802265743585947,0.7307588005516031,0.9988700747489929
3543,0.00030802265743585947,0.7307972666024284,0.9988699555397034
3544,0.00030802265743585947,0.7307991899049696,0.9988698363304138
3545,0.0003087630965162341,0.7307991899049696,0.9988695979118347
3546,0.0003087630965162341,0.7308299627456297,0.9988694787025452
3547,0.00030950353559660877,0.7308588122837487,0.9988693594932556
3548,0.00030950353559660877,0.7308722754015375,0.9988692402839661
3549,0.00030950353559660877,0.7309165113599865,0.9988691210746765
3550,0.00030950353559660877,0.7309203579650689,0.9988685846328735
3551,0.00030950353559660877,0.7309222812676103,0.998868465423584
3552,0.00031024397467698347,0.7310549891429572,0.9988682270050049
3553,0.0003109844137573581,0.7310569124454984,0.998867392539978
3554,0.0003109844137573581,0.7310626823531222,0.9988672733306885
3555,0.0003109844137573581,0.7310646056556634,0.9988670349121094
3556,0.0003109844137573581,0.7311665406903503,0.9988667964935303
3557,0.0003109844137573581,0.7311819271106803,0.9988666772842407
3558,0.0003109844137573581,0.7311857737157628,0.9988664388656616
3559,0.0003109844137573581,0.7312492426996243,0.9988663196563721
3560,0.0003109844137573581,0.7312723223301195,0.9988657236099243
3561,0.0003109844137573581,0.7312742456326607,0.9988654851913452
3562,0.0003124652919181074,0.7314069535080077,0.9988652467727661
3563,0.0003124652919181074,0.7314819623071168,0.9988644123077393
3564,0.00031542704823960606,0.7315319681731896,0.9988641738891602
3565,0.00031542704823960606,0.7315415846858958,0.998863935470581
3566,0.00031542704823960606,0.7315492778960608,0.9988638162612915
3567,0.00031542704823960606,0.7315838973418035,0.9988635778427124
3568,0.00031542704823960606,0.7316069769722987,0.9988634586334229
3569,0.00031616748731998077,0.7316069769722987,0.9988631010055542
3570,0.00031616748731998077,0.7316127468799225,0.9988625049591064
3571,0.00031616748731998077,0.7316435197205826,0.9988623857498169
3572,0.00031616748731998077,0.7316454430231238,0.9988620281219482
3573,0.00031616748731998077,0.7316665993510777,0.9988619089126587
3574,0.00031616748731998077,0.7316723692587015,0.9988616704940796
3575,0.00031616748731998077,0.7317589178730581,0.9988607168197632
3576,0.00031616748731998077,0.7317666110832233,0.9988605976104736
3577,0.00031616748731998077,0.731772380990847,0.9988603591918945
3578,0.00031616748731998077,0.7317839208060946,0.9988588094711304
3579,0.00031616748731998077,0.7469376215286794,0.9988586902618408
3580,0.0003169079264003554,0.7469876273947521,0.9988585710525513
3581,0.0003169079264003554,0.7470010905125409,0.9988580942153931
3582,0.0003169079264003554,0.7470184002354122,0.9988573789596558
3583,0.0003169079264003554,0.7470645594964025,0.998856782913208
3584,0.00031764836548073006,0.7470645594964025,0.9988565444946289
3585,0.00031764836548073006,0.7470857158243563,0.9988549947738647
3586,0.00031764836548073006,0.7470934090345214,0.9988548755645752
3587,0.00031764836548073006,0.7471068721523102,0.998854398727417
3588,0.00031764836548073006,0.7471222585726403,0.9988540410995483
3589,0.00031764836548073006,0.7471453382031353,0.9988529682159424
3590,0.0003183888045611047,0.747164571228548,0.9988526105880737
3591,0.0003183888045611047,0.747179957648878,0.9988517761230469
3592,0.0003191292436414794,0.7471972673717494,0.9988515377044678
3593,0.00031986968272185406,0.7473184354318487,0.9988512992858887
3594,0.00031986968272185406,0.7473222820369313,0.9988508224487305
3595,0.00031986968272185406,0.7473242053394725,0.9988504648208618
3596,0.00031986968272185406,0.7473338218521788,0.9988503456115723
3597,0.00031986968272185406,0.7473492082725088,0.9988502264022827
3598,0.00031986968272185406,0.7473915209284167,0.998849630355835
3599,0.00031986968272185406,0.7475607715520475,0.9988490343093872
3600,0.00031986968272185406,0.7475665414596713,0.9988489151000977
3601,0.00031986968272185406,0.7475684647622125,0.998847246170044
3602,0.00031986968272185406,0.7475761579723775,0.9988471269607544
3603,0.00031986968272185406,0.7475819278800013,0.9988468885421753
3604,0.00031986968272185406,0.7476627065867342,0.9988467693328857
3605,0.0003206101218022287,0.7477319454782195,0.9988464117050171
3606,0.0003206101218022287,0.7477704115290448,0.9988462924957275
3607,0.0003206101218022287,0.7478261873027413,0.9988453388214111
3608,0.0003206101218022287,0.7478281106052825,0.9988452196121216
3609,0.0003206101218022287,0.7478954261942267,0.9988449811935425
3610,0.0003206101218022287,0.7478992727993091,0.9988441467285156
3611,0.0003206101218022287,0.747920429127263,0.9988436698913574
3612,0.0003206101218022287,0.7479492786653819,0.9988430738449097
3613,0.0003206101218022287,0.7479531252704644,0.9988428354263306
3614,0.0003206101218022287,0.7479781282035008,0.998842716217041
3615,0.0003206101218022287,0.7479800515060421,0.998842179775238
3616,0.0003206101218022287,0.7479915913212896,0.9988417029380798
3617,0.0003206101218022287,0.7480012078339959,0.9988415837287903
3618,0.0003206101218022287,0.7480069777416197,0.9988405108451843
3619,0.0003206101218022287,0.7480339039771974,0.9988400340080261
3620,0.0003206101218022287,0.7480358272797386,0.9988388419151306
3621,0.0003206101218022287,0.7480723700280225,0.9988387227058411
3622,0.0003206101218022287,0.7480954496585176,0.998838484287262
3623,0.0003206101218022287,0.7480973729610589,0.9988383650779724
3624,0.00032135056088260336,0.7480973729610589,0.9988382458686829
3625,0.000330976268927474,0.7488013016911599,0.9988377690315247
3626,0.000330976268927474,0.748912853238553,0.9988370537757874
3627,0.000330976268927474,0.7489147765410943,0.9988365769386292
3628,0.000330976268927474,0.7489186231461767,0.99883633852005
3629,0.000330976268927474,0.7489301629614243,0.9988356232643127
3630,0.000330976268927474,0.7489378561715894,0.9988352656364441
3631,0.000330976268927474,0.7490494077189824,0.9988347887992859
3632,0.000330976268927474,0.7490532543240649,0.9988345503807068
3633,0.000330976268927474,0.7490551776266062,0.9988337159156799
3634,0.00033171670800784866,0.7491763456867055,0.9988335967063904
3635,0.0003324571470882233,0.7503284039089201,0.9988333582878113
3636,0.0003324571470882233,0.750357253447039,0.9988332390785217
3637,0.0003324571470882233,0.750372639867369,0.9988331198692322
3638,0.0003324571470882233,0.7503899495902404,0.9988330006599426
3639,0.0003324571470882233,0.7503937961953229,0.9988327622413635
3640,0.0003324571470882233,0.7504341855486893,0.9988325238227844
3641,0.0003324571470882233,0.7504361088512306,0.9988322854042053
3642,0.0003324571470882233,0.7504399554563131,0.9988321661949158
3643,0.0003324571470882233,0.7505091943477985,0.9988320469856262
3644,0.0003324571470882233,0.7505168875579635,0.9988314509391785
3645,0.0003324571470882233,0.7506784449714293,0.9988313317298889
3646,0.0003324571470882233,0.7506957546943007,0.9988310933113098
3647,0.0003324571470882233,0.7507092178120895,0.9988309741020203
3648,0.0003324571470882233,0.7507284508375021,0.9988306164741516
3649,0.0003324571470882233,0.7507361440476671,0.9988304972648621
3650,0.0003324571470882233,0.7507803800061161,0.9988294243812561
3651,0.0003324571470882233,0.7507823033086574,0.998829185962677
3652,0.0003324571470882233,0.750809229544235,0.9988289475440979
3653,0.0003324571470882233,0.7508130761493175,0.9988282322883606
3654,0.0003324571470882233,0.7508207693594826,0.9988277554512024
3655,0.0003324571470882233,0.7508573121077665,0.9988275170326233
3656,0.00033319758616859796,0.7509457840246644,0.9988265633583069
3657,0.00033319758616859796,0.7509534772348295,0.9988259673118591
3658,0.00033319758616859796,0.7509707869577008,0.9988258481025696
3659,0.00033319758616859796,0.7510034831009023,0.9988256096839905
3660,0.00033319758616859796,0.7510342559415624,0.9988254904747009
3661,0.00033393802524897266,0.7522036238866482,0.9988252520561218
3662,0.0003346784643293473,0.7522824792908399,0.9988251328468323
3663,0.0003346784643293473,0.7522863258959224,0.9988247752189636
3664,0.0003346784643293473,0.7522882491984637,0.9988242983818054
3665,0.0003346784643293473,0.7522920958035462,0.9988241791725159
3666,0.0003346784643293473,0.75229786571117,0.9988238215446472
3667,0.0003346784643293473,0.7522997890137112,0.9988234639167786
3668,0.0003346784643293473,0.7523036356187938,0.998823344707489
3669,0.0003346784643293473,0.752305558921335,0.9988229870796204
3670,0.0003346784643293473,0.7525132755957911,0.9988228678703308
3671,0.0003368997815704713,0.7526017475126889,0.9988225102424622
3672,0.0003368997815704713,0.7526421368660554,0.9988216757774353
3673,0.0003368997815704713,0.7540076816703498,0.9988213181495667
3674,0.0003368997815704713,0.754150006058403,0.9988206028938293
3675,0.0003368997815704713,0.7541692390838156,0.9988196492195129
3676,0.0003383806597312206,0.7549693329409796,0.9988195300102234
3677,0.0003383806597312206,0.7551174272366566,0.9988184571266174
3678,0.0003383806597312206,0.7551193505391979,0.9988183379173279
3679,0.0003406019769723446,0.7585928349287128,0.9988176226615906
3680,0.0003406019769723446,0.7586062980465016,0.9988172650337219
3681,0.00034134241605271925,0.7586062980465016,0.9988170862197876
3682,0.00034134241605271925,0.7587332360142247,0.998816967010498
3683,0.00034134241605271925,0.7587447758294723,0.998816728591919
3684,0.0003428232942134686,0.7588140147209577,0.998815655708313
3685,0.0003428232942134686,0.7588774837048192,0.9988155364990234
3686,0.0003428232942134686,0.7589159497556444,0.9988154172897339
3687,0.0003428232942134686,0.758927489570892,0.9988150596618652
3688,0.0003428232942134686,0.7589294128734332,0.9988148212432861
3689,0.0003428232942134686,0.7592448344901999,0.9988147020339966
3690,0.0003428232942134686,0.7592794539359425,0.9988136291503906
3691,0.0003428232942134686,0.7592813772384838,0.9988135099411011
3692,0.00034356373329384325,0.7594871706103985,0.9988133907318115
3693,0.00034504461145459255,0.7615874169854541,0.998813271522522
3694,0.00034504461145459255,0.7615931868930779,0.9988130331039429
3695,0.00034578505053496725,0.7616066500108667,0.9988125562667847
3696,0.00034578505053496725,0.7616124199184905,0.998812198638916
3697,0.00034578505053496725,0.7616797355074345,0.9988117218017578
3698,0.00034578505053496725,0.7623298117663803,0.9988107681274414
3699,0.00034578505053496725,0.7623336583714628,0.9988105297088623
3700,0.00034578505053496725,0.7623394282790866,0.9988104104995728
3701,0.00034578505053496725,0.7623528913968755,0.9988101720809937
3702,0.00034578505053496725,0.7623702011197467,0.9988100528717041
3703,0.0003480063677760912,0.7671419147246119,0.9988094568252563
3704,0.0003487468068564659,0.7671534545398595,0.9988093376159668
3705,0.00034948724593684055,0.7672323099440511,0.9988092184066772
3706,0.00034948724593684055,0.7672438497592987,0.9988090991973877
3707,0.00034948724593684055,0.7672669293897938,0.9988088607788086
3708,0.00034948724593684055,0.767268852692335,0.9988086223602295
3709,0.00035170856317796455,0.7673457847939854,0.9988083839416504
3710,0.00035170856317796455,0.7673554013066918,0.9988082647323608
3711,0.00035170856317796455,0.7673592479117742,0.9988075494766235
3712,0.00035170856317796455,0.7673669411219393,0.998807430267334
3713,0.00035170856317796455,0.767409253777847,0.9988073110580444
3714,0.00035170856317796455,0.7674188702905533,0.9988064765930176
3715,0.0003524490022583392,0.767461182946461,0.9988058805465698
3716,0.0003605938321424605,0.7726444832951558,0.9988055229187012
3717,0.0003605938321424605,0.7728502766670705,0.9988051652908325
3718,0.0003605938321424605,0.7728521999696119,0.998805046081543
3719,0.0003605938321424605,0.7728695096924831,0.9988049268722534
3720,0.0003605938321424605,0.7728810495077307,0.9988046884536743
3721,0.0003605938321424605,0.7728848961128132,0.9988042116165161
3722,0.0003605938321424605,0.7728945126255196,0.9988040924072266
3723,0.0003605938321424605,0.7728964359280608,0.998803973197937
3724,0.0003605938321424605,0.7729291320712622,0.9988038539886475
3725,0.0003605938321424605,0.7729964476602063,0.9988032579421997
3726,0.0003620747103032098,0.7742138981688237,0.998802661895752
3727,0.0003620747103032098,0.7742504409171076,0.9988024234771729
3728,0.00036355558846395915,0.7742504409171076,0.9988011121749878
3729,0.00036355558846395915,0.7742715972450614,0.9988008737564087
3730,0.00036355558846395915,0.7742754438501439,0.9988006353378296
3731,0.00036355558846395915,0.7742773671526852,0.99880051612854
3732,0.00036355558846395915,0.7745985586770756,0.9988003969192505
3733,0.00036355558846395915,0.7746004819796168,0.9988001585006714
3734,0.00036355558846395915,0.7748370481921918,0.9987999200820923
3735,0.00036355558846395915,0.7749178268989246,0.9987994432449341
3736,0.00036355558846395915,0.774927443411631,0.9987993240356445
3737,0.00036355558846395915,0.7749620628573737,0.9987987279891968
3738,0.00036355558846395915,0.7749716793700799,0.9987983703613281
3739,0.0003657769057050831,0.7752082455826549,0.9987974166870117
3740,0.00037688349191070304,0.7835553786117218,0.9987972974777222
3741,0.00037688349191070304,0.7835707650320518,0.9987970590591431
3742,0.00037688349191070304,0.7835957679650882,0.9987969398498535
3743,0.00037688349191070304,0.7836150009905009,0.9987965822219849
3744,0.00037688349191070304,0.7836361573184547,0.9987964630126953
3745,0.00037688349191070304,0.7836400039235372,0.9987952709197998
3746,0.00037688349191070304,0.783645773831161,0.9987951517105103
3747,0.00037688349191070304,0.7836919330921512,0.9987950325012207
3748,0.00037688349191070304,0.7836957796972337,0.9987945556640625
3749,0.00037688349191070304,0.7837169360251875,0.9987940788269043
3750,0.00037688349191070304,0.7837823283115904,0.9987938404083252
3751,0.00037688349191070304,0.7837938681268379,0.9987932443618774
3752,0.00037688349191070304,0.7837957914293792,0.9987931251525879
3753,0.00037688349191070304,0.783809254547168,0.9987927675247192
3754,0.00037688349191070304,0.7838304108751218,0.9987925291061401
3755,0.00037688349191070304,0.783845797295452,0.9987922310829163
3756,0.00037688349191070304,0.7840131246165416,0.9987916350364685
3757,0.0003776239309910777,0.7841516023995122,0.9987912774085999
3758,0.0003776239309910777,0.7841592956096773,0.9987910389900208
3759,0.00038873051719669763,0.7847709058177978,0.9987909197807312
3760,0.000390211395357447,0.7848074485660818,0.998790442943573
3761,0.000390211395357447,0.7848170650787881,0.9987900853157043
3762,0.000390211395357447,0.7848209116838706,0.9987892508506775
3763,0.0003916922735181963,0.7850247817532441,0.9987891316413879
3764,0.0003916922735181963,0.7850382448710329,0.9987887740135193
3765,0.0003916922735181963,0.7850401681735742,0.9987884163856506
3766,0.0003916922735181963,0.7850440147786567,0.9987882971763611
3767,0.0003916922735181963,0.7850459380811979,0.9987881779670715
3768,0.0003916922735181963,0.785105560459977,0.9987877011299133
3769,0.0003916922735181963,0.7851247934853897,0.9987875819206238
3770,0.0003916922735181963,0.785342126672552,0.9987872242927551
3771,0.0003916922735181963,0.7853613596979646,0.9987866282463074
3772,0.0003916922735181963,0.7853882859335422,0.9987863898277283
3773,0.0003916922735181963,0.7853921325386247,0.9987862706184387
3774,0.0003916922735181963,0.785394055841166,0.9987860321998596
3775,0.00039465402983969493,0.7857614066265466,0.9987850785255432
3776,0.00039465402983969493,0.7857825629545004,0.998784601688385
3777,0.00039465402983969493,0.785830645518032,0.9987842440605164
3778,0.00039465402983969493,0.7860268223772404,0.9987840056419373
3779,0.00039465402983969493,0.7860710583356894,0.9987837672233582
3780,0.00039465402983969493,0.7861076010839733,0.998783528804779
3781,0.00039465402983969493,0.7861306807144685,0.9987830519676208
3782,0.00039465402983969493,0.7861402972271747,0.9987825751304626
3783,0.00041538632409018547,0.7897387962818715,0.9987823367118835
3784,0.00041538632409018547,0.7897445661894953,0.998782217502594
3785,0.00041538632409018547,0.7898234215936869,0.9987820982933044
3786,0.00041538632409018547,0.7898426546190995,0.9987815022468567
3787,0.00041538632409018547,0.7898465012241821,0.998781144618988
3788,0.00041538632409018547,0.7899080469055024,0.9987807869911194
3789,0.0004161267631705601,0.7899253566283737,0.9987805485725403
3790,0.0004161267631705601,0.7899311265359975,0.9987795948982239
3791,0.0004161267631705601,0.7899465129563276,0.9987789988517761
3792,0.0004161267631705601,0.790075374226592,0.9987788796424866
3793,0.0004161267631705601,0.7904292618941837,0.998778760433197
3794,0.0004168672022509348,0.7904504182221376,0.9987784028053284
3795,0.0004168672022509348,0.7904542648272201,0.9987778067588806
3796,0.00041760764133130947,0.7904581114323026,0.9987775683403015
3797,0.00041760764133130947,0.7904888842729628,0.998777449131012
3798,0.00041760764133130947,0.7904927308780453,0.9987773299217224
3799,0.00041760764133130947,0.7905292736263292,0.9987772107124329
3800,0.00041760764133130947,0.790542736744118,0.9987770915031433
3801,0.00041760764133130947,0.7905812027949433,0.9987769722938538
3802,0.00041908851949205877,0.7909235506472875,0.9987767338752747
3803,0.00041908851949205877,0.7909254739498287,0.9987764954566956
3804,0.00041908851949205877,0.7909389370676175,0.9987761378288269
3805,0.00041982895857243347,0.7911081876912484,0.9987756609916687
3806,0.00041982895857243347,0.7911139575988722,0.9987751841545105
3807,0.00041982895857243347,0.7911485770446148,0.9987747073173523
3808,0.00041982895857243347,0.7911543469522386,0.9987741112709045
3809,0.00041982895857243347,0.7911620401624037,0.9987733960151672
3810,0.00041982895857243347,0.7911831964903575,0.998772919178009
3811,0.00041982895857243347,0.7911870430954401,0.9987720847129822
3812,0.00041982895857243347,0.7911966596081463,0.9987719655036926
3813,0.00041982895857243347,0.7912697451047143,0.9987718462944031
3814,0.00041982895857243347,0.7912716684072555,0.9987717270851135
3815,0.00041982895857243347,0.791312057760622,0.998770534992218
3816,0.00041982895857243347,0.7913159043657044,0.9987701773643494
3817,0.00041982895857243347,0.7913774500470248,0.9987695813179016
3818,0.0004205693976528081,0.7913774500470248,0.9987693428993225
3819,0.0004205693976528081,0.791379373349566,0.9987691044807434
3820,0.0004205693976528081,0.7913909131648136,0.9987689852714539
3821,0.0004205693976528081,0.7913928364673548,0.9987685084342957
3822,0.0004205693976528081,0.7915813201163983,0.9987679123878479
3823,0.0004205693976528081,0.7918601989848809,0.9987677335739136
3824,0.00042130983673318277,0.7918967417331648,0.9987664222717285
3825,0.00042353115397430677,0.7922698624261693,0.9987655878067017
3826,0.00042353115397430677,0.7922737090312517,0.9987654685974121
3827,0.00042353115397430677,0.7922756323337931,0.9987653493881226
3828,0.00042353115397430677,0.792327561502407,0.9987646341323853
3829,0.0004242715930546814,0.792371797460856,0.9987645149230957
3830,0.0004242715930546814,0.7924025703015162,0.9987643957138062
3831,0.0004242715930546814,0.7924044936040574,0.998763918876648
3832,0.0004242715930546814,0.79240834020914,0.9987636804580688
3833,0.0004242715930546814,0.7924102635116812,0.9987630844116211
3834,0.0004242715930546814,0.7924256499320113,0.9987629652023315
3835,0.0004242715930546814,0.7924602693777539,0.9987622499465942
3836,0.0004242715930546814,0.7925275849666981,0.9987620115280151
3837,0.0004242715930546814,0.7925314315717805,0.9987616539001465
3838,0.00042723334937618007,0.79266798605221,0.9987611770629883
3839,0.00042723334937618007,0.7926833724725401,0.9987605810165405
3840,0.00042723334937618007,0.7926872190776225,0.9987596273422241
3841,0.0004279737884565547,0.7930641863757094,0.9987592697143555
3842,0.0004279737884565547,0.7930699562833332,0.9987591505050659
3843,0.0004279737884565547,0.7930718795858746,0.9987589120864868
3844,0.0004287142275369294,0.7930738028884158,0.9987584352493286
3845,0.0004287142275369294,0.7930795727960396,0.9987583160400391
3846,0.0004287142275369294,0.7930930359138284,0.9987576007843018
3847,0.0004301951056976787,0.7932276670917165,0.9987571239471436
3848,0.00043093554477805336,0.7932449768145878,0.998757004737854
3849,0.00043093554477805336,0.7932872894704955,0.9987554550170898
3850,0.00043093554477805336,0.793371914782311,0.9987542629241943
3851,0.00043093554477805336,0.7933738380848523,0.9987539052963257
3852,0.00043093554477805336,0.7934026876229712,0.9987529516220093
3853,0.00043093554477805336,0.7934046109255124,0.9987516403198242
3854,0.00043315686201917736,0.7934565400941265,0.998751163482666
3855,0.00043315686201917736,0.7934584633966677,0.9987510442733765
3856,0.00043315686201917736,0.7934661566068327,0.9987506866455078
3857,0.00043315686201917736,0.793468079909374,0.9987500905990601
3858,0.00043315686201917736,0.7934988527500342,0.9987494945526123
3859,0.00043315686201917736,0.7935103925652817,0.9987491369247437
3860,0.00043315686201917736,0.7935180857754467,0.9987490177154541
3861,0.000433897301099552,0.7935757848516846,0.9987485408782959
3862,0.000433897301099552,0.7935815547593082,0.9987481832504272
3863,0.000433897301099552,0.7935834780618496,0.9987479448318481
3864,0.000433897301099552,0.7935930945745558,0.9987478256225586
3865,0.0004346377401799267,0.7937392655676916,0.998747706413269
3866,0.0004346377401799267,0.7937411888702328,0.9987469911575317
3867,0.0004346377401799267,0.7937450354753154,0.9987466335296631
3868,0.0004346377401799267,0.7937796549210581,0.9987465143203735
3869,0.0004346377401799267,0.7937815782235993,0.9987461566925049
3870,0.00043537817926030136,0.7938527404176259,0.9987455606460571
3871,0.00043537817926030136,0.7942181679004653,0.9987454414367676
3872,0.00043537817926030136,0.794252787346208,0.9987450838088989
3873,0.00043537817926030136,0.7942566339512904,0.9987448453903198
3874,0.00043537817926030136,0.7943412592631058,0.9987446069717407
3875,0.00043537817926030136,0.7943489524732709,0.9987441301345825
3876,0.00043537817926030136,0.7943662621961423,0.998744010925293
3877,0.00043537817926030136,0.79440857485205,0.99874347448349
3878,0.00043537817926030136,0.7944104981545912,0.9987432360649109
3879,0.00043537817926030136,0.7944335777850863,0.9987426400184631
3880,0.00043537817926030136,0.7944412709952514,0.9987422823905945
3881,0.00043537817926030136,0.7944431942977926,0.9987420439720154
3882,0.00043537817926030136,0.7945162797943605,0.9987419247627258
3883,0.00043537817926030136,0.7945335895172319,0.9987408518791199
3884,0.00043537817926030136,0.7945355128197731,0.9987404942512512
3885,0.00043537817926030136,0.7946009051061759,0.9987402558326721
3886,0.00043537817926030136,0.7946143682239647,0.9987395405769348
3887,0.00043537817926030136,0.7946336012493773,0.9987394213676453
3888,0.00043537817926030136,0.7946874537205326,0.9987390637397766
3889,0.00043537817926030136,0.7947105333510277,0.9987388253211975
3890,0.00043537817926030136,0.7947124566535689,0.998738706111908
3891,0.00043537817926030136,0.7947163032586515,0.9987379908561707
3892,0.00043537817926030136,0.7947432294942292,0.9987375140190125
3893,0.00043537817926030136,0.7948663208568697,0.9987370371818542
3894,0.00043537817926030136,0.7948797839746585,0.9987363219261169
3895,0.00043537817926030136,0.795008645244923,0.9987360835075378
3896,0.00043537817926030136,0.7950105685474642,0.9987357258796692
3897,0.00043537817926030136,0.7950317248754181,0.9987353682518005
3898,0.00043537817926030136,0.7950586511109957,0.998735249042511
3899,0.000436118618340676,0.7951778958685538,0.9987348914146423
3900,0.000436118618340676,0.7952125153142965,0.9987346529960632
3901,0.000436118618340676,0.7952144386168377,0.998734176158905
3902,0.000436118618340676,0.7952336716422503,0.9987338185310364
3903,0.000436118618340676,0.795260597877828,0.9987334609031677
3904,0.0004598126689126652,0.8004285118061927,0.9987332224845886
3905,0.00046055310799303985,0.8008439451551047,0.9987322688102722
3906,0.00046055310799303985,0.800845868457646,0.9987321496009827
3907,0.00046055310799303985,0.8009670365177454,0.9987319111824036
3908,0.00046055310799303985,0.8009958860558642,0.998731791973114
3909,0.00046055310799303985,0.8009978093584055,0.9987314343452454
3910,0.00046055310799303985,0.801001655963488,0.9987313151359558
3911,0.00046055310799303985,0.8010035792660293,0.9987311959266663
3912,0.00046055310799303985,0.8010093491736531,0.9987305998802185
3913,0.00046055310799303985,0.8010266588965244,0.9987300038337708
3914,0.00046055310799303985,0.8019729237468242,0.9987296462059021
3915,0.00046055310799303985,0.8020960151094647,0.9987292885780334
3916,0.00046129354707341455,0.8022037200517753,0.9987290501594543
3917,0.00046129354707341455,0.8022056433543165,0.9987286925315857
3918,0.00046129354707341455,0.8022267996822704,0.9987280964851379
3919,0.00046129354707341455,0.8022344928924354,0.9987277388572693
3920,0.00046129354707341455,0.8022364161949768,0.9987275004386902
3921,0.00046129354707341455,0.8022441094051418,0.9987273812294006
3922,0.00046129354707341455,0.8022594958254718,0.9987272620201111
3923,0.00046129354707341455,0.8022652657330956,0.9987269043922424
3924,0.00046129354707341455,0.8022883453635907,0.9987264275550842
3925,0.00046129354707341455,0.8022960385737558,0.9987263083457947
3926,0.00046129354707341455,0.8024691358024691,0.9987261891365051
3927,0.00046129354707341455,0.8026653126616776,0.998725950717926
3928,0.00046129354707341455,0.8026691592667602,0.9987255930900574
3929,0.00046129354707341455,0.8026730058718426,0.9987253546714783
3930,0.00046129354707341455,0.8027460913684106,0.9987248778343201
3931,0.0004620339861537892,0.8027460913684106,0.9987244009971619
3932,0.0004620339861537892,0.8027537845785756,0.9987238049507141
3933,0.0004620339861537892,0.8027807108141533,0.9987234473228455
3934,0.0004620339861537892,0.8028864924539225,0.9987232089042664
3935,0.0004620339861537892,0.8030557430775533,0.9987230896949768
3936,0.00046499574247528785,0.8030865159182135,0.9987227320671082
3937,0.00046499574247528785,0.8030999790360023,0.9987226128578186
3938,0.00046499574247528785,0.8031269052715799,0.9987223744392395
3939,0.0004657361815556625,0.8031519082046163,0.99872225522995
3940,0.0004657361815556625,0.8032249937011842,0.9987216591835022
3941,0.0004657361815556625,0.8032346102138904,0.9987214207649231
3942,0.0004657361815556625,0.8033461617612835,0.9987209439277649
3943,0.0004657361815556625,0.8036288872348487,0.9987208247184753
3944,0.0004657361815556625,0.8036308105373899,0.9987204074859619
3945,0.0004657361815556625,0.8037192824542879,0.9987202882766724
3946,0.0004657361815556625,0.8037827514381495,0.9987198114395142
3947,0.0004657361815556625,0.8038096776737271,0.9987194538116455
3948,0.0004657361815556625,0.8038116009762684,0.998719334602356
3949,0.0004657361815556625,0.8040577837015496,0.9987185001373291
3950,0.0004657361815556625,0.8042251110226392,0.9987176656723022
3951,0.0004657361815556625,0.8042443440480518,0.9987170696258545
3952,0.0004657361815556625,0.8042501139556756,0.9987167119979858
3953,0.00046647662063603715,0.804253960560758,0.9987164735794067
3954,0.00046647662063603715,0.8042578071658406,0.9987163543701172
3955,0.00046647662063603715,0.8043751286208575,0.9987162351608276
3956,0.00047091925511828515,0.804498219983498,0.9987157583236694
3957,0.00047091925511828515,0.8045039898911218,0.9987155199050903
3958,0.00047091925511828515,0.8045059131936632,0.9987154006958008
3959,0.0004716596941986598,0.8045174530089106,0.9987151622772217
3960,0.0004716596941986598,0.8045770753876897,0.998714804649353
3961,0.0004716596941986598,0.8046078482283499,0.9987146854400635
3962,0.0004716596941986598,0.8046174647410561,0.9987144470214844
3963,0.0004716596941986598,0.8046597773969639,0.9987142086029053
3964,0.0004716596941986598,0.8046655473045876,0.9987140893936157
3965,0.00047240013327903445,0.8047617124316506,0.9987139701843262
3966,0.00047240013327903445,0.8047694056418156,0.9987138509750366
3967,0.00047240013327903445,0.8047732522468982,0.9987132549285889
3968,0.00047314057235940915,0.8049386562654465,0.9987130165100098
3969,0.00047314057235940915,0.804942502870529,0.9987128973007202
3970,0.00047314057235940915,0.8049444261730703,0.9987127780914307
3971,0.00047314057235940915,0.8049521193832353,0.998712420463562
3972,0.00047314057235940915,0.8049540426857766,0.9987121820449829
3973,0.00047314057235940915,0.8049617358959417,0.9987120628356934
3974,0.0004738810114397838,0.8051444496373613,0.9987119436264038
3975,0.0004738810114397838,0.8051925322008928,0.9987118244171143
3976,0.0004738810114397838,0.8052002254110578,0.9987115859985352
3977,0.0004738810114397838,0.8052021487135991,0.998711347579956
3978,0.0004738810114397838,0.8052059953186816,0.9987107515335083
3979,0.0004738810114397838,0.8052348448568005,0.9987106323242188
3980,0.0004738810114397838,0.8052983138406621,0.9987102746963501
3981,0.0004738810114397838,0.8053021604457445,0.9987097978591919
3982,0.0004738810114397838,0.8053040837482859,0.9987096786499023
3983,0.0004738810114397838,0.8054848741871643,0.9987093210220337
3984,0.0004738810114397838,0.8055310334481545,0.9987090826034546
3985,0.0004738810114397838,0.8055329567506958,0.998708963394165
3986,0.0004738810114397838,0.8056810510463728,0.9987088441848755
3987,0.00047462145052015845,0.8060791746724135,0.9987084865570068
3988,0.00047462145052015845,0.8060810979749548,0.9987083673477173
3989,0.00047462145052015845,0.8060945610927436,0.9987078905105591
3990,0.00047462145052015845,0.8062465019935031,0.9987071752548218
3991,0.00047462145052015845,0.8062599651112919,0.9987069368362427
3992,0.00047462145052015845,0.8062984311621171,0.998706579208374
3993,0.00047462145052015845,0.8063080476748234,0.9987063407897949
3994,0.00047462145052015845,0.8063138175824471,0.9987059831619263
3995,0.00047462145052015845,0.806334973910401,0.9987056255340576
3996,0.00047462145052015845,0.8063772865663087,0.9987055063247681
3997,0.00047462145052015845,0.8064734516933717,0.9987051486968994
3998,0.00047462145052015845,0.8065234575594444,0.9987049102783203
3999,0.00047462145052015845,0.8068542655965412,0.9987045526504517
4000,0.00047462145052015845,0.8068773452270362,0.998704195022583
4001,0.00047462145052015845,0.8068811918321188,0.9987039566040039
4002,0.00047462145052015845,0.8068965782524489,0.9987037181854248
4003,0.00047462145052015845,0.8069331210007328,0.9987034797668457
4004,0.00047462145052015845,0.8069408142108978,0.998703122138977
4005,0.0004753618896005331,0.8072620057352882,0.9987030029296875
4006,0.0004753618896005331,0.8072658523403707,0.9987027645111084
4007,0.0004753618896005331,0.8072850853657833,0.9987024068832397
4008,0.0004753618896005331,0.8072889319708658,0.9987019300460815
4009,0.0004753618896005331,0.807290855273407,0.9987014532089233
4010,0.0004753618896005331,0.8073466310471036,0.9987013339996338
4011,0.0004753618896005331,0.8073485543496448,0.9987012147903442
4012,0.0004753618896005331,0.8073581708623512,0.9987009763717651
4013,0.0004753618896005331,0.807475492317368,0.998700737953186
4014,0.0004761023286809078,0.8074908787376981,0.9987002611160278
4015,0.0004761023286809078,0.8075062651580281,0.9986999034881592
4016,0.0004761023286809078,0.8075158816707344,0.9986997842788696
4017,0.0004761023286809078,0.8078524596154549,0.9986996650695801
4018,0.0004761023286809078,0.8078543829179962,0.9986995458602905
4019,0.0004761023286809078,0.8078620761281612,0.9986989498138428
4020,0.0004761023286809078,0.8078909256662801,0.9986984729766846
4021,0.0004761023286809078,0.8078928489688213,0.9986977577209473
4022,0.0004761023286809078,0.8079236218094815,0.9986976385116577
4023,0.0004761023286809078,0.8079390082298116,0.9986972212791443
4024,0.0004761023286809078,0.8079428548348941,0.9986969828605652
4025,0.0004761023286809078,0.8079620878603067,0.9986966252326965
4026,0.0004761023286809078,0.8079967073060493,0.9986961483955383
4027,0.00047684276776128245,0.8080582529873697,0.9986959099769592
4028,0.00047684276776128245,0.808475609638823,0.9986956715583801
4029,0.00047684276776128245,0.809312246244271,0.998695433139801
4030,0.00047684276776128245,0.8093141695468122,0.9986949563026428
4031,0.0004798045240827811,0.8101815789929203,0.9986948370933533
4032,0.0004798045240827811,0.8101835022954615,0.9986943602561951
4033,0.0004798045240827811,0.8102027353208742,0.9986942410469055
4034,0.0004798045240827811,0.8102354314640756,0.9986940026283264
4035,0.0004798045240827811,0.8102412013716994,0.9986932873725891
4036,0.00048054496316315574,0.8102585110945707,0.9986922144889832
4037,0.00048054496316315574,0.8102738975149008,0.9986920952796936
4038,0.00048054496316315574,0.8104008354826239,0.9986918568611145
4039,0.0004812854022435304,0.8104643044664855,0.998691737651825
4040,0.0004812854022435304,0.8104700743741092,0.9986916184425354
4041,0.0004812854022435304,0.8104777675842743,0.9986911416053772
4042,0.0004812854022435304,0.8105008472147694,0.9986910223960876
4043,0.0004812854022435304,0.8105527763833834,0.9986907839775085
4044,0.0004812854022435304,0.810556622988466,0.998690664768219
4045,0.0004812854022435304,0.8106047055519975,0.9986904263496399
4046,0.0004820258413239051,0.8106297084850338,0.9986898303031921
4047,0.0004820258413239051,0.8106393249977402,0.9986894726753235
4048,0.0004820258413239051,0.8106662512333177,0.9986887574195862
4049,0.0004820258413239051,0.8106835609561891,0.9986883997917175
4050,0.0004820258413239051,0.8106854842587303,0.9986881613731384
4051,0.0004820258413239051,0.8107104871917667,0.9986869692802429
4052,0.0004820258413239051,0.8107374134273444,0.9986868500709534
4053,0.00048276628040427974,0.8117990764301197,0.9986863732337952
4054,0.0004835067194846544,0.8118260026656974,0.9986862540245056
4055,0.0004835067194846544,0.8119183211876778,0.9986857771873474
4056,0.0004835067194846544,0.8119240910953016,0.9986856579780579
4057,0.0004835067194846544,0.8119317843054666,0.9986851811408997
4058,0.0004835067194846544,0.8119375542130903,0.9986850619316101
4059,0.00048646847580615304,0.8157706961778208,0.9986849427223206
4060,0.00048646847580615304,0.8158168554388111,0.9986842274665833
4061,0.00048646847580615304,0.8158207020438936,0.9986841082572937
4062,0.00048646847580615304,0.8158553214896362,0.9986827969551086
4063,0.00048646847580615304,0.8159399468014517,0.9986826777458191
4064,0.00048646847580615304,0.8159668730370293,0.9986818432807922
4065,0.00048646847580615304,0.8159726429446531,0.9986812472343445
4066,0.00048646847580615304,0.8162938344690435,0.9986811280250549
4067,0.00048646847580615304,0.81634961024274,0.9986810088157654
4068,0.0004872089148865277,0.8163803830834002,0.9986808896064758
4069,0.0004872089148865277,0.8163823063859414,0.9986807703971863
4070,0.0004872089148865277,0.8163880762935652,0.9986806511878967
4071,0.0004872089148865277,0.8164073093189778,0.9986802935600281
4072,0.0004872089148865277,0.8164111559240603,0.9986799359321594
4073,0.0004872089148865277,0.8164130792266016,0.9986798167228699
4074,0.0004872089148865277,0.8164226957393079,0.9986796975135803
4075,0.0004872089148865277,0.8164342355545554,0.9986794590950012
4076,0.0004872089148865277,0.8164630850926743,0.9986793398857117
4077,0.0004872089148865277,0.8164861647231695,0.9986788630485535
4078,0.0004872089148865277,0.8165611735222785,0.9986783862113953
4079,0.0004872089148865277,0.8165900230603975,0.998677670955658
4080,0.000488689793047277,0.8165900230603975,0.9986764788627625
4081,0.000488689793047277,0.81659386966548,0.9986763596534729
4082,0.0004901706712080264,0.8167381173560745,0.9986760020256042
4083,0.0004901706712080264,0.8167804300119822,0.9986758828163147
4084,0.0004901706712080264,0.816793893129771,0.9986754059791565
4085,0.0004901706712080264,0.8168342824831375,0.9986752867698669
4086,0.0004901706712080264,0.8169996865016858,0.9986751675605774
4087,0.0004901706712080264,0.8170362292499697,0.9986750483512878
4088,0.0004916515493687757,0.8171458574948215,0.9986746311187744
4089,0.0004923919884491503,0.8171554740075279,0.9986743927001953
4090,0.0004938728666098996,0.8171554740075279,0.9986727237701416
4091,0.0004938728666098996,0.8171670138227753,0.9986721277236938
4092,0.0004938728666098996,0.8171689371253166,0.9986717700958252
4093,0.0004946133056902743,0.8172420226218845,0.998671293258667
4094,0.0004960941838510237,0.8173651139845252,0.9986708164215088
4095,0.0004960941838510237,0.8173708838921488,0.9986706972122192
4096,0.0004960941838510237,0.8173881936150202,0.9986703395843506
4097,0.0004960941838510237,0.8174016567328091,0.998670220375061
4098,0.0004960941838510237,0.8174266596658454,0.9986699819564819
4099,0.0004960941838510237,0.8174420460861755,0.9986698627471924
4100,0.0004960941838510237,0.8174651257166706,0.9986693859100342
4101,0.0004960941838510237,0.8174670490192119,0.9986681938171387
4102,0.0004960941838510237,0.8174708956242944,0.9986680746078491
4103,0.0004960941838510237,0.8174728189268357,0.9986677169799805
4104,0.0004968346229313983,0.8174843587420833,0.9986675977706909
4105,0.0004968346229313983,0.8176189899199714,0.9986674785614014
4106,0.0004968346229313983,0.8176228365250539,0.9986670017242432
4107,0.0004968346229313983,0.8176478394580903,0.9986667633056641
4108,0.0004968346229313983,0.8176574559707965,0.9986666440963745
4109,0.0004968346229313983,0.8176959220216218,0.9986661672592163
4110,0.0004968346229313983,0.8178805590655827,0.9986659288406372
4111,0.0004968346229313983,0.8178959454859128,0.9986658096313477
4112,0.0004968346229313983,0.817897868788454,0.9986656904220581
4113,0.0004968346229313983,0.8179132552087841,0.9986655712127686
4114,0.0004968346229313983,0.8179805707977282,0.998665452003479
4115,0.0004968346229313983,0.8179940339155171,0.998664379119873
4116,0.0004968346229313983,0.8180113436383883,0.9986640214920044
4117,0.0004968346229313983,0.8180882757400387,0.9986633062362671
4118,0.0004968346229313983,0.818201750589973,0.998663067817688
4119,0.0004968346229313983,0.8182440632458807,0.9986627101898193
4120,0.0004968346229313983,0.8182459865484221,0.998661994934082
4121,0.0004968346229313983,0.8183960041466403,0.9986616373062134
4122,0.0004968346229313983,0.8184421634076305,0.9986608028411865
4123,0.0004968346229313983,0.8184594731305018,0.9986604452133179
4124,0.0004968346229313983,0.8184633197355844,0.9986599683761597
4125,0.0004968346229313983,0.8184748595508319,0.998659610748291
4126,0.000497575062011773,0.8185479450473998,0.9986591339111328
4127,0.000497575062011773,0.818549868349941,0.998658299446106
4128,0.000497575062011773,0.8185556382575648,0.9986580610275269
4129,0.0004983155010921476,0.8185594848626474,0.9986578226089478
4130,0.0004983155010921476,0.8185671780728124,0.9986577033996582
4131,0.0004983155010921476,0.8185691013753537,0.9986553192138672
4132,0.0004983155010921476,0.8187556617218559,0.9986550807952881
4133,0.0004983155010921476,0.8187614316294796,0.9986549615859985
4134,0.0004983155010921476,0.8187922044701398,0.9986547231674194
4135,0.0004983155010921476,0.8188075908904698,0.9986546039581299
4136,0.0004983155010921476,0.8189095259251566,0.9986540079116821
4137,0.0004983155010921476,0.8189133725302391,0.9986535310745239
4138,0.0004983155010921476,0.8189249123454867,0.9986532926559448
4139,0.0004983155010921476,0.8189402987658168,0.9986531734466553
4140,0.0004983155010921476,0.8191595552555203,0.9986521601676941
4141,0.0004997963792528969,0.8193249592740687,0.9986516833305359
4142,0.0005005368183332716,0.8193461156020225,0.9986515641212463
4143,0.0005005368183332716,0.8194134311909667,0.9986512064933777
4144,0.0005005368183332716,0.8194307409138379,0.9986503720283508
4145,0.0005005368183332716,0.819446127334168,0.9986502528190613
4146,0.0005005368183332716,0.8194499739392506,0.9986501336097717
4147,0.0005005368183332716,0.8194538205443331,0.9986497759819031
4148,0.0005005368183332716,0.8194807467799107,0.9986494183540344
4149,0.0005005368183332716,0.8194922865951583,0.9986491799354553
4150,0.0005005368183332716,0.8195442157637723,0.9986490607261658
4151,0.0005005368183332716,0.8195999915374688,0.9986488223075867
4152,0.0005005368183332716,0.8196134546552576,0.9986487030982971
4153,0.0005005368183332716,0.8196249944705052,0.9986478686332703
4154,0.0005005368183332716,0.8196480741010003,0.9986475110054016
4155,0.0005005368183332716,0.8196538440086241,0.9986466765403748
4156,0.0005005368183332716,0.8196557673111653,0.9986463189125061
4157,0.0005005368183332716,0.8196788469416605,0.9986461997032166
4158,0.0005005368183332716,0.8199461859948955,0.998646080493927
4159,0.0005005368183332716,0.8199519559025193,0.9986452460289001
4160,0.0005005368183332716,0.8200173481889221,0.9986447691917419
4161,0.0005005368183332716,0.8200192714914635,0.9986440539360046
4162,0.0005005368183332716,0.8200250413990872,0.9986438155174255
4163,0.0005012772574136463,0.8202596843091209,0.9986434578895569
4164,0.0005012772574136463,0.8202635309142033,0.9986432194709778
4165,0.0005012772574136463,0.8205462563877686,0.9986428618431091
4166,0.0005012772574136463,0.8205539495979336,0.9986420273780823
4167,0.0005012772574136463,0.8205577962030162,0.9986416697502136
4168,0.0005012772574136463,0.820682810868198,0.9986411929130554
4169,0.0005012772574136463,0.8206943506834455,0.9986409544944763
4170,0.0005034985746547703,0.8216098426930851,0.9986403584480286
4171,0.0005042390137351449,0.821675234979488,0.998640239238739
4172,0.0005042390137351449,0.8216867747947355,0.9986395239830017
4173,0.0005042390137351449,0.8217540903836796,0.9986394047737122
4174,0.0005042390137351449,0.8217598602913034,0.9986385703086853
4175,0.0005042390137351449,0.8217694768040097,0.9986380934715271
4176,0.0005042390137351449,0.8217714001065509,0.998637855052948
4177,0.0005042390137351449,0.8217867865268811,0.9986376166343689
4178,0.0005042390137351449,0.8217887098294223,0.9986370205879211
4179,0.0005042390137351449,0.8217944797370461,0.9986369013786316
4180,0.0005042390137351449,0.8217964030395873,0.9986359477043152
4181,0.0005042390137351449,0.8218252525777062,0.9986357092857361
4182,0.0005057198918958942,0.8218348690904125,0.9986355900764465
4183,0.0005057198918958942,0.8219021846793566,0.9986353516578674
4184,0.0005057198918958942,0.8219041079818978,0.9986351132392883
4185,0.0005064603309762689,0.821919494402228,0.9986349940299988
4186,0.0005064603309762689,0.8219310342174755,0.9986348748207092
4187,0.0005064603309762689,0.8219521905454293,0.9986334443092346
4188,0.0005064603309762689,0.821979116781007,0.9986333250999451
4189,0.0005064603309762689,0.8219829633860896,0.9986326098442078
4190,0.0005064603309762689,0.8220560488826574,0.9986323714256287
4191,0.0005064603309762689,0.8220637420928224,0.9986317753791809
4192,0.0005064603309762689,0.8220791285131525,0.9986306428909302
4193,0.0005072007700566436,0.8220848984207763,0.9986305236816406
4194,0.0005072007700566436,0.8221060547487301,0.9986302852630615
4195,0.0005079412091370183,0.8221214411690602,0.9986300468444824
4196,0.0005079412091370183,0.8221599072198854,0.9986299276351929
4197,0.0005079412091370183,0.8222195295986645,0.9986296892166138
4198,0.0005079412091370183,0.8222368393215358,0.9986295700073242
4199,0.0005079412091370183,0.822238762624077,0.9986292123794556
4200,0.0005079412091370183,0.8222656888596547,0.9986287355422974
4201,0.0005079412091370183,0.8222695354647372,0.9986279010772705
4202,0.0005079412091370183,0.8223772404070477,0.9986264705657959
4203,0.0005079412091370183,0.822386856919754,0.9986263513565063
4204,0.0005079412091370183,0.822431092878203,0.9986262321472168
4205,0.0005079412091370183,0.822527258005266,0.9986259937286377
4206,0.0005079412091370183,0.8225311046103485,0.998625636100769
4207,0.0005086816482173929,0.8225772638713388,0.9986255168914795
4208,0.0005086816482173929,0.82257918717388,0.9986250400543213
4209,0.0005086816482173929,0.822586880384045,0.9986246824264526
4210,0.0005086816482173929,0.8226561192755304,0.9986245632171631
4211,0.0005086816482173929,0.8226580425780716,0.9986242055892944
4212,0.0005086816482173929,0.822667659090778,0.9986239671707153
4213,0.0005086816482173929,0.8227830572432535,0.9986238479614258
4214,0.0005086816482173929,0.8227849805457947,0.9986237287521362
4215,0.0005086816482173929,0.8227888271508773,0.9986236095428467
4216,0.0005086816482173929,0.8227984436635836,0.9986230134963989
4217,0.0005086816482173929,0.8228099834788312,0.9986227750778198
4218,0.0005116434045388915,0.8228926854881053,0.9986226558685303
4219,0.0005116434045388915,0.8228946087906466,0.9986221790313721
4220,0.0005116434045388915,0.822934998144013,0.9986217021942139
4221,0.0005116434045388915,0.8229638476821319,0.9986215829849243
4222,0.0005116434045388915,0.8230253933634523,0.9986213445663452
4223,0.0005116434045388915,0.8230311632710761,0.9986211061477661
4224,0.0005116434045388915,0.8230350098761585,0.9986206293106079
4225,0.0005116434045388915,0.823075399229525,0.9986205101013184
4226,0.0005116434045388915,0.8231004021625614,0.9986191987991333
4227,0.0005116434045388915,0.8231023254651026,0.9986187219619751
4228,0.0005116434045388915,0.8231119419778089,0.998618483543396
4229,0.0005116434045388915,0.8231177118854327,0.9986183643341064
4230,0.0005116434045388915,0.8231254050955977,0.9986182451248169
4231,0.0005116434045388915,0.823127328398139,0.9986180067062378
4232,0.0005116434045388915,0.8231504080286342,0.9986175298690796
4233,0.0005116434045388915,0.823156177936258,0.9986170530319214
4234,0.0005116434045388915,0.8232215702226607,0.9986169338226318
4235,0.0005116434045388915,0.823223493525202,0.9986164569854736
4236,0.0005116434045388915,0.8232484964582384,0.998616099357605
4237,0.0005116434045388915,0.8232504197607796,0.9986158609390259
4238,0.0005116434045388915,0.8232619595760272,0.9986156225204468
4239,0.0005116434045388915,0.8233619713081727,0.9986151456832886
4240,0.0005116434045388915,0.8234196703844104,0.998615026473999
4241,0.0005116434045388915,0.8234389034098231,0.9986145496368408
4242,0.0005116434045388915,0.8234408267123643,0.9986144304275513
4243,0.0005116434045388915,0.8234465966199881,0.9986143112182617
4244,0.0005116434045388915,0.8234600597377769,0.9986141920089722
4245,0.0005116434045388915,0.8234677529479419,0.9986140727996826
4246,0.0005116434045388915,0.8234696762504833,0.9986139535903931
4247,0.0005116434045388915,0.8235619947724637,0.998613715171814
4248,0.0005116434045388915,0.8235658413775462,0.9986134767532349
4249,0.0005116434045388915,0.8235735345877112,0.998612642288208
4250,0.0005116434045388915,0.8235850744029588,0.9986125230789185
4251,0.0005116434045388915,0.8239505018857981,0.9986121654510498
4252,0.0005116434045388915,0.824015894172201,0.9986119270324707
4253,0.0005123838436192662,0.8240428204077787,0.998611569404602
4254,0.0005123838436192662,0.8240447437103199,0.9986114501953125
4255,0.0005131242826996409,0.8240447437103199,0.998611330986023
4256,0.0005131242826996409,0.8240485903154023,0.998610258102417
4257,0.0005146051608603902,0.8241466787450066,0.9986099004745483
4258,0.0005146051608603902,0.8241486020475479,0.9986097812652588
4259,0.0005146051608603902,0.8241524486526304,0.9986088871955872
4260,0.0005153455999407649,0.8241659117704192,0.9986087679862976
4261,0.0005153455999407649,0.8241947613085381,0.9986086487770081
4262,0.0005153455999407649,0.8242120710314095,0.9986085295677185
4263,0.0005153455999407649,0.8242197642415745,0.9986081719398499
4264,0.0005153455999407649,0.8242216875441157,0.9986080527305603
4265,0.0005375587723520048,0.8299877485628122,0.9986079335212708
4266,0.0005375587723520048,0.8300473709415912,0.9986078143119812
4267,0.0005375587723520048,0.8301146865305353,0.9986074566841125
4268,0.0005375587723520048,0.8301300729508654,0.9986063838005066
4269,0.0005375587723520048,0.8301435360686542,0.9986061453819275
4270,0.0005375587723520048,0.8303474061380277,0.9986060261726379
4271,0.0005375587723520048,0.8303493294405689,0.9986051917076111
4272,0.0005382992114323794,0.8303781789786879,0.9986050724983215
4273,0.0005382992114323794,0.8303839488863116,0.998604953289032
4274,0.0005382992114323794,0.8303877954913942,0.9986043572425842
4275,0.0005390396505127541,0.8304262615422193,0.9986042380332947
4276,0.0005390396505127541,0.8304647275930446,0.9986041188240051
4277,0.0005390396505127541,0.8304762674082922,0.998603880405426
4278,0.0005390396505127541,0.8304935771311635,0.9986031651496887
4279,0.0005390396505127541,0.8305070402489523,0.9986029267311096
4280,0.0005390396505127541,0.8307666860920223,0.9986028075218201
4281,0.0005390396505127541,0.8307705326971049,0.9986020922660828
4282,0.0005390396505127541,0.8307724559996461,0.9986013770103455
4283,0.0005390396505127541,0.8307763026047287,0.9986011385917664
4284,0.0005390396505127541,0.8307820725123524,0.9986000657081604
4285,0.0005390396505127541,0.8309705561613958,0.9985995888710022
4286,0.0005390396505127541,0.8309801726741022,0.9985993504524231
4287,0.0005397800895931287,0.8310263319350923,0.998599112033844
4288,0.0005397800895931287,0.8310301785401749,0.9985981583595276
4289,0.0005397800895931287,0.8310340251452574,0.998598039150238
4290,0.0005405205286735034,0.8311378834824854,0.9985976815223694
4291,0.0005405205286735034,0.8311590398104393,0.9985975623130798
4292,0.0005405205286735034,0.8311648097180631,0.9985968470573425
4293,0.0005405205286735034,0.8311859660460169,0.9985964894294739
4294,0.000541260967753878,0.8311898126510995,0.9985962510108948
4295,0.000541260967753878,0.8312109689790533,0.9985958933830261
4296,0.000541260967753878,0.831230202004466,0.9985955357551575
4297,0.000541260967753878,0.8312821311730799,0.9985949397087097
4298,0.000541260967753878,0.831289824383245,0.998594343662262
4299,0.000541260967753878,0.8313032875010338,0.9985942244529724
4300,0.000541260967753878,0.831305210803575,0.9985941052436829
4301,0.000541260967753878,0.831505234267866,0.998593270778656
4302,0.000541260967753878,0.8315379304110675,0.9985930323600769
4303,0.000541260967753878,0.8315398537136087,0.9985925555229187
4304,0.000541260967753878,0.83155716343648,0.9985923171043396
4305,0.000541260967753878,0.8315629333441038,0.9985916018486023
4306,0.000541260967753878,0.831564856646645,0.9985905289649963
4307,0.0005434822849950021,0.8317014111270745,0.9985899329185486
4308,0.0005434822849950021,0.8317148742448633,0.9985896944999695
4309,0.0005434822849950021,0.8317629568083948,0.9985894560813904
4310,0.0005434822849950021,0.8317764199261837,0.9985890984535217
4311,0.0005434822849950021,0.8317783432287249,0.998588502407074
4312,0.0005464440413165007,0.8340439936223287,0.9985878467559814
4313,0.00054792491947725,0.8347710019829249,0.9985872507095337
4314,0.00054792491947725,0.8347844651007137,0.9985862970352173
4315,0.00054792491947725,0.8348017748235851,0.9985858201980591
4316,0.00054792491947725,0.8350421876412425,0.9985857009887695
4317,0.0005486653585576247,0.8358692077339842,0.99858558177948
4318,0.0005486653585576247,0.8358730543390667,0.9985853433609009
4319,0.0005486653585576247,0.835934600020387,0.9985851049423218
4320,0.0005486653585576247,0.835942293230552,0.9985836744308472
4321,0.0005494057976379994,0.8359442165330933,0.9985835552215576
4322,0.0005494057976379994,0.8359922990966248,0.9985834360122681
4323,0.0005494057976379994,0.8359942223991661,0.998583197593689
4324,0.0005494057976379994,0.8360076855169549,0.9985830783843994
4325,0.0005494057976379994,0.8360115321220374,0.9985823631286621
4326,0.0005494057976379994,0.8360365350550738,0.998582124710083
4327,0.0005494057976379994,0.8360961574338528,0.9985820055007935
4328,0.0005494057976379994,0.8361019273414766,0.9985815286636353
4329,0.0005494057976379994,0.8361538565100906,0.9985811710357666
4330,0.0005494057976379994,0.8362269420066585,0.9985806941986084
4331,0.0005494057976379994,0.8362288653091997,0.9985799789428711
4332,0.0005494057976379994,0.8363077207133914,0.9985793828964233
4333,0.0005494057976379994,0.8363192605286389,0.9985780715942383
4334,0.0005494057976379994,0.8363288770413453,0.9985777139663696
4335,0.0005494057976379994,0.8363461867642166,0.9985775947570801
4336,0.0005494057976379994,0.8363615731845466,0.9985765218734741
4337,0.0005494057976379994,0.8363904227226655,0.9985764026641846
4338,0.0005494057976379994,0.8364673548243159,0.9985753297805786
4339,0.0005494057976379994,0.8364692781268572,0.9985752105712891
4340,0.000550146236718374,0.8364692781268572,0.9985741376876831
4341,0.000550146236718374,0.8364712014293985,0.9985734224319458
4342,0.0005516271148791233,0.8366173724225342,0.9985727071762085
4343,0.0005582910666024953,0.8370943514527666,0.9985724687576294
4344,0.0005582910666024953,0.8371001213603904,0.9985721111297607
4345,0.0005582910666024953,0.8371020446629316,0.9985717535018921
4346,0.0005582910666024953,0.8372770651941862,0.9985710382461548
4347,0.0005582910666024953,0.8372982215221401,0.9985709190368652
4348,0.0005582910666024953,0.8373693837161666,0.998570442199707
4349,0.0005582910666024953,0.8373982332542856,0.9985699653625488
4350,0.0005582910666024953,0.8374136196746157,0.9985698461532593
4351,0.0005582910666024953,0.8375597906677514,0.9985696077346802
4352,0.0005582910666024953,0.8375617139702927,0.9985694885253906
4353,0.0005582910666024953,0.8375809469957053,0.998569130897522
4354,0.0005582910666024953,0.8375886402058703,0.9985688924789429
4355,0.0005582910666024953,0.8376463392821081,0.9985686540603638
4356,0.0005582910666024953,0.8378155899057389,0.9985684156417847
4357,0.0005582910666024953,0.8378175132082802,0.9985682964324951
4358,0.0005582910666024953,0.8379079084277195,0.9985681772232056
4359,0.0005582910666024953,0.8379252181505907,0.9985678195953369
4360,0.0005582910666024953,0.8379386812683796,0.9985675811767578
4361,0.0005582910666024953,0.8379406045709208,0.9985674619674683
4362,0.0005582910666024953,0.8380213832776537,0.9985665678977966
4363,0.0005582910666024953,0.8380252298827362,0.9985664486885071
4364,0.0005582910666024953,0.8380271531852775,0.9985660910606384
4365,0.0005582910666024953,0.8380329230929012,0.9985657334327698
4366,0.0005582910666024953,0.8380886988665978,0.9985656142234802
4367,0.0005582910666024953,0.8380963920767629,0.9985653758049011
4368,0.0005582910666024953,0.8381002386818454,0.9985639452934265
4369,0.0005582910666024953,0.8381137017996342,0.998563826084137
4370,0.0005582910666024953,0.838282952423265,0.9985637068748474
4371,0.0005582910666024953,0.8383002621461364,0.9985632300376892
4372,0.0005582910666024953,0.8383695010376218,0.9985619187355042
4373,0.0005582910666024953,0.8383771942477868,0.9985615611076355
4374,0.0005582910666024953,0.838379117550328,0.9985613226890564
4375,0.0005582910666024953,0.8383945039706581,0.99856036901474
4376,0.0005590315056828699,0.8384291234164007,0.9985602498054504
4377,0.0005590315056828699,0.838431046718942,0.9985598921775818
4378,0.0005590315056828699,0.8384425865341896,0.9985590577125549
4379,0.0005590315056828699,0.8384445098367308,0.9985585808753967
4380,0.0005590315056828699,0.8384656661646847,0.9985584616661072
4381,0.0005590315056828699,0.8384925924002623,0.9985583424568176
4382,0.0005590315056828699,0.8384945157028036,0.9985567927360535
4383,0.0005590315056828699,0.83853490505617,0.9985566735267639
4384,0.0005597719447632446,0.83853490505617,0.9985563158988953
4385,0.0005597719447632446,0.8385368283587114,0.9985558390617371
4386,0.0005597719447632446,0.8385618312917477,0.998555600643158
4387,0.0005597719447632446,0.8385637545942889,0.9985553622245789
4388,0.0005597719447632446,0.8385695245019127,0.9985552430152893
4389,0.0005597719447632446,0.8385733711069953,0.9985544085502625
4390,0.000561252822923994,0.8386253002756092,0.9985539317131042
4391,0.000561252822923994,0.8386714595365995,0.9985533356666565
4392,0.000561252822923994,0.838675306141682,0.9985529780387878
4393,0.000561252822923994,0.8387022323772596,0.9985528588294983
4394,0.000561252822923994,0.8387233887052135,0.9985523819923401
4395,0.000561252822923994,0.838771471268745,0.9985520243644714
4396,0.0005619932620043686,0.8388734063034318,0.9985517859458923
4397,0.0005619932620043686,0.8389176422618807,0.9985516667366028
4398,0.0005619932620043686,0.8389214888669633,0.9985515475273132
4399,0.0005619932620043686,0.8389464917999996,0.9985511898994446
4400,0.0005619932620043686,0.8389522617076234,0.998551070690155
4401,0.0005619932620043686,0.8390041908762375,0.9985507130622864
4402,0.0005619932620043686,0.83902342390165,0.9985505938529968
4403,0.0005619932620043686,0.8390272705067325,0.99854975938797
4404,0.0005619932620043686,0.8390388103219801,0.9985494017601013
4405,0.0005619932620043686,0.8390541967423102,0.9985488057136536
4406,0.0005619932620043686,0.8390580433473926,0.998548686504364
4407,0.0005627337010847433,0.8391138191210892,0.9985485672950745
4408,0.0005627337010847433,0.8391157424236305,0.9985471367835999
4409,0.0005627337010847433,0.8391311288439606,0.9985461235046387
4410,0.0005627337010847433,0.839134975449043,0.99854576587677
4411,0.0005627337010847433,0.8393580785438292,0.9985454082489014
4412,0.0005627337010847433,0.8393657717539942,0.9985445737838745
4413,0.0005627337010847433,0.839371541661618,0.998544454574585
4414,0.0005627337010847433,0.8393753882667006,0.9985440969467163
4415,0.0005627337010847433,0.8393830814768656,0.9985438585281372
4416,0.0005634741401651179,0.8394503970658096,0.9985436201095581
4417,0.0005634741401651179,0.8394619368810572,0.9985432624816895
4418,0.0005634741401651179,0.8394638601835984,0.9985427856445312
4419,0.0005642145792454926,0.8397485089597049,0.9985426664352417
4420,0.0005642145792454926,0.8397504322622461,0.998542070388794
4421,0.0005642145792454926,0.8397677419851175,0.9985419511795044
4422,0.0005642145792454926,0.839800438128319,0.9985417127609253
4423,0.0005642145792454926,0.8398023614308602,0.9985414743423462
4424,0.0005642145792454926,0.8398119779435664,0.9985401630401611
4425,0.0005642145792454926,0.8398177478511902,0.9985394477844238
4426,0.0005642145792454926,0.8399081430706294,0.9985387325286865
4427,0.0005642145792454926,0.8399100663731707,0.9985383749008179
4428,0.0005642145792454926,0.8399350693062071,0.9985381364822388
4429,0.0005642145792454926,0.8400562373663064,0.9985374212265015
4430,0.0005642145792454926,0.8400831636018841,0.9985345602035522
4431,0.0005642145792454926,0.8401812520314883,0.9985334873199463
4432,0.0005649550183258672,0.8402697239483863,0.9985333681106567
4433,0.0005649550183258672,0.840371658983073,0.9985325336456299
4434,0.0005649550183258672,0.8404024318237332,0.9985324144363403
4435,0.0005656954574062419,0.8404101250338982,0.9985319375991821
4436,0.0005671763355669913,0.8442932728647015,0.9985308647155762
4437,0.0005701380918884899,0.8457319031655637,0.9985302686691284
4438,0.0005701380918884899,0.8457357497706461,0.9985296726226807
4439,0.0005701380918884899,0.8457376730731875,0.9985294342041016
4440,0.0005701380918884899,0.8457569060986,0.998529314994812
4441,0.0005701380918884899,0.845801142057049,0.9985290765762329
4442,0.0005701380918884899,0.8458184517799203,0.9985289573669434
4443,0.0005701380918884899,0.8459723159832211,0.9985287189483643
4444,0.0005708785309688645,0.8466723981082396,0.998528003692627
4445,0.0005708785309688645,0.8466781680158634,0.9985277652740479
4446,0.0005708785309688645,0.846689707831111,0.9985276460647583
4447,0.0005708785309688645,0.8468185691013753,0.9985262155532837
4448,0.0005708785309688645,0.8469666633970524,0.9985256791114807
4449,0.0005708785309688645,0.8469878197250063,0.9985244870185852
4450,0.0005708785309688645,0.8469916663300887,0.9985237717628479
4451,0.0005708785309688645,0.8470320556834552,0.9985231757164001
4452,0.0005708785309688645,0.8470512887088678,0.9985226988792419
4453,0.0005708785309688645,0.8470551353139503,0.9985222220420837
4454,0.0005708785309688645,0.8470609052215741,0.9985212683677673
4455,0.0005716189700492392,0.8470609052215741,0.9985209107398987
4456,0.0005723594091296139,0.8470724450368217,0.9985207915306091
4457,0.0005723594091296139,0.8470993712723993,0.9985201954841614
4458,0.0005723594091296139,0.8471089877851056,0.9985193610191345
4459,0.0005723594091296139,0.8471897664918384,0.9985190033912659
4460,0.0005745807263707379,0.8473109345519378,0.9985185265541077
4461,0.0005745807263707379,0.8473167044595616,0.9985175728797913
4462,0.0005745807263707379,0.8473263209722679,0.998516857624054
4463,0.0005745807263707379,0.8473320908798917,0.9985166192054749
4464,0.0005745807263707379,0.8473359374849742,0.9985162615776062
4465,0.0005790233608529859,0.8477359844135562,0.9985150694847107
4466,0.0005790233608529859,0.847785990279629,0.9985142350196838
4467,0.0005790233608529859,0.8477975300948765,0.9985141158103943
4468,0.0005797637999333605,0.8478167631202891,0.9985138773918152
4469,0.0005797637999333605,0.8478206097253717,0.9985129237174988
4470,0.0005797637999333605,0.8483283615962641,0.9985126852989197
4471,0.0005797637999333605,0.8483302848988055,0.9985125660896301
4472,0.0005797637999333605,0.8483379781089705,0.9985124468803406
4473,0.0005797637999333605,0.8483668276470894,0.9985122084617615
4474,0.0005797637999333605,0.8483706742521719,0.9985107779502869
4475,0.0005797637999333605,0.8483976004877495,0.9985104203224182
4476,0.0005797637999333605,0.8484091403029971,0.99850994348526
4477,0.0005797637999333605,0.8484129869080796,0.9985091090202332
4478,0.0005797637999333605,0.8484187568157033,0.9985077977180481
4479,0.0005797637999333605,0.8484418364461985,0.998507559299469
4480,0.0005797637999333605,0.8484437597487398,0.998506486415863
4481,0.0005797637999333605,0.8484591461690698,0.9985063672065735
4482,0.0005797637999333605,0.848461069471611,0.9985061287879944
4483,0.0005797637999333605,0.8484937656148125,0.9985059499740601
4484,0.0005797637999333605,0.8484956889173537,0.9985053539276123
4485,0.0005797637999333605,0.8485014588249775,0.998504638671875
4486,0.0005930917033801044,0.8540636497743005,0.9985045194625854
4487,0.0005930917033801044,0.8540694196819242,0.9985044002532959
4488,0.0005930917033801044,0.854090576009878,0.998503565788269
4489,0.0005930917033801044,0.8540944226149606,0.9985030889511108
4490,0.000593832142460479,0.8541078857327494,0.9985029697418213
4491,0.000593832142460479,0.8542040508598124,0.998502254486084
4492,0.0005945725815408537,0.8542521334233439,0.9985010623931885
4493,0.0005945725815408537,0.8543021392894167,0.9985007047653198
4494,0.0005945725815408537,0.8543040625919579,0.9985002279281616
4495,0.0005945725815408537,0.8543136791046642,0.9985001087188721
4496,0.0005945725815408537,0.8543367587351594,0.9984990358352661
4497,0.0005945725815408537,0.8545233190816615,0.9984984397888184
4498,0.0005945725815408537,0.8545329355943678,0.9984983205795288
4499,0.0005953130206212283,0.8545329355943678,0.9984982013702393
4500,0.0005953130206212283,0.854534858896909,0.998497724533081
4501,0.0005953130206212283,0.8545656317375692,0.9984965324401855
4502,0.0005953130206212283,0.8545694783426517,0.9984961748123169
4503,0.0005953130206212283,0.8545829414604406,0.9984956979751587
4504,0.0005953130206212283,0.8546002511833118,0.9984948635101318
4505,0.0005953130206212283,0.8546021744858532,0.9984946250915527
4506,0.0005953130206212283,0.8546098676960182,0.998494029045105
4507,0.0005953130206212283,0.8546387172341371,0.9984939098358154
4508,0.0005953130206212283,0.8546425638392195,0.9984930753707886
4509,0.0005953130206212283,0.8546637201671734,0.9984928369522095
4510,0.0005953130206212283,0.8546656434697147,0.998491644859314
4511,0.0005960534597016031,0.8546714133773385,0.9984912872314453
4512,0.0005960534597016031,0.8547041095205399,0.998490571975708
4513,0.0005960534597016031,0.8547060328230812,0.9984900951385498
4514,0.0005960534597016031,0.8547348823612001,0.9984898567199707
4515,0.0005960534597016031,0.8547656552018602,0.9984893798828125
4516,0.0005960534597016031,0.8547906581348966,0.9984890222549438
4517,0.0005960534597016031,0.8547925814374379,0.9984887838363647
4518,0.0005960534597016031,0.8548021979501441,0.9984880685806274
4519,0.0005960534597016031,0.8548175843704743,0.9984878301620483
4520,0.0005967938987819777,0.8549618320610687,0.9984875917434692
4521,0.0005967938987819777,0.8554003450404759,0.9984867572784424
4522,0.0005967938987819777,0.8554041916455585,0.9984862208366394
4523,0.0005967938987819777,0.855415731460806,0.9984853863716125
4524,0.0005967938987819777,0.8554176547633472,0.9984847903251648
4525,0.0005967938987819777,0.855423424670971,0.9984846711158752
4526,0.0005967938987819777,0.8554253479735123,0.9984843134880066
4527,0.0005967938987819777,0.8554792004446675,0.9984840750694275
4528,0.0005997556551034763,0.855963872685065,0.9984839558601379
4529,0.0005997556551034763,0.8559965688282664,0.9984835982322693
4530,0.0005997556551034763,0.8560023387358902,0.9984830021858215
4531,0.0005997556551034763,0.8560504212994217,0.9984827637672424
4532,0.0005997556551034763,0.8560561912070455,0.9984824061393738
4533,0.0005997556551034763,0.856067731022293,0.9984820485115051
4534,0.0005997556551034763,0.8560908106527881,0.9984819293022156
4535,0.0005997556551034763,0.8561158135858244,0.9984816908836365
4536,0.0005997556551034763,0.8561177368883658,0.9984813332557678
4537,0.0005997556551034763,0.8561946689900162,0.9984812140464783
4538,0.0005997556551034763,0.856208132107805,0.9984808564186096
4539,0.0005997556551034763,0.8563446865882344,0.9984806180000305
4540,0.0005997556551034763,0.856356226403482,0.9984803795814514
4541,0.0005997556551034763,0.8563600730085644,0.9984801411628723
4542,0.0005997556551034763,0.8563735361263533,0.9984800219535828
4543,0.0005997556551034763,0.8563946924543071,0.9984793066978455
4544,0.0005997556551034763,0.8563966157568484,0.9984790682792664
4545,0.0005997556551034763,0.8564485449254624,0.9984787106513977
4546,0.000602717411424975,0.8565985625236807,0.9984785914421082
4547,0.000602717411424975,0.8566062557338457,0.998478353023529
4548,0.000602717411424975,0.856623565456717,0.9984773993492126
4549,0.000602717411424975,0.8566254887592583,0.9984772801399231
4550,0.000602717411424975,0.8566293353643408,0.9984760880470276
4551,0.0006034578505053497,0.8566543382973771,0.9984757304191589
4552,0.0006034578505053497,0.8566793412304136,0.9984756112098694
4553,0.0006041982895857243,0.8566793412304136,0.9984751343727112
4554,0.0006041982895857243,0.8566870344405786,0.9984741806983948
4555,0.0006041982895857243,0.8567331937015689,0.9984739422798157
4556,0.0006041982895857243,0.8567505034244401,0.9984727501869202
4557,0.0006041982895857243,0.8567543500295227,0.9984726309776306
4558,0.000604938728666099,0.8567755063574766,0.9984720349311829
4559,0.000604938728666099,0.856779352962559,0.9984719157218933
4560,0.000604938728666099,0.8567851228701828,0.9984715580940247
4561,0.000604938728666099,0.8568062791981367,0.9984714388847351
4562,0.000604938728666099,0.8568101258032192,0.9984706044197083
4563,0.000604938728666099,0.8568216656184667,0.9984700083732605
4564,0.000604938728666099,0.8568505151565857,0.9984697699546814
4565,0.000604938728666099,0.856852438459127,0.9984694123268127
4566,0.000604938728666099,0.8569216773506123,0.9984681010246277
4567,0.000604938728666099,0.8569236006531535,0.9984676241874695
4568,0.000604938728666099,0.8569409103760249,0.9984656572341919
4569,0.000604938728666099,0.8569659133090612,0.9984655380249023
4570,0.000604938728666099,0.8569678366116025,0.9984645843505859
4571,0.000604938728666099,0.8570466920157942,0.9984642267227173
4572,0.000604938728666099,0.8570582318310417,0.9984630346298218
4573,0.000604938728666099,0.857060155133583,0.9984626770019531
4574,0.000604938728666099,0.8571236241174446,0.9984620809555054
4575,0.000604938728666099,0.8571313173276096,0.9984601736068726
4576,0.000604938728666099,0.8571370872352334,0.998460054397583
4577,0.000604938728666099,0.8571524736555635,0.9984598159790039
4578,0.000604938728666099,0.8571543969581047,0.9984596967697144
4579,0.000604938728666099,0.857200556219095,0.9984592199325562
4580,0.000604938728666099,0.8572101727318012,0.9984591007232666
4581,0.000604938728666099,0.857215942639425,0.9984586238861084
4582,0.000604938728666099,0.8572332523622963,0.9984585046768188
4583,0.000604938728666099,0.8573140310690293,0.9984581470489502
4584,0.000604938728666099,0.857356343724937,0.9984580278396606
4585,0.000604938728666099,0.8573601903300195,0.9984560012817383
4586,0.000604938728666099,0.8573698068427258,0.9984556436538696
4587,0.0006056791677464736,0.857371730145267,0.998455286026001
4588,0.0006064196068268483,0.8573755767503496,0.998454213142395
4589,0.0006064196068268483,0.8573851932630558,0.9984537363052368
4590,0.0006064196068268483,0.8574121194986335,0.9984536170959473
4591,0.0006064196068268483,0.8574140428011747,0.9984532594680786
4592,0.0006064196068268483,0.8574178894062573,0.9984530210494995
4593,0.0006064196068268483,0.8574255826164223,0.9984527826309204
4594,0.0006079004849875977,0.8574621253647062,0.9984523057937622
4595,0.0006079004849875977,0.8574640486672475,0.9984517097473145
4596,0.0006079004849875977,0.8574871282977427,0.998450517654419
4597,0.0006079004849875977,0.8575044380206139,0.9984503984451294
4598,0.0006079004849875977,0.8575082846256965,0.9984498023986816
4599,0.0006079004849875977,0.8575236710460266,0.998446524143219
4600,0.0006079004849875977,0.857527517651109,0.9984458088874817
4601,0.0006079004849875977,0.8575313642561916,0.9984453320503235
4602,0.0006079004849875977,0.8575332875587328,0.9984443783760071
4603,0.0006241901447558402,0.8660342847911005,0.9984442591667175
4604,0.0006241901447558402,0.8660535178165131,0.9984435439109802
4605,0.0006241901447558402,0.8660554411190543,0.9984433054924011
4606,0.0006241901447558402,0.8663073937519593,0.998443067073822
4607,0.0006241901447558402,0.8663112403570419,0.9984428286552429
4608,0.0006241901447558402,0.8663208568697481,0.9984425902366638
4609,0.0006241901447558402,0.8663650928281972,0.9984423518180847
4610,0.0006286327792380882,0.8671363371472423,0.9984418749809265
4611,0.0006286327792380882,0.8671517235675723,0.9984416365623474
4612,0.0006286327792380882,0.8678094930366832,0.9984413981437683
4613,0.0006286327792380882,0.8678133396417657,0.9984411597251892
4614,0.0006286327792380882,0.8678152629443069,0.9984404444694519
4615,0.0006293732183184628,0.8678960416510398,0.9984403252601624
4616,0.0006293732183184628,0.8679614339374426,0.9984398484230042
4617,0.0006293732183184628,0.867986436870479,0.9984397292137146
4618,0.0006293732183184628,0.8680152864085979,0.998439610004425
4619,0.0006293732183184628,0.8682133865703476,0.998439371585846
4620,0.0006293732183184628,0.8682172331754302,0.9984384179115295
4621,0.0006293732183184628,0.8682268496881365,0.9984381794929504
4622,0.0006293732183184628,0.8682383895033841,0.9984380602836609
4623,0.0006293732183184628,0.8682403128059253,0.9984367489814758
4624,0.0006293732183184628,0.8682653157389617,0.9984349608421326
4625,0.0006293732183184628,0.8682768555542092,0.9984347224235535
4626,0.0006293732183184628,0.8682922419745394,0.9984346032142639
4627,0.0006293732183184628,0.8682941652770806,0.9984342455863953
4628,0.0006293732183184628,0.8683345546304471,0.9984341263771057
4629,0.0006293732183184628,0.8683364779329883,0.9984340071678162
4630,0.0006293732183184628,0.8683460944456945,0.9984336495399475
4631,0.0006293732183184628,0.8683518643533183,0.9984320998191833
4632,0.0006308540964792121,0.8684345663625925,0.998431384563446
4633,0.0006308540964792121,0.8684461061778401,0.9984305500984192
4634,0.0006308540964792121,0.868467262505794,0.9984301924705505
4635,0.0006308540964792121,0.8684691858083352,0.9984294772148132
4636,0.0006308540964792121,0.8684730324134178,0.9984281063079834
4637,0.0006308540964792121,0.868474955715959,0.9984278678894043
4638,0.0006315945355595869,0.868482648926124,0.9984267950057983
4639,0.0006315945355595869,0.8686672859700849,0.9984266757965088
4640,0.0006315945355595869,0.8687249850463228,0.9984258413314819
4641,0.0006315945355595869,0.868726908348864,0.9984257221221924
4642,0.0006315945355595869,0.868734601559029,0.9984256029129028
4643,0.0006315945355595869,0.8687384481641116,0.9984251260757446
4644,0.0006315945355595869,0.8687596044920655,0.9984246492385864
4645,0.0006367776091222094,0.8687672977022305,0.9984245300292969
4646,0.0006367776091222094,0.8687692210047717,0.9984240531921387
4647,0.0006367776091222094,0.8690731028062907,0.9984232187271118
4648,0.0006367776091222094,0.8691404183952348,0.9984229803085327
4649,0.0006367776091222094,0.8692000407740139,0.9984228610992432
4650,0.0006367776091222094,0.8692865893883706,0.9984226226806641
4651,0.0006367776091222094,0.8693077457163244,0.9984216690063477
4652,0.0006367776091222094,0.8693231321366545,0.998421311378479
4653,0.0006367776091222094,0.8693289020442783,0.9984203577041626
4654,0.0006367776091222094,0.8693519816747733,0.998420000076294
4655,0.0006367776091222094,0.8693827545154336,0.9984198808670044
4656,0.0006375180482025842,0.8696731731991637,0.9984194040298462
4657,0.0006375180482025842,0.869675096501705,0.9984191656112671
4658,0.0006375180482025842,0.8696924062245763,0.9984188079833984
4659,0.0006375180482025842,0.8697058693423652,0.9984186887741089
4660,0.0006375180482025842,0.8697231790652366,0.9984182119369507
4661,0.0006375180482025842,0.8697520286033554,0.9984169006347656
4662,0.0006375180482025842,0.8697558752084379,0.9984166622161865
4663,0.0006375180482025842,0.8697616451160617,0.998416543006897
4664,0.0006375180482025842,0.8697847247465568,0.9984161853790283
4665,0.0006375180482025842,0.8697866480490981,0.9984160661697388
4666,0.0006375180482025842,0.8697943412592631,0.9984152317047119
4667,0.0006375180482025842,0.8698039577719694,0.9984151124954224
4668,0.0006375180482025842,0.869807804377052,0.9984143972396851
4669,0.0006375180482025842,0.869815497587217,0.9984142780303955
4670,0.0006375180482025842,0.8698693500583722,0.9984136819839478
4671,0.0006382584872829588,0.8698693500583722,0.9984133243560791
4672,0.0006382584872829588,0.8698712733609135,0.9984130859375
4673,0.0006382584872829588,0.8701251492963598,0.9984122514724731
4674,0.0006382584872829588,0.8701463056243136,0.998412013053894
4675,0.0006382584872829588,0.87017130855735,0.9984118938446045
4676,0.0006382584872829588,0.8701905415827625,0.9984112977981567
4677,0.0006382584872829588,0.8701924648853039,0.9984098672866821
4678,0.0006382584872829588,0.8702001580954689,0.9984097480773926
4679,0.0006382584872829588,0.8702097746081752,0.998406708240509
4680,0.0006382584872829588,0.870238624146294,0.9984063506126404
4681,0.0006382584872829588,0.8702405474488354,0.9984062314033508
4682,0.0006382584872829588,0.8702501639615416,0.9984058737754822
4683,0.0006382584872829588,0.8702636270793305,0.9984045624732971
4684,0.0006382584872829588,0.8702809368022018,0.998404324054718
4685,0.0006382584872829588,0.8702828601047431,0.9984038472175598
4686,0.0006382584872829588,0.8702867067098256,0.9984032511711121
4687,0.0006389989263633335,0.8702924766174494,0.9984026551246643
4688,0.0006389989263633335,0.8703078630377794,0.9984025359153748
4689,0.0006389989263633335,0.870319402853027,0.9984018206596375
4690,0.0006389989263633335,0.8703290193657333,0.9984015822410583
4691,0.0006389989263633335,0.8703309426682746,0.9984014630317688
4692,0.0006404798045240828,0.8703636388114759,0.9984011054039001
4693,0.0006404798045240828,0.8703674854165585,0.9983999133110046
4694,0.0006404798045240828,0.8704059514673836,0.9983993172645569
4695,0.0006404798045240828,0.8704097980724662,0.9983976483345032
4696,0.0006412202436044574,0.8705213496198593,0.998397171497345
4697,0.0006412202436044574,0.8705251962249417,0.9983970522880554
4698,0.0006412202436044574,0.8705290428300243,0.9983962178230286
4699,0.0006412202436044574,0.8705771253935558,0.9983959794044495
4700,0.0006412202436044574,0.8705867419062621,0.9983956217765808
4701,0.0006412202436044574,0.8705944351164271,0.9983945488929749
4702,0.0006412202436044574,0.8706040516291335,0.9983943104743958
4703,0.0006412202436044574,0.8706175147469223,0.9983940720558167
4704,0.0006412202436044574,0.8706194380494635,0.9983935952186584
4705,0.0006412202436044574,0.8706348244697936,0.9983934760093689
4706,0.0006412202436044574,0.8706444409824998,0.9983933568000793
4707,0.0006412202436044574,0.8706463642850412,0.9983932375907898
4708,0.0006412202436044574,0.8706559807977474,0.9983931183815002
4709,0.0006412202436044574,0.870807921698507,0.9983927607536316
4710,0.0006412202436044574,0.8708098450010482,0.998392641544342
4711,0.0006412202436044574,0.870823308118837,0.9983924031257629
4712,0.0006412202436044574,0.8708329246315433,0.9983920454978943
4713,0.0006412202436044574,0.8708483110518734,0.9983904361724854
4714,0.0006412202436044574,0.8708656207747447,0.9983903169631958
4715,0.0006419606826848321,0.8708656207747447,0.998389482498169
4716,0.0006419606826848321,0.8708694673798273,0.9983874559402466
4717,0.0006419606826848321,0.8709521693891014,0.9983869791030884
4718,0.0006419606826848321,0.8709694791119728,0.9983863830566406
4719,0.0006419606826848321,0.8709925587424678,0.9983857870101929
4720,0.0006419606826848321,0.8709983286500916,0.9983856678009033
4721,0.0006419606826848321,0.8710079451627979,0.998383641242981
4722,0.0006419606826848321,0.8711156501051085,0.9983832836151123
4723,0.0006419606826848321,0.8711444996432274,0.9983829259872437
4724,0.0006419606826848321,0.8712618210982442,0.9983826875686646
4725,0.0006419606826848321,0.8715945524378821,0.9983803033828735
4726,0.0006419606826848321,0.8716003223455059,0.998380184173584
4727,0.0006419606826848321,0.8716157087658359,0.9983792304992676
4728,0.0006427011217652067,0.8727389174499316,0.9983785152435303
4729,0.0006427011217652067,0.8727408407524729,0.998377799987793
4730,0.0006427011217652067,0.8729004748633974,0.9983773231506348
4731,0.0006427011217652067,0.8729081680735625,0.9983772039413452
4732,0.0006427011217652067,0.8729100913761038,0.9983768463134766
4733,0.0006427011217652067,0.8729139379811862,0.9983758926391602
4734,0.0006427011217652067,0.8730139497133318,0.9983750581741333
4735,0.0006427011217652067,0.8731678139166326,0.9983739852905273
4736,0.0006427011217652067,0.8731735838242564,0.9983737468719482
4737,0.0006427011217652067,0.8732101265725403,0.9983727931976318
4738,0.0006427011217652067,0.8732235896903291,0.9983727335929871
4739,0.0006427011217652067,0.8732582091360718,0.9983715415000916
4740,0.0006449224390063308,0.8732793654640256,0.9983710646629333
4741,0.0006449224390063308,0.8732832120691081,0.9983707070350647
4742,0.0006449224390063308,0.873319754817392,0.9983698725700378
4743,0.0006449224390063308,0.8733274480275571,0.9983695149421692
4744,0.0006456628780867054,0.8733813004987123,0.9983683228492737
4745,0.0006456628780867054,0.8733889937088773,0.9983672499656677
4746,0.0006456628780867054,0.8733966869190424,0.9983657002449036
4747,0.0006456628780867054,0.873415919944455,0.9983652234077454
4748,0.0006456628780867054,0.8734255364571614,0.9983647465705872
4749,0.0006456628780867054,0.8734332296673264,0.998364269733429
4750,0.0006456628780867054,0.8734351529698676,0.9983626008033752
4751,0.0006456628780867054,0.8734659258105277,0.9983620047569275
4752,0.0006456628780867054,0.8735101617689768,0.9983614087104797
4753,0.0006456628780867054,0.873512085071518,0.9983610510826111
4754,0.0006456628780867054,0.8740140670347868,0.9983596205711365
4755,0.0006464033171670801,0.8740794593211896,0.9983595013618469
4756,0.0006464033171670801,0.8741967807762064,0.9983590245246887
4757,0.0006464033171670801,0.874208320591454,0.9983580708503723
4758,0.0006464033171670801,0.8742121671965365,0.9983565211296082
4759,0.0006464033171670801,0.8742179371041603,0.9983561635017395
4760,0.0006464033171670801,0.8743064090210583,0.9983556866645813
4761,0.0006464033171670801,0.8743083323235995,0.9983548521995544
4762,0.0006464033171670801,0.8743275653490121,0.9983545541763306
4763,0.0006464033171670801,0.8743314119540946,0.9983528852462769
4764,0.0006464033171670801,0.8743352585591772,0.9983525276184082
4765,0.0006464033171670801,0.8743506449795072,0.9983522891998291
4766,0.0006464033171670801,0.8743525682820484,0.9983518123626709
4767,0.0006464033171670801,0.8744025741481212,0.9983513355255127
4768,0.0006464033171670801,0.8744371935938638,0.9983505010604858
4769,0.0006464033171670801,0.8744468101065702,0.9983500242233276
4770,0.0006464033171670801,0.8744487334091114,0.9983499050140381
4771,0.0006464033171670801,0.8744814295523129,0.9983497858047485
4772,0.0006464033171670801,0.8744833528548541,0.9983490705490112
4773,0.0006478841953278294,0.8748026210767033,0.9983483552932739
4774,0.0006478841953278294,0.8748141608919507,0.9983476400375366
4775,0.0006478841953278294,0.8748507036402348,0.9983474016189575
4776,0.0006478841953278294,0.8748622434554822,0.9983463287353516
4777,0.0006478841953278294,0.8748814764808949,0.9983456134796143
4778,0.0006478841953278294,0.8749026328088487,0.9983452558517456
4779,0.0006478841953278294,0.8749103260190138,0.9983450174331665
4780,0.0006478841953278294,0.8749795649104991,0.9983447790145874
4781,0.0006478841953278294,0.8749814882130403,0.9983443021774292
4782,0.0006478841953278294,0.8750699601299383,0.9983441829681396
4783,0.0006478841953278294,0.8751372757188824,0.9983437061309814
4784,0.0006478841953278294,0.8751449689290475,0.9983428716659546
4785,0.000648624634408204,0.8751449689290475,0.998342752456665
4786,0.000648624634408204,0.8751488155341299,0.9983413219451904
4787,0.000648624634408204,0.8751738184671664,0.9983404874801636
4788,0.000648624634408204,0.8751776650722488,0.9983391761779785
4789,0.000648624634408204,0.8751949747951202,0.9983388185501099
4790,0.000648624634408204,0.8751988214002027,0.9983384609222412
4791,0.000648624634408204,0.8752622903840643,0.9983372688293457
4792,0.000648624634408204,0.8752776768043944,0.9983363747596741
4793,0.000648624634408204,0.8752988331323482,0.9983362555503845
4794,0.000648624634408204,0.8753161428552195,0.998336136341095
4795,0.000648624634408204,0.8753257593679259,0.9983356595039368
4796,0.000648624634408204,0.8753276826704671,0.9983355402946472
4797,0.000648624634408204,0.8753930749568699,0.9983353018760681
4798,0.0006501055125689534,0.8760046851649905,0.9983347058296204
4799,0.0006501055125689534,0.8760296880980268,0.9983344674110413
4800,0.0006501055125689534,0.8760316114005682,0.9983342289924622
4801,0.0006508459516493281,0.8761720124860801,0.9983332753181458
4802,0.0006508459516493281,0.8761758590911626,0.9983317255973816
4803,0.0006508459516493281,0.8761797056962451,0.9983311295509338
4804,0.0006508459516493281,0.8761893222089514,0.9983304142951965
4805,0.0006515863907297027,0.8771663598999113,0.9983301758766174
4806,0.0006515863907297027,0.8771836696227827,0.9983295798301697
4807,0.0006515863907297027,0.877208672555819,0.998327910900116
4808,0.0006515863907297027,0.877216365765984,0.9983274340629578
4809,0.0006515863907297027,0.8772202123710666,0.9983269572257996
4810,0.0006523268298100774,0.8772548318168093,0.998325765132904
4811,0.0006523268298100774,0.8772606017244331,0.9983256459236145
4812,0.0006523268298100774,0.8772740648422219,0.9983250498771667
4813,0.000653067268890452,0.8773317639184597,0.9983245730400085
4814,0.000653067268890452,0.877349073641331,0.998324453830719
4815,0.000653067268890452,0.8773529202464135,0.998323380947113
4816,0.000653067268890452,0.8774336989531464,0.9983227849006653
4817,0.000653067268890452,0.8774356222556877,0.9983224272727966
4818,0.000653067268890452,0.8775894864589885,0.9983219504356384
4819,0.0006545481470512013,0.8777433506622893,0.9983217120170593
4820,0.0006545481470512013,0.8777452739648305,0.9983212351799011
4821,0.0006545481470512013,0.8777568137800781,0.9983208775520325
4822,0.0006552885861315761,0.8777798934105732,0.9983186721801758
4823,0.0006552885861315761,0.8777818167131144,0.9983184337615967
4824,0.0006552885861315761,0.877801049738527,0.9983183145523071
4825,0.0006552885861315761,0.8778048963436096,0.9983173608779907
4826,0.0006552885861315761,0.8778125895537746,0.9983164072036743
4827,0.0006560290252119507,0.8779529906392866,0.9983150959014893
4828,0.0006560290252119507,0.877964530454534,0.9983129501342773
4829,0.0006560290252119507,0.8779779935723229,0.9983124732971191
4830,0.0006560290252119507,0.8779818401774054,0.9983123540878296
4831,0.0006560290252119507,0.8779972265977355,0.9983121156692505
4832,0.0006560290252119507,0.878060695581597,0.9983119964599609
4833,0.0006560290252119507,0.8780645421866796,0.9983117580413818
4834,0.0006560290252119507,0.8780914684222573,0.9983112812042236
4835,0.0006560290252119507,0.8784299696695189,0.9983108043670654
4836,0.0006560290252119507,0.8784318929720601,0.9983105659484863
4837,0.0006560290252119507,0.8784626658127204,0.9983100891113281
4838,0.0006560290252119507,0.8784645891152616,0.9983099699020386
4839,0.0006560290252119507,0.8784722823254266,0.998309850692749
4840,0.0006560290252119507,0.878489592048298,0.9983097314834595
4841,0.0006560290252119507,0.8785165182838756,0.9983093738555908
4842,0.0006567694642923254,0.8786684591846351,0.998308539390564
4843,0.0006604716596941986,0.8787146184456254,0.9983084201812744
4844,0.0006604716596941986,0.8787165417481666,0.9983083009719849
4845,0.0006604716596941986,0.8787300048659554,0.9983075857162476
4846,0.0006604716596941986,0.8787396213786617,0.9983073472976685
4847,0.0006604716596941986,0.8787953971523582,0.9983072280883789
4848,0.0006604716596941986,0.878801167059982,0.9983067512512207
4849,0.0006604716596941986,0.8788280932955597,0.9983066320419312
4850,0.0006604716596941986,0.8788396331108073,0.9983060359954834
4851,0.0006604716596941986,0.8788550195311373,0.9983057975769043
4852,0.0006612120987745734,0.8788723292540086,0.9983053207397461
4853,0.0006612120987745734,0.8788742525565499,0.9983047246932983
4854,0.0006612120987745734,0.8788915622794212,0.9983041286468506
4855,0.0006612120987745734,0.879045426482722,0.9983035326004028
4856,0.0006612120987745734,0.8790550429954284,0.9983015060424805
4857,0.0006612120987745734,0.8790569662979696,0.9983012676239014
4858,0.0006612120987745734,0.879060812903052,0.9983009696006775
4859,0.0006612120987745734,0.8790800459284647,0.9983004927635193
4860,0.0006612120987745734,0.8790915857437123,0.9983002543449402
4861,0.0006612120987745734,0.8790992789538773,0.9982998967170715
4862,0.000661952537854948,0.8791185119792899,0.9982994198799133
4863,0.0006626929769353227,0.879741662002658,0.9982991814613342
4864,0.0006626929769353227,0.8797551251204468,0.9982985854148865
4865,0.0006626929769353227,0.8797724348433181,0.9982984662055969
4866,0.0006626929769353227,0.8797762814484007,0.9982982277870178
4867,0.0006626929769353227,0.8797897445661895,0.9982967972755432
4868,0.0006626929769353227,0.879793591171272,0.9982959628105164
4869,0.0006626929769353227,0.8798109008941434,0.9982953667640686
4870,0.0006626929769353227,0.8798205174068496,0.9982950091362
4871,0.0006626929769353227,0.8798262873144734,0.9982942938804626
4872,0.0006626929769353227,0.8799282223491602,0.9982934594154358
4873,0.0006626929769353227,0.8799378388618665,0.9982927441596985
4874,0.0006626929769353227,0.8799436087694903,0.998291552066803
4875,0.0006626929769353227,0.879978228215233,0.9982914328575134
4876,0.0006626929769353227,0.879985921425398,0.9982911944389343
4877,0.0006626929769353227,0.8799897680304805,0.9982910752296448
4878,0.0006626929769353227,0.880001307845728,0.9982908368110657
4879,0.0006626929769353227,0.8800359272914707,0.9982905983924866
4880,0.0006634334160156973,0.880037850594012,0.9982903599739075
4881,0.0006634334160156973,0.880053237014342,0.9982898831367493
4882,0.0006634334160156973,0.8801455555363226,0.9982895255088806
4883,0.0006634334160156973,0.8801609419566526,0.9982892870903015
4884,0.0006634334160156973,0.8802263342430554,0.9982884526252747
4885,0.0006634334160156973,0.8804244344048052,0.9982882142066956
4886,0.0006634334160156973,0.8805802219106472,0.9982879757881165
4887,0.0006634334160156973,0.8805821452131884,0.9982869029045105
4888,0.0006634334160156973,0.8806129180538487,0.9982848763465881
4889,0.0006634334160156973,0.8806148413563899,0.9982845187187195
4890,0.0006634334160156973,0.8806244578690962,0.9982840418815613
4891,0.0006634334160156973,0.88064561419705,0.9982839226722717
4892,0.0006634334160156973,0.880653307407215,0.9982835054397583
4893,0.0006634334160156973,0.8806571540122976,0.9982824325561523
4894,0.0006634334160156973,0.8807110064834529,0.9982819557189941
4895,0.0006634334160156973,0.8807148530885354,0.9982805252075195
4896,0.0006634334160156973,0.8807321628114068,0.9982802867889404
4897,0.0006634334160156973,0.8807475492317368,0.9982794523239136
4898,0.0006634334160156973,0.8807610123495256,0.9982790946960449
4899,0.0006634334160156973,0.8808187114257634,0.9982786178588867
4900,0.0006634334160156973,0.8808610240816711,0.998276948928833
4901,0.000664173855096072,0.8808610240816711,0.9982767105102539
4902,0.000664173855096072,0.8808744871994599,0.9982762336730957
4903,0.000664173855096072,0.880882180409625,0.9982743263244629
4904,0.0006663951723371959,0.8811283631349062,0.9982742071151733
4905,0.0006663951723371959,0.8811302864374475,0.9982738494873047
4906,0.0006663951723371959,0.8811437495552363,0.9982731342315674
4907,0.0006663951723371959,0.8811649058831902,0.9982727766036987
4908,0.0006663951723371959,0.8811668291857314,0.9982725381851196
4909,0.0006663951723371959,0.8812033719340153,0.9982700347900391
4910,0.0006663951723371959,0.8812187583543454,0.99826979637146
4911,0.0006663951723371959,0.8812341447746755,0.9982686042785645
4912,0.0006663951723371959,0.8812360680772168,0.9982675313949585
4913,0.0006663951723371959,0.8812399146822992,0.9982660412788391
4914,0.0006663951723371959,0.8812437612873818,0.9982652068138123
4915,0.0006663951723371959,0.8812956904559958,0.9982642531394958
4916,0.0006663951723371959,0.8813995487932238,0.9982630610466003
4917,0.0006693569286586946,0.8827535537822706,0.9982629418373108
4918,0.0006693569286586946,0.8827554770848118,0.9982628226280212
4919,0.0006693569286586946,0.8831997599718429,0.998262345790863
4920,0.0006693569286586946,0.8832016832743841,0.9982619881629944
4921,0.0006693569286586946,0.883511334983527,0.9982597231864929
4922,0.0006693569286586946,0.8835305680089395,0.9982596039772034
4923,0.0006693569286586946,0.8835728806648472,0.9982587695121765
4924,0.0006693569286586946,0.8835748039673885,0.9982584118843079
4925,0.0006708378068194439,0.8835748039673885,0.9982580542564392
4926,0.0006708378068194439,0.8835805738750122,0.9982579350471497
4927,0.0006708378068194439,0.8836113467156724,0.9982578158378601
4928,0.0006723186849801932,0.883734438078313,0.998257577419281
4929,0.000673059124060568,0.8838209866926697,0.9982573390007019
4930,0.000673059124060568,0.883822909995211,0.9982571005821228
4931,0.000673059124060568,0.883830603205376,0.9982569813728333
4932,0.000673059124060568,0.8842652695797006,0.998256504535675
4933,0.000673059124060568,0.884267192882242,0.9982542395591736
4934,0.000673059124060568,0.8843037356305259,0.9982531666755676
4935,0.000673059124060568,0.8843056589330671,0.9982526898384094
4936,0.000673059124060568,0.8843114288406909,0.9982525706291199
4937,0.000673059124060568,0.884415287177919,0.9982522130012512
4938,0.000673059124060568,0.8844287502957078,0.9982514977455139
4939,0.000673059124060568,0.884430673598249,0.9982477426528931
4940,0.000673059124060568,0.8845460717507246,0.9982472658157349
4941,0.000673059124060568,0.8845479950532659,0.9982469081878662
4942,0.000673059124060568,0.884763404937887,0.9982460737228394
4943,0.000673059124060568,0.8848326438293723,0.9982455968856812
4944,0.000673059124060568,0.8848345671319136,0.9982448816299438
4945,0.0006752804413016919,0.8853365490951823,0.9982445240020752
4946,0.0006752804413016919,0.8853442423053474,0.9982438087463379
4947,0.0006752804413016919,0.8853500122129712,0.9982436895370483
4948,0.0006752804413016919,0.885371168540925,0.9982433319091797
4949,0.0006752804413016919,0.8853807850536313,0.9982424974441528
4950,0.0006760208803820666,0.8854769501806943,0.9982422590255737
4951,0.0006760208803820666,0.8854827200883181,0.998241662979126
4952,0.0006767613194624412,0.8857692921669658,0.9982403516769409
4953,0.0006767613194624412,0.885771215469507,0.9982397556304932
4954,0.0006767613194624412,0.8858000650076259,0.9982391595840454
4955,0.0006767613194624412,0.8859462360007616,0.9982384443283081
4956,0.0006767613194624412,0.885955852513468,0.9982370138168335
4957,0.0006767613194624412,0.8859770088414218,0.9982367753982544
4958,0.0006767613194624412,0.8859943185642931,0.9982365369796753
4959,0.0006767613194624412,0.8859981651693757,0.998235821723938
4960,0.0006767613194624412,0.8861981886336666,0.9982352256774902
4961,0.0006767613194624412,0.8862020352387492,0.9982336759567261
4962,0.0006767613194624412,0.8862270381717855,0.998233437538147
4963,0.0006767613194624412,0.8862308847768681,0.9982309937477112
4964,0.0006767613194624412,0.8862443478946569,0.9982308745384216
4965,0.0006767613194624412,0.886275120735317,0.9982301592826843
4966,0.0006767613194624412,0.8862808906429408,0.9982286095619202
4967,0.0006767613194624412,0.8862885838531058,0.9982282519340515
4968,0.0006767613194624412,0.8863001236683534,0.998228132724762
4969,0.0006767613194624412,0.8863020469708947,0.9982275366783142
4970,0.0006767613194624412,0.8863385897191786,0.998227059841156
4971,0.0006767613194624412,0.8863424363242611,0.9982247948646545
4972,0.0006767613194624412,0.8863616693496738,0.9982244372367859
4973,0.0006767613194624412,0.8863732091649212,0.9982241988182068
4974,0.0006767613194624412,0.8863809023750863,0.9982220530509949
4975,0.0006767613194624412,0.8863828256776276,0.998221218585968
4976,0.0006767613194624412,0.8864078286106639,0.9982209801673889
4977,0.0006767613194624412,0.8864097519132053,0.9982206225395203
4978,0.0006767613194624412,0.8864135985182877,0.9982203841209412
4979,0.0006767613194624412,0.8864193684259115,0.9982202649116516
4980,0.0006767613194624412,0.8864405247538654,0.9982195496559143
4981,0.0006767613194624412,0.8864424480564066,0.9982193112373352
4982,0.0006767613194624412,0.8864462946614892,0.9982191920280457
4983,0.0006767613194624412,0.8864482179640304,0.9982187151908875
4984,0.0006767613194624412,0.8864636043843604,0.9982176423072815
4985,0.0006767613194624412,0.8864828374097731,0.9982175230979919
4986,0.0006782421976231905,0.8869886659781243,0.998216450214386
4987,0.0006782421976231905,0.8870040523984545,0.9982157945632935
4988,0.0006782421976231905,0.8870078990035369,0.9982154369354248
4989,0.0006782421976231905,0.8870482883569034,0.9982143640518188
4990,0.0006782421976231905,0.8870713679873985,0.9982142448425293
4991,0.0006782421976231905,0.8870752145924811,0.998213529586792
4992,0.0006782421976231905,0.8870886777102699,0.9982117414474487
4993,0.0006782421976231905,0.8870906010128111,0.9982116222381592
4994,0.0006782421976231905,0.8871329136687188,0.9982109069824219
4995,0.0006782421976231905,0.88713483697126,0.9982099533081055
4996,0.0006789826367035653,0.8871617632068377,0.9982097148895264
4997,0.0006789826367035653,0.8871733030220853,0.9982092380523682
4998,0.0006789826367035653,0.8871925360474979,0.9982075691223145
4999,0.0006789826367035653,0.8871963826525804,0.9982055425643921
5000,0.0006789826367035653,0.8872059991652868,0.9982049465179443
5001,0.0006789826367035653,0.887207922467828,0.9982047080993652
5002,0.0006789826367035653,0.8872213855856168,0.9982044696807861
5003,0.0006789826367035653,0.8872367720059469,0.998202919960022
5004,0.0006789826367035653,0.8872406186110293,0.9982022047042847
5005,0.0006797230757839399,0.8872713914516895,0.9982019662857056
5006,0.0006797230757839399,0.887275238056772,0.9982013702392578
5007,0.0006797230757839399,0.8872771613593133,0.9982001781463623
5008,0.0006797230757839399,0.887304087594891,0.9981985688209534
5009,0.0006797230757839399,0.8873213973177623,0.9981980919837952
5010,0.0006797230757839399,0.8873233206203035,0.998197615146637
5011,0.0006797230757839399,0.8873983294194127,0.9981968998908997
5012,0.0006797230757839399,0.8874137158397427,0.9981957077980042
5013,0.0006804635148643146,0.8878868482648926,0.998195469379425
5014,0.0006804635148643146,0.8878964647775989,0.9981942772865295
5015,0.0006804635148643146,0.8879137745004703,0.9981936812400818
5016,0.0006804635148643146,0.8881599572257515,0.998193085193634
5017,0.0006804635148643146,0.888163803830834,0.9981928467750549
5018,0.0006804635148643146,0.8882118863943655,0.9981914162635803
5019,0.0006804635148643146,0.8882407359324844,0.9981908202171326
5020,0.0006804635148643146,0.8882638155629795,0.9981904625892639
5021,0.0006804635148643146,0.8882695854706033,0.9981902241706848
5022,0.0006812039539446892,0.8882772786807683,0.9981899857521057
5023,0.0006812039539446892,0.888296511706181,0.9981897473335266
5024,0.0006826848321054385,0.8886196265331125,0.9981896281242371
5025,0.0006826848321054385,0.8886215498356538,0.9981891512870789
5026,0.0006826848321054385,0.8886561692813965,0.9981889128684998
5027,0.0006826848321054385,0.888660015886479,0.9981881976127625
5028,0.0006826848321054385,0.8888215732999448,0.9981880784034729
5029,0.0006826848321054385,0.888823496602486,0.9981877207756042
5030,0.0006834252711858132,0.8888946587965126,0.9981871247291565
5031,0.0006834252711858132,0.8889023520066777,0.9981867671012878
5032,0.0006834252711858132,0.8890273666718596,0.9981855750083923
5033,0.0006834252711858132,0.8890292899744009,0.9981854557991028
5034,0.0006834252711858132,0.8890639094201436,0.9981852173805237
5035,0.0006834252711858132,0.8890754492353911,0.9981850981712341
5036,0.0006834252711858132,0.8890966055633449,0.998184859752655
5037,0.0006834252711858132,0.8891946939929491,0.9981846213340759
5038,0.0006834252711858132,0.889208157110738,0.9981842637062073
5039,0.0006834252711858132,0.8892254668336094,0.99818354845047
5040,0.0006834252711858132,0.8892273901361506,0.9981820583343506
5041,0.0006834252711858132,0.8892331600437744,0.9981818199157715
5042,0.0006834252711858132,0.8892639328844345,0.9981812238693237
5043,0.0006834252711858132,0.8892889358174709,0.9981811046600342
5044,0.0006834252711858132,0.8892927824225534,0.9981799125671387
5045,0.0006834252711858132,0.889312015447966,0.9981796741485596
5046,0.0006834252711858132,0.8893485581962499,0.9981784820556641
5047,0.0006834252711858132,0.8894504932309367,0.9981753826141357
5048,0.0006834252711858132,0.8894870359792206,0.9981751441955566
5049,0.0006834252711858132,0.8895312719376696,0.9981732368469238
5050,0.0006834252711858132,0.8895678146859536,0.9981731176376343
5051,0.0006841657102661878,0.8895889710139074,0.9981722831726074
5052,0.0006841657102661878,0.8896024341316963,0.9981707334518433
5053,0.0006841657102661878,0.8896043574342375,0.9981689453125
5054,0.0006841657102661878,0.8896197438545675,0.9981685876846313
5055,0.0006841657102661878,0.8896389768799802,0.9981683492660522
5056,0.0006841657102661878,0.8898947761179676,0.9981670379638672
5057,0.0006841657102661878,0.8899467052865817,0.9981661438941956
5058,0.0006841657102661878,0.8899813247323244,0.998166024684906
5059,0.0006841657102661878,0.8900024810602782,0.9981641173362732
5060,0.0006841657102661878,0.8900063276653607,0.9981632828712463
5061,0.0006841657102661878,0.8900255606907733,0.9981628060340881
5062,0.0006849061493465626,0.8901255724229188,0.9981613755226135
5063,0.0006849061493465626,0.8905198494438771,0.9981606602668762
5064,0.0006849061493465626,0.8905256193515009,0.9981604218482971
5065,0.0006849061493465626,0.8905410057718309,0.9981579184532166
5066,0.0006849061493465626,0.890564085402326,0.9981562495231628
5067,0.0006849061493465626,0.8905679320074086,0.9981556534767151
5068,0.0006849061493465626,0.8906814068573429,0.998155415058136
5069,0.0006849061493465626,0.8906910233700491,0.9981551766395569
5070,0.0006849061493465626,0.8907217962107093,0.9981550574302673
5071,0.0006849061493465626,0.8907871884971121,0.9981549382209778
5072,0.0006849061493465626,0.8907987283123597,0.9981535077095032
5073,0.0006849061493465626,0.8908064215225248,0.9981518387794495
5074,0.0006849061493465626,0.8908179613377724,0.9981510043144226
5075,0.0006849061493465626,0.8908198846403136,0.9981489181518555
5076,0.0006849061493465626,0.890852580783515,0.9981485605239868
5077,0.0006849061493465626,0.8908795070190926,0.9981480836868286
5078,0.0006849061493465626,0.890896816741964,0.99814772605896
5079,0.0006849061493465626,0.890912203162294,0.9981474876403809
5080,0.0006849061493465626,0.8909679789359906,0.9981467723846436
5081,0.0006856465884269372,0.8909679789359906,0.9981445074081421
5082,0.0006856465884269372,0.8909775954486968,0.9981443881988525
5083,0.0006856465884269372,0.8910025983817332,0.9981435537338257
5084,0.0006856465884269372,0.8910045216842745,0.9981434345245361
5085,0.0006863870275073119,0.891156462585034,0.9981427192687988
5086,0.0006863870275073119,0.8911583858875752,0.9981424808502197
5087,0.0006863870275073119,0.8911891587282355,0.9981423616409302
5088,0.0006863870275073119,0.8911930053333179,0.9981403350830078
5089,0.0006863870275073119,0.8911968519384005,0.9981396198272705
5090,0.0006871274665876865,0.8911968519384005,0.998139500617981
5091,0.0006871274665876865,0.8912026218460243,0.9981391429901123
5092,0.0006871274665876865,0.8912218548714368,0.9981390237808228
5093,0.0006871274665876865,0.8912237781739781,0.9981387853622437
5094,0.0006871274665876865,0.8912507044095558,0.9981378316879272
5095,0.0006960127355521824,0.8945395517551097,0.9981371164321899
5096,0.0006960127355521824,0.894549168267816,0.9981368780136108
5097,0.0006960127355521824,0.8945568614779811,0.9981364011764526
5098,0.0006997149309540557,0.8945799411084762,0.9981362819671631
5099,0.0006997149309540557,0.8946664897228329,0.998136043548584
5100,0.0006997149309540557,0.8946780295380804,0.9981359243392944
5101,0.0006997149309540557,0.8946799528406217,0.9981356859207153
5102,0.0006997149309540557,0.8947068790761993,0.9981344938278198
5103,0.0006997149309540557,0.8947203421939881,0.9981340765953064
5104,0.0006997149309540557,0.8947395752194007,0.9981322884559631
5105,0.0007004553700344304,0.8947434218244833,0.9981321692466736
5106,0.0007004553700344304,0.894749191732107,0.998132050037384
5107,0.0007004553700344304,0.8947568849422721,0.9981316924095154
5108,0.0007004553700344304,0.8947761179676846,0.9981299042701721
5109,0.0007004553700344304,0.894778041270226,0.9981293082237244
5110,0.0007004553700344304,0.8947915043880148,0.9981288313865662
5111,0.0007004553700344304,0.894853050069335,0.9981287121772766
5112,0.0007004553700344304,0.8948684364896652,0.9981274008750916
5113,0.0007004553700344304,0.8948857462125365,0.9981257319450378
5114,0.0007004553700344304,0.8949126724481141,0.9981253743171692
5115,0.0007004553700344304,0.8949145957506554,0.9981252551078796
5116,0.0007004553700344304,0.894933828776068,0.9981246590614319
5117,0.0007004553700344304,0.8950049909700946,0.9981241822242737
5118,0.0007004553700344304,0.8950107608777184,0.9981217980384827
5119,0.0007004553700344304,0.8950203773904246,0.9981216788291931
5120,0.0007004553700344304,0.8950338405082134,0.9981210827827454
5121,0.0007004553700344304,0.8950357638107547,0.9981209635734558
5122,0.0007004553700344304,0.8950396104158372,0.9981206059455872
5123,0.0007004553700344304,0.8951030793996988,0.9981203675270081
5124,0.0007004553700344304,0.89510500270224,0.9981200098991394
5125,0.0007004553700344304,0.8951203891225702,0.9981196522712708
5126,0.0007004553700344304,0.895141545450524,0.9981182813644409
5127,0.0007004553700344304,0.8951742415937254,0.9981168508529663
5128,0.000701195809114805,0.8951742415937254,0.9981155395507812
5129,0.000701195809114805,0.8951915513165968,0.9981151819229126
5130,0.000701195809114805,0.895193474619138,0.9981139898300171
5131,0.000701195809114805,0.895201167829303,0.9981133937835693
5132,0.000701195809114805,0.8953838815707227,0.9981132745742798
5133,0.000701195809114805,0.8953896514783465,0.9981130361557007
5134,0.000701195809114805,0.8953915747808877,0.998112678527832
5135,0.000701195809114805,0.8954127311088416,0.9981123208999634
5136,0.000701195809114805,0.8955165894460696,0.998111367225647
5137,0.000701195809114805,0.8955204360511522,0.9981110095977783
5138,0.000701195809114805,0.8955473622867298,0.9981108903884888
5139,0.000701195809114805,0.8955512088918123,0.9981101751327515
5140,0.000701195809114805,0.8955839050350137,0.9981098175048828
5141,0.000701195809114805,0.895637757506169,0.9981094598770142
5142,0.000701195809114805,0.8956608371366641,0.998108983039856
5143,0.000701195809114805,0.8956704536493704,0.9981081485748291
5144,0.000701195809114805,0.8956762235569942,0.9981071949005127
5145,0.000701195809114805,0.895681993464618,0.9981064796447754
5146,0.000701195809114805,0.8956954565824068,0.9981062412261963
5147,0.000701195809114805,0.8956993031874892,0.9981061220169067
5148,0.000701195809114805,0.8957012264900306,0.9981011748313904
5149,0.000701195809114805,0.895705073095113,0.9981005787849426
5150,0.000701195809114805,0.8958339343653775,0.9980996251106262
5151,0.000701195809114805,0.8958493207857076,0.9980993866920471
5152,0.000701195809114805,0.8958550906933314,0.9980981945991516
5153,0.000701195809114805,0.8959974150813845,0.9980975985527039
5154,0.000701195809114805,0.8960089548966321,0.9980970025062561
5155,0.000701195809114805,0.8960128015017146,0.9980962872505188
5156,0.000701195809114805,0.8960204947118796,0.9980952143669128
5157,0.000701195809114805,0.8960474209474573,0.9980949759483337
5158,0.000701195809114805,0.8960628073677874,0.9980946183204651
5159,0.000701195809114805,0.8960647306703287,0.9980937838554382
5160,0.0007019362481951797,0.8960666539728699,0.9980929493904114
5161,0.0007019362481951797,0.8960801170906587,0.9980928301811218
5162,0.0007019362481951797,0.8961031967211538,0.9980927109718323
5163,0.0007019362481951797,0.8961147365364014,0.9980915188789368
5164,0.0007019362481951797,0.8961166598389426,0.9980902075767517
5165,0.0007019362481951797,0.896126276351649,0.9980898499488831
5166,0.0007026766872755545,0.8965070902548183,0.9980897307395935
5167,0.0007026766872755545,0.8965109368599009,0.9980873465538025
5168,0.0007026766872755545,0.8966744175759079,0.9980872273445129
5169,0.0007026766872755545,0.8966878806936968,0.9980870485305786
5170,0.0007026766872755545,0.8968244351741262,0.9980865716934204
5171,0.0007026766872755545,0.8968321283842913,0.9980851411819458
5172,0.0007034171263559291,0.8968802109478228,0.9980847835540771
5173,0.0007034171263559291,0.8968840575529052,0.9980844259262085
5174,0.0007034171263559291,0.8969244469062717,0.9980838298797607
5175,0.0007034171263559291,0.8969821459825095,0.9980835914611816
5176,0.0007034171263559291,0.8970436916638298,0.9980825185775757
5177,0.0007034171263559291,0.8970590780841599,0.9980820417404175
5178,0.0007034171263559291,0.8970648479917837,0.9980815649032593
5179,0.0007034171263559291,0.8970667712943249,0.9980812072753906
5180,0.0007034171263559291,0.8971071606476914,0.9980810880661011
5181,0.0007034171263559291,0.8971110072527739,0.998080849647522
5182,0.0007034171263559291,0.8971129305553152,0.9980806112289429
5183,0.0007034171263559291,0.8971302402781864,0.9980790615081787
5184,0.0007034171263559291,0.8971687063290117,0.998078465461731
5185,0.0007034171263559291,0.8971917859595068,0.9980770349502563
5186,0.0007034171263559291,0.8972071723798368,0.9980747699737549
5187,0.0007034171263559291,0.8972494850357445,0.9980746507644653
5188,0.0007034171263559291,0.8972552549433683,0.9980742931365967
5189,0.0007034171263559291,0.8972802578764048,0.9980741739273071
5190,0.0007041575654363038,0.8976783815024455,0.9980740547180176
5191,0.0007041575654363038,0.8976860747126105,0.9980717897415161
5192,0.0007041575654363038,0.8977110776456468,0.9980704188346863
5193,0.0007041575654363038,0.8977399271837658,0.9980702996253967
5194,0.0007041575654363038,0.8977418504863071,0.9980701804161072
5195,0.0007041575654363038,0.8977514669990133,0.9980700612068176
5196,0.0007041575654363038,0.8977553136040959,0.9980695843696594
5197,0.0007048980045166784,0.8978053194701686,0.9980693459510803
5198,0.0007048980045166784,0.8978149359828749,0.9980688691139221
5199,0.0007048980045166784,0.8978360923108287,0.9980685114860535
5200,0.0007048980045166784,0.8980072662370009,0.9980679154396057
5201,0.000705638443597053,0.8980111128420833,0.9980677962303162
5202,0.000705638443597053,0.8980245759598722,0.9980663657188416
5203,0.000705638443597053,0.8980264992624135,0.998066246509552
5204,0.000705638443597053,0.898030345867496,0.9980658888816833
5205,0.000705638443597053,0.8980611187081562,0.9980650544166565
5206,0.000705638443597053,0.8981245876920178,0.9980642199516296
5207,0.000705638443597053,0.8981399741123478,0.9980641007423401
5208,0.000705638443597053,0.8981515139275954,0.9980633854866028
5209,0.000705638443597053,0.8981534372301366,0.9980629086494446
5210,0.000705638443597053,0.8981745935580905,0.9980625510215759
5211,0.000705638443597053,0.8981765168606317,0.99806147813797
5212,0.000705638443597053,0.8982015197936681,0.9980613589286804
5213,0.000705638443597053,0.8982572955673647,0.9980612397193909
5214,0.000705638443597053,0.8982592188699059,0.9980610013008118
5215,0.000705638443597053,0.8987073483620194,0.9980607628822327
5216,0.0007063788826774277,0.8992593361913609,0.9980602860450745
5217,0.0007063788826774277,0.8992727993091497,0.9980588555335999
5218,0.0007063788826774277,0.8992978022421861,0.9980587363243103
5219,0.0007063788826774277,0.8992997255447274,0.9980573058128357
5220,0.0007063788826774277,0.8993054954523512,0.9980564713478088
5221,0.0007063788826774277,0.8993170352675987,0.9980564117431641
5222,0.0007063788826774277,0.8993304983853875,0.9980562925338745
5223,0.000707859760838177,0.89933434499047,0.998056173324585
5224,0.000707859760838177,0.8993497314108001,0.9980559349060059
5225,0.000707859760838177,0.8993516547133413,0.9980554580688477
5226,0.000707859760838177,0.8993747343438365,0.9980546236038208
5227,0.000707859760838177,0.899386274159084,0.9980541467666626
5228,0.000707859760838177,0.8994055071844966,0.998054027557373
5229,0.000707859760838177,0.8994132003946617,0.9980534315109253
5230,0.000707859760838177,0.8994343567226155,0.998052716255188
5231,0.000707859760838177,0.8994478198404043,0.9980520009994507
5232,0.000707859760838177,0.8994785926810646,0.9980500936508179
5233,0.000707859760838177,0.8994805159836058,0.9980498552322388
5234,0.0007086001999185518,0.8994805159836058,0.9980497360229492
5235,0.0007093406389989264,0.8995382150598435,0.998049259185791
5236,0.0007093406389989264,0.8996478433046954,0.9980472326278687
5237,0.0007093406389989264,0.8996497666072366,0.9980471134185791
5238,0.0007093406389989264,0.899674769540273,0.998044490814209
5239,0.0007093406389989264,0.8997093889860157,0.9980438947677612
5240,0.0007093406389989264,0.8997690113647947,0.9980429410934448
5241,0.0007093406389989264,0.8997709346673359,0.9980427026748657
5242,0.0007093406389989264,0.8997978609029136,0.9980416297912598
5243,0.0007093406389989264,0.8998382502562801,0.9980412721633911
5244,0.0007093406389989264,0.899874793004564,0.9980410933494568
5245,0.0007160045907222983,0.9000401970231123,0.9980401396751404
5246,0.0007160045907222983,0.900059430048525,0.9980395436286926
5247,0.0007160045907222983,0.9000651999561488,0.9980388283729553
5248,0.0007160045907222983,0.9000690465612312,0.9980377554893494
5249,0.0007160045907222983,0.9000709698637724,0.9980373978614807
5250,0.0007160045907222983,0.9000786630739375,0.9980370402336121
5251,0.0007160045907222983,0.9000998194018913,0.9980369210243225
5252,0.000716745029802673,0.9000998194018913,0.9980365633964539
5253,0.000716745029802673,0.9001036660069739,0.9980356097221375
5254,0.000716745029802673,0.9001055893095151,0.9980354905128479
5255,0.0007189663470437969,0.9002344505797796,0.9980347752571106
5256,0.0007189663470437969,0.9002498370001096,0.9980345368385315
5257,0.0007189663470437969,0.9002729166306047,0.9980340600013733
5258,0.0007189663470437969,0.9002844564458523,0.998033344745636
5259,0.0007189663470437969,0.9003075360763474,0.9980332255363464
5260,0.0007189663470437969,0.9003152292865124,0.9980315566062927
5261,0.0007197067861241716,0.900319075891595,0.9980290532112122
5262,0.0007197067861241716,0.9003460021271726,0.9980286955833435
5263,0.0007197067861241716,0.9003479254297139,0.9980284571647644
5264,0.0007204472252045463,0.9014057418274066,0.9980280995368958
5265,0.0007204472252045463,0.901415358340113,0.9980278611183167
5266,0.0007204472252045463,0.9014634409036445,0.9980276226997375
5267,0.0007204472252045463,0.9014653642061857,0.998027503490448
5268,0.0007204472252045463,0.9014961370468458,0.9980265498161316
5269,0.0007204472252045463,0.9014980603493872,0.9980261921882629
5270,0.0007204472252045463,0.9015172933747997,0.9980254173278809
5271,0.0007204472252045463,0.9015211399798823,0.9980248212814331
5272,0.0007226685424456703,0.9018404082017314,0.998023509979248
5273,0.0007226685424456703,0.9018442548068138,0.9980220794677734
5274,0.0007226685424456703,0.9018692577398503,0.9980219602584839
5275,0.0007226685424456703,0.9018711810423915,0.9980213642120361
5276,0.0007234089815260449,0.9019481131440419,0.9980210065841675
5277,0.0007234089815260449,0.9019519597491245,0.9980183839797974
5278,0.0007234089815260449,0.9019673461694545,0.9980181455612183
5279,0.0007234089815260449,0.9019731160770783,0.9980146884918213
5280,0.0007234089815260449,0.9019865791948671,0.9980133771896362
5281,0.0007234089815260449,0.9020211986406098,0.9980117082595825
5282,0.0007234089815260449,0.9020288918507748,0.9980114698410034
5283,0.0007234089815260449,0.9020904375320951,0.9980108141899109
5284,0.0007234089815260449,0.9021077472549665,0.9980106949806213
5285,0.0007234089815260449,0.902215452197277,0.9980098605155945
5286,0.0007234089815260449,0.9022212221049007,0.9980091452598572
5287,0.0007234089815260449,0.9022308386176071,0.9980090260505676
5288,0.0007234089815260449,0.9022366085252308,0.9980078339576721
5289,0.0007234089815260449,0.902275074576056,0.9980060458183289
5290,0.0007234089815260449,0.9022769978785973,0.9980050921440125
5291,0.0007234089815260449,0.9022904609963861,0.9980031847953796
5292,0.0007234089815260449,0.9023616231904127,0.9980029463768005
5293,0.0007234089815260449,0.9023654697954953,0.9980009198188782
5294,0.0007234089815260449,0.9023693164005777,0.9980006814002991
5295,0.0007234089815260449,0.902371239703119,0.9980002045631409
5296,0.0007234089815260449,0.9023981659386967,0.9979996085166931
5297,0.0007241494206064196,0.9025847262851988,0.9979991316795349
5298,0.0007241494206064196,0.9026135758233177,0.997998058795929
5299,0.0007256302987671689,0.9027943662621961,0.9979978203773499
5300,0.0007256302987671689,0.9027962895647375,0.997996985912323
5301,0.0007256302987671689,0.9028135992876087,0.9979968667030334
5302,0.0007256302987671689,0.90281552259015,0.9979966282844543
5303,0.0007256302987671689,0.9028212924977738,0.9979950189590454
5304,0.0007256302987671689,0.9028251391028563,0.9979946613311768
5305,0.0007263707378475436,0.9028251391028563,0.9979943037033081
5306,0.0007263707378475436,0.9028462954308102,0.9979941844940186
5307,0.0007263707378475436,0.9028482187333514,0.9979932308197021
5308,0.0007278516160082929,0.902852065338434,0.9979904890060425
5309,0.0007285920550886676,0.902852065338434,0.9979902505874634
5310,0.0007285920550886676,0.9028559119435164,0.997989296913147
5311,0.0007285920550886676,0.902911687717213,0.9979884624481201
5312,0.0007285920550886676,0.902927074137543,0.9979879856109619
5313,0.0007285920550886676,0.9029386139527906,0.9979866743087769
5314,0.0007285920550886676,0.9029770800036158,0.9979863166809082
5315,0.0007293324941690422,0.9031982597958607,0.9979854822158813
5316,0.0007293324941690422,0.9032040297034845,0.9979851245880127
5317,0.0007293324941690422,0.9032059530060257,0.997984766960144
5318,0.0007293324941690422,0.9032097996111083,0.9979846477508545
5319,0.0007293324941690422,0.9032194161238145,0.997978150844574
5320,0.0007293324941690422,0.903259805477181,0.9979775547981262
5321,0.0007293324941690422,0.9033675104194915,0.9979773163795471
5322,0.0007293324941690422,0.9033694337220328,0.9979754090309143
5323,0.0007293324941690422,0.9034386726135182,0.9979751706123352
5324,0.0007293324941690422,0.9034636755465545,0.9979729056358337
5325,0.0007293324941690422,0.9034675221516371,0.9979705214500427
5326,0.0007293324941690422,0.9034694454541783,0.9979702830314636
5327,0.0007293324941690422,0.9034732920592607,0.9979700446128845
5328,0.0007293324941690422,0.9034752153618021,0.9979687333106995
5329,0.0007293324941690422,0.9034829085719671,0.9979674220085144
5330,0.0007293324941690422,0.9035098348075448,0.9979664087295532
5331,0.0007293324941690422,0.9035136814126272,0.9979656934738159
5332,0.0007293324941690422,0.9035367610431224,0.9979655742645264
5333,0.0007293324941690422,0.9035579173710763,0.9979654550552368
5334,0.0007293324941690422,0.9035656105812413,0.9979629516601562
5335,0.0007293324941690422,0.9036040766320664,0.997962236404419
5336,0.0007293324941690422,0.9036233096574791,0.9979605674743652
5337,0.0007293324941690422,0.9036252329600203,0.9979603290557861
5338,0.0007293324941690422,0.9036348494727267,0.9979602098464966
5339,0.0007293324941690422,0.9037060116667532,0.9979599714279175
5340,0.0007293324941690422,0.9037502476252022,0.9979592561721802
5341,0.0007322942504905409,0.903779097163321,0.9979585409164429
5342,0.0007330346895709156,0.9038041000963575,0.9979583024978638
5343,0.0007330346895709156,0.9038079467014399,0.9979581832885742
5344,0.0007330346895709156,0.9039368079717044,0.9979572296142578
5345,0.0007330346895709156,0.9040175866784372,0.9979566335678101
5346,0.0007330346895709156,0.9040675925445101,0.9979565143585205
5347,0.0007330346895709156,0.9040695158470513,0.9979562759399414
5348,0.0007330346895709156,0.904096442082629,0.9979560375213623
5349,0.0007330346895709156,0.9041079818978764,0.9979556798934937
5350,0.0007337751286512902,0.9043464714129926,0.9979555606842041
5351,0.0007337751286512902,0.9043580112282402,0.997955322265625
5352,0.0007337751286512902,0.9043599345307815,0.9979535341262817
5353,0.0007337751286512902,0.9043695510434878,0.9979524612426758
5354,0.0007337751286512902,0.9043887840689004,0.9979523420333862
5355,0.0007337751286512902,0.9043907073714417,0.9979522228240967
5356,0.0007337751286512902,0.9044060937917717,0.9979509711265564
5357,0.0007345155677316649,0.9047349785263271,0.9979502558708191
5358,0.0007345155677316649,0.9047388251314097,0.9979495406150818
5359,0.0007345155677316649,0.9047484416441159,0.9979487061500549
5360,0.0007345155677316649,0.9047522882491985,0.9979484677314758
5361,0.0007345155677316649,0.9047753678796936,0.9979477524757385
5362,0.0007345155677316649,0.9047907543000236,0.9979471564292908
5363,0.0007345155677316649,0.9048253737457663,0.9979470372200012
5364,0.0007522861056606568,0.9084873417843247,0.9979467988014221
5365,0.0007537669838214061,0.9085892768190115,0.9979462027549744
5366,0.0007537669838214061,0.9086085098444241,0.9979457259178162
5367,0.0007537669838214061,0.9086258195672954,0.9979456067085266
5368,0.0007545074229017807,0.9086258195672954,0.9979453682899475
5369,0.0007545074229017807,0.9086277428698366,0.9979448914527893
5370,0.0007545074229017807,0.9087316012070646,0.9979444146156311
5371,0.0007545074229017807,0.908977783932346,0.9979439377784729
5372,0.0007545074229017807,0.9089893237475934,0.9979436993598938
5373,0.0007545074229017807,0.9090258664958774,0.9979432225227356
5374,0.0007545074229017807,0.9090277897984187,0.997943103313446
5375,0.0007545074229017807,0.9090412529162075,0.9979421496391296
5376,0.0007545074229017807,0.9090701024543264,0.997941792011261
5377,0.0007545074229017807,0.9090777956644914,0.9979411959648132
5378,0.0007545074229017807,0.9091162617153166,0.997940719127655
5379,0.0007545074229017807,0.9091951171195083,0.997938334941864
5380,0.0007545074229017807,0.9092316598677922,0.9979379773139954
5381,0.0007545074229017807,0.9092585861033698,0.9979376792907715
5382,0.0007545074229017807,0.9092720492211587,0.9979374408721924
5383,0.0007545074229017807,0.9092758958262411,0.9979366064071655
5384,0.0007552478619821554,0.9092758958262411,0.9979362487792969
5385,0.0007552478619821554,0.9093028220618188,0.9979351758956909
5386,0.0007552478619821554,0.9093085919694426,0.9979331493377686
5387,0.0007552478619821554,0.9093432114151853,0.9979326725006104
5388,0.0007552478619821554,0.9093682143482216,0.9979324340820312
5389,0.0007552478619821554,0.9093739842558454,0.9979320764541626
5390,0.0007552478619821554,0.9094047570965056,0.9979308843612671
5391,0.0007552478619821554,0.9094066803990468,0.9979302883148193
5392,0.0007552478619821554,0.909845193378454,0.9979292154312134
5393,0.0007552478619821554,0.9098509632860778,0.9979269504547119
5394,0.0007552478619821554,0.9098721196140317,0.9979262351989746
5395,0.0007552478619821554,0.909881736126738,0.9979248046875
5396,0.0007552478619821554,0.9098836594292792,0.9979246854782104
5397,0.0007552478619821554,0.9099009691521506,0.9979244470596313
5398,0.0007552478619821554,0.9100413702376625,0.9979234933853149
5399,0.0007552478619821554,0.9100759896834052,0.9979231953620911
5400,0.0007552478619821554,0.910149075179973,0.997920572757721
5401,0.0007552478619821554,0.910156768390138,0.9979198575019836
5402,0.0007552478619821554,0.9101779247180919,0.9979197382926941
5403,0.0007552478619821554,0.9103048626858151,0.9979196190834045
5404,0.0007552478619821554,0.9103279423163102,0.997919499874115
5405,0.0007552478619821554,0.9103394821315577,0.9979174733161926
5406,0.0007552478619821554,0.9103452520391815,0.9979169964790344
5407,0.0007552478619821554,0.9103587151569703,0.9979165196418762
5408,0.0007552478619821554,0.9103644850645941,0.9979159235954285
5409,0.0007552478619821554,0.9104164142332081,0.9979156851768494
5410,0.0007552478619821554,0.9104433404687857,0.9979155659675598
5411,0.0007552478619821554,0.9104510336789507,0.9979152083396912
5412,0.0007552478619821554,0.9104548802840333,0.9979137778282166
5413,0.0007552478619821554,0.9104702667043634,0.997913658618927
5414,0.0007552478619821554,0.9104721900069046,0.9979135394096375
5415,0.0007552478619821554,0.9104837298221522,0.9979130625724792
5416,0.0007552478619821554,0.9104914230323172,0.9979124665260315
5417,0.0007552478619821554,0.9105318123856837,0.9979123473167419
5418,0.0007552478619821554,0.9105375822933075,0.9979118704795837
5419,0.0007552478619821554,0.9105510454110963,0.9979113936424255
5420,0.0007552478619821554,0.9105606619238026,0.9979105591773987
5421,0.0007552478619821554,0.9105875881593802,0.9979097247123718
5422,0.0007552478619821554,0.9105895114619215,0.9979090690612793
5423,0.0007552478619821554,0.9106087444873341,0.9979089498519897
5424,0.0007552478619821554,0.9106510571432418,0.9979062080383301
5425,0.0007552478619821554,0.9106549037483244,0.9979056119918823
5426,0.0007552478619821554,0.9106568270508656,0.9979053735733032
5427,0.0007552478619821554,0.9106683668661132,0.9979050159454346
5428,0.0007552478619821554,0.9106702901686544,0.997904896736145
5429,0.0007552478619821554,0.9109914816930448,0.9979044198989868
5430,0.0007552478619821554,0.9109991749032098,0.9979039430618286
5431,0.0007552478619821554,0.9110164846260811,0.9979033470153809
5432,0.0007552478619821554,0.9110434108616587,0.9979027509689331
5433,0.0007559883010625301,0.9111472691988868,0.9979022741317749
5434,0.0007559883010625301,0.9112703605615274,0.997901439666748
5435,0.0007559883010625301,0.9115184665893499,0.997901201248169
5436,0.0007567287401429048,0.9115877054808352,0.9979004859924316
5437,0.0007567287401429048,0.9115896287833765,0.997900128364563
5438,0.0007567287401429048,0.9116300181367429,0.9978982210159302
5439,0.0007567287401429048,0.911637711346908,0.997897744178772
5440,0.0007567287401429048,0.9116434812545318,0.9978976249694824
5441,0.0007574691792232794,0.9116434812545318,0.9978973865509033
5442,0.0007574691792232794,0.9116473278596143,0.9978971481323242
5443,0.0007574691792232794,0.9116665608850268,0.9978970289230347
5444,0.0007574691792232794,0.9117031036333109,0.9978964328765869
5445,0.0007574691792232794,0.9117357997765122,0.9978961944580078
5446,0.0007574691792232794,0.9117396463815948,0.9978960752487183
5447,0.0007574691792232794,0.911741569684136,0.9978951215744019
5448,0.0007574691792232794,0.9117665726171724,0.9978947043418884
5449,0.0007574691792232794,0.9117781124324199,0.9978938698768616
5450,0.0007574691792232794,0.9118800474671067,0.9978936314582825
5451,0.0007574691792232794,0.9118858173747305,0.9978935122489929
5452,0.0007574691792232794,0.9126282121556567,0.9978933930397034
5453,0.0007574691792232794,0.9126397519709043,0.9978919625282288
5454,0.0007574691792232794,0.9126416752734455,0.9978914856910706
5455,0.0007574691792232794,0.9126455218785281,0.997891366481781
5456,0.0007574691792232794,0.9126512917861518,0.9978907704353333
5457,0.0007574691792232794,0.9126782180217294,0.9978904128074646
5458,0.0007574691792232794,0.912682064626812,0.9978901743888855
5459,0.0007574691792232794,0.9126839879293532,0.9978883862495422
5460,0.0007582096183036541,0.9126839879293532,0.9978870749473572
5461,0.0007589500573840287,0.9128032326869113,0.9978864789009094
5462,0.0007589500573840287,0.9128070792919939,0.9978863596916199
5463,0.0007589500573840287,0.9128090025945351,0.997883141040802
5464,0.0007596904964644034,0.9128282356199477,0.9978829026222229
5465,0.000760430935544778,0.9128493919479016,0.9978827834129333
5466,0.0007611713746251527,0.912918630839387,0.997882068157196
5467,0.0007611713746251527,0.912926324049552,0.9978818297386169
5468,0.0007611713746251527,0.912941710469882,0.9978815913200378
5469,0.0007611713746251527,0.9129667134029185,0.9978812336921692
5470,0.0007611713746251527,0.9129686367054597,0.9978808760643005
5471,0.0007611713746251527,0.9129724833105421,0.9978808164596558
5472,0.0007611713746251527,0.9129897930334135,0.9978801012039185
5473,0.0007611713746251527,0.9129917163359548,0.9978799819946289
5474,0.0007611713746251527,0.9129974862435786,0.9978798627853394
5475,0.0007611713746251527,0.9130013328486611,0.9978775978088379
5476,0.0007619118137055274,0.9130071027562848,0.9978772401809692
5477,0.0007619118137055274,0.9130244124791562,0.9978768825531006
5478,0.0007619118137055274,0.9130397988994863,0.9978761672973633
5479,0.0007619118137055274,0.9130455688071101,0.9978759288787842
5480,0.0007619118137055274,0.9130609552274401,0.9978758096694946
5481,0.0007619118137055274,0.9130686484376052,0.9978734254837036
5482,0.0007619118137055274,0.9130782649503115,0.9978723526000977
5483,0.0007633926918662767,0.9131571203545031,0.9978718757629395
5484,0.0007633926918662767,0.9131917398002458,0.9978700876235962
5485,0.0007633926918662767,0.9132167427332821,0.997867226600647
5486,0.0007633926918662767,0.9132436689688598,0.9978669881820679
5487,0.0007633926918662767,0.9132725185069787,0.9978665709495544
5488,0.0007633926918662767,0.9132782884146025,0.997864305973053
5489,0.0007633926918662767,0.91328982822985,0.9978640675544739
5490,0.0007633926918662767,0.9132955981374739,0.9978622794151306
5491,0.0007633926918662767,0.9132994447425563,0.9978621602058411
5492,0.0007633926918662767,0.9133321408857578,0.9978620409965515
5493,0.0007633926918662767,0.9133436807010054,0.9978616833686829
5494,0.0007633926918662767,0.9133532972137116,0.9978613257408142
5495,0.0007641331309466514,0.9133648370289592,0.9978612065315247
5496,0.0007641331309466514,0.9133994564747019,0.9978594183921814
5497,0.0007641331309466514,0.9134263827102794,0.9978591799736023
5498,0.0007641331309466514,0.913437922525527,0.9978577494621277
5499,0.0007641331309466514,0.9134417691306096,0.9978576302528381
5500,0.000764873570027026,0.9134802351814347,0.9978564381599426
5501,0.000764873570027026,0.9134879283915998,0.9978542923927307
5502,0.000764873570027026,0.9134898516941411,0.9978510141372681
5503,0.000764873570027026,0.9134994682068474,0.997849702835083
5504,0.000764873570027026,0.9135033148119298,0.9978489875793457
5505,0.000764873570027026,0.9135090847195536,0.9978480339050293
5506,0.000764873570027026,0.913511008022095,0.9978466033935547
5507,0.000764873570027026,0.9135148546271774,0.9978457689285278
5508,0.000764873570027026,0.9135244711398837,0.9978455305099487
5509,0.000764873570027026,0.913526394442425,0.9978442192077637
5510,0.000764873570027026,0.9135706304008739,0.9978427886962891
5511,0.0007656140091074007,0.9135898634262866,0.9978421926498413
5512,0.0007656140091074007,0.9135917867288278,0.9978415966033936
5513,0.0007656140091074007,0.9137648839575412,0.9978410005569458
5514,0.0007656140091074007,0.9137879635880363,0.9978408813476562
5515,0.0007656140091074007,0.9137956567982013,0.9978407621383667
5516,0.0007656140091074007,0.9138110432185313,0.9978395700454712
5517,0.0007656140091074007,0.9138187364286965,0.9978391528129578
5518,0.0007656140091074007,0.9138418160591916,0.9978387951850891
5519,0.0007656140091074007,0.9140572259438127,0.9978368878364563
5520,0.0007656140091074007,0.9140610725488951,0.9978343844413757
5521,0.0007656140091074007,0.9140629958514365,0.9978341460227966
5522,0.0007656140091074007,0.9140918453895553,0.9978339076042175
5523,0.0007656140091074007,0.9141245415327567,0.9978335499763489
5524,0.0007656140091074007,0.9141283881378393,0.9978331923484802
5525,0.0007656140091074007,0.9141380046505455,0.9978325963020325
5526,0.0007656140091074007,0.9141437745581693,0.9978321194648743
5527,0.0007656140091074007,0.9141726240962882,0.9978318810462952
5528,0.0007656140091074007,0.9141764707013708,0.9978304505348206
5529,0.0007656140091074007,0.9141957037267834,0.9978294968605042
5530,0.0007656140091074007,0.9141995503318658,0.997829258441925
5531,0.0007656140091074007,0.9142053202394896,0.997829020023346
5532,0.0007656140091074007,0.9142168600547372,0.9978277087211609
5533,0.0007656140091074007,0.9142187833572785,0.9978271126747131
5534,0.0007656140091074007,0.9142303231725261,0.9978249073028564
5535,0.0007656140091074007,0.9142457095928561,0.9978238344192505
5536,0.0007656140091074007,0.9142476328953973,0.9978237152099609
5537,0.0007656140091074007,0.9142572494081036,0.9978233575820923
5538,0.00076709488726815,0.914363031047873,0.9978214502334595
5539,0.00076709488726815,0.9143649543504142,0.9978206157684326
5540,0.00076709488726815,0.9146669128493919,0.997820258140564
5541,0.00076709488726815,0.914674606059557,0.9978183507919312
5542,0.00076709488726815,0.9146765293620982,0.9978175163269043
5543,0.00076709488726815,0.9146880691773458,0.9978171586990356
5544,0.00076709488726815,0.9146919157824284,0.9978166818618774
5545,0.00076709488726815,0.9146996089925934,0.9978158473968506
5546,0.00076709488726815,0.9147149954129234,0.9978146553039551
5547,0.0007678353263485247,0.9147938508171151,0.997814416885376
5548,0.0007678353263485247,0.9148015440272801,0.9978141784667969
5549,0.0007678353263485247,0.9148034673298214,0.9978135824203491
5550,0.0007700566435896487,0.9149207887848382,0.9978132247924805
5551,0.0007700566435896487,0.9149323286000858,0.9978131055831909
5552,0.0007700566435896487,0.9149457917178746,0.9978127479553223
5553,0.0007700566435896487,0.9149938742814061,0.997811496257782
5554,0.0007700566435896487,0.9150092607017362,0.997810423374176
5555,0.0007700566435896487,0.9150111840042774,0.9978095889091492
5556,0.0007700566435896487,0.9150419568449376,0.9978087544441223
5557,0.0007700566435896487,0.9150477267525614,0.9978082776069641
5558,0.0007700566435896487,0.9150554199627264,0.9978072047233582
5559,0.0007700566435896487,0.9150823461983041,0.9978068470954895
5560,0.0007707970826700233,0.9151054258287992,0.9978064894676208
5561,0.000771537521750398,0.9151150423415054,0.9978052973747253
5562,0.000771537521750398,0.9151535083923307,0.9978029131889343
5563,0.000771537521750398,0.9151592782999545,0.9978023171424866
5564,0.000771537521750398,0.9151688948126607,0.9978016018867493
5565,0.0007722779608307726,0.915222747283816,0.9978011250495911
5566,0.0007722779608307726,0.9152477502168523,0.9977993369102478
5567,0.0007722779608307726,0.9152496735193936,0.9977992177009583
5568,0.0007722779608307726,0.9152785230575126,0.9977983832359314
5569,0.0007722779608307726,0.9152862162676776,0.9977962970733643
5570,0.0007722779608307726,0.9152919861753014,0.9977953433990479
5571,0.0007722779608307726,0.9153189124108789,0.9977949857711792
5572,0.0007722779608307726,0.9153439153439153,0.9977936744689941
5573,0.0007722779608307726,0.9153477619489979,0.9977927207946777
5574,0.0007722779608307726,0.9153516085540804,0.9977912902832031
5575,0.0007722779608307726,0.915363148369328,0.9977905750274658
5576,0.0007730183999111473,0.9154400804709784,0.9977904558181763
5577,0.000773758838991522,0.9154400804709784,0.9977879524230957
5578,0.000773758838991522,0.9154631601014734,0.9977872371673584
5579,0.000773758838991522,0.915467006706556,0.9977865219116211
5580,0.000773758838991522,0.9154997028497573,0.9977864027023315
5581,0.000773758838991522,0.9155477854132889,0.997783362865448
5582,0.000773758838991522,0.9155516320183714,0.9977828860282898
5583,0.000773758838991522,0.9158785934503856,0.9977806210517883
5584,0.000773758838991522,0.9158843633580093,0.9977797865867615
5585,0.000773758838991522,0.915978605182531,0.9977784752845764
5586,0.000773758838991522,0.9159920683003199,0.9977781176567078
5587,0.000773758838991522,0.9160036081155674,0.9977766871452332
5588,0.000773758838991522,0.9160055314181087,0.9977759718894958
5589,0.000773758838991522,0.9160863101248415,0.9977758526802063
5590,0.000775980156232646,0.916111313057878,0.9977752566337585
5591,0.000775980156232646,0.916126699478208,0.997775137424469
5592,0.000775980156232646,0.9162382510256011,0.9977729916572571
5593,0.000775980156232646,0.9162536374459311,0.9977726340293884
5594,0.000775980156232646,0.9162555607484724,0.9977722764015198
5595,0.000775980156232646,0.9163036433120039,0.9977721571922302
5596,0.000775980156232646,0.9163074899170864,0.9977719187736511
5597,0.000775980156232646,0.9163151831272515,0.997771680355072
5598,0.0007767205953130206,0.9163151831272515,0.9977712631225586
5599,0.0007767205953130206,0.9163536491780767,0.9977703094482422
5600,0.0007767205953130206,0.9164209647670207,0.9977695941925049
5601,0.0007767205953130206,0.916422888069562,0.9977686405181885
5602,0.0007767205953130206,0.9164305812797271,0.9977678060531616
5603,0.0007767205953130206,0.9164363511873508,0.9977676868438721
5604,0.0007767205953130206,0.9164401977924334,0.9977661371231079
5605,0.0007767205953130206,0.9164575075153046,0.9977645874023438
5606,0.0007767205953130206,0.9164632774229284,0.9977636337280273
5607,0.0007767205953130206,0.9164940502635887,0.9977627992630005
5608,0.0007767205953130206,0.9164959735661299,0.9977620840072632
5609,0.0007767205953130206,0.9165132832890012,0.9977612495422363
5610,0.0007767205953130206,0.9165152065915425,0.9977600574493408
5611,0.0007767205953130206,0.9165959852982754,0.9977582097053528
5612,0.0007767205953130206,0.9165998319033579,0.9977579712867737
5613,0.0007767205953130206,0.9166459911643481,0.9977564215660095
5614,0.0007767205953130206,0.9166479144668894,0.9977560639381409
5615,0.0007767205953130206,0.9167075368456684,0.9977549910545349
5616,0.0007767205953130206,0.9167209999634572,0.9977509379386902
5617,0.0007767205953130206,0.9167306164761635,0.9977508187294006
5618,0.0007767205953130206,0.9167767757371538,0.9977498650550842
5619,0.0007767205953130206,0.91678639224986,0.997748076915741
5620,0.0007767205953130206,0.9168056252752727,0.9977474808692932
5621,0.0007767205953130206,0.9168363981159329,0.9977472424507141
5622,0.0007767205953130206,0.9168729408642168,0.9977455735206604
5623,0.0007767205953130206,0.916874864166758,0.9977452158927917
5624,0.0007767205953130206,0.916882557376923,0.9977445602416992
5625,0.0007767205953130206,0.9168844806794644,0.9977434873580933
5626,0.0007767205953130206,0.9168883272845468,0.9977425336837769
5627,0.0007767205953130206,0.9169017904023357,0.9977420568466187
5628,0.0007767205953130206,0.9169056370074182,0.9977413415908813
5629,0.0007767205953130206,0.9169344865455371,0.9977412223815918
5630,0.0007767205953130206,0.9169421797557021,0.9977405071258545
5631,0.0007767205953130206,0.9169460263607846,0.9977403879165649
5632,0.0007767205953130206,0.9169479496633259,0.9977401494979858
5633,0.0007767205953130206,0.9169691059912798,0.9977400302886963
5634,0.0007767205953130206,0.9169729525963622,0.9977391958236694
5635,0.0007774610343933953,0.9170383448827651,0.9977383613586426
5636,0.0007774610343933953,0.9170460380929302,0.9977381229400635
5637,0.0007774610343933953,0.9170556546056364,0.997736930847168
5638,0.0007774610343933953,0.9170691177234253,0.9977349042892456
5639,0.0007774610343933953,0.9170921973539203,0.9977343082427979
5640,0.0007774610343933953,0.9170998905640854,0.9977321624755859
5641,0.0007774610343933953,0.9171306634047456,0.9977320432662964
5642,0.0007782014734737699,0.9171825925733595,0.9977317452430725
5643,0.0007782014734737699,0.9171845158759008,0.9977312684059143
5644,0.0007789419125541446,0.9171979789936896,0.9977307915687561
5645,0.0007789419125541446,0.9172114421114784,0.997730553150177
5646,0.0007789419125541446,0.9172172120191022,0.9977295994758606
5647,0.0007789419125541446,0.9172191353216435,0.9977285265922546
5648,0.0007789419125541446,0.9172383683470561,0.9977278113365173
5649,0.0007789419125541446,0.9172402916495973,0.9977267384529114
5650,0.0007789419125541446,0.9172499081623037,0.9977262616157532
5651,0.0007789419125541446,0.9172518314648449,0.9977251887321472
5652,0.0007789419125541446,0.9172556780699275,0.9977248311042786
5653,0.0007789419125541446,0.9172614479775512,0.997724711894989
5654,0.0007796823516345193,0.9173095305410827,0.9977241158485413
5655,0.0007796823516345193,0.9173345334741191,0.9977239966392517
5656,0.0007796823516345193,0.9173383800792017,0.9977237582206726
5657,0.0007796823516345193,0.9173576131046142,0.9977236390113831
5658,0.000780422790714894,0.9173576131046142,0.9977232813835144
5659,0.000780422790714894,0.9173595364071555,0.9977225661277771
5660,0.000780422790714894,0.9173653063147792,0.9977219700813293
5661,0.000780422790714894,0.9173672296173205,0.9977216124534607
5662,0.000780422790714894,0.9173999257605219,0.9977208971977234
5663,0.000780422790714894,0.9174210820884757,0.9977206587791443
5664,0.000780422790714894,0.9174230053910171,0.9977198243141174
5665,0.000780422790714894,0.9174383918113471,0.9977193474769592
5666,0.000780422790714894,0.917451854929136,0.9977191090583801
5667,0.000780422790714894,0.9174999374926675,0.997718870639801
5668,0.000780422790714894,0.917526863728245,0.9977173805236816
5669,0.000780422790714894,0.9176191822502255,0.9977151155471802
5670,0.000780422790714894,0.917623028855308,0.9977147579193115
5671,0.0007811632297952686,0.9176461084858032,0.997712254524231
5672,0.0007811632297952686,0.9176480317883444,0.9977121353149414
5673,0.0007811632297952686,0.9176518783934269,0.9977097511291504
5674,0.0007811632297952686,0.9176576483010507,0.9977096319198608
5675,0.0007811632297952686,0.9176614949061332,0.9977091550827026
5676,0.0007811632297952686,0.9176711114188395,0.9977086782455444
5677,0.0007811632297952686,0.9176826512340871,0.9977078437805176
5678,0.0007841249861167672,0.9177730464535263,0.9977076053619385
5679,0.0007841249861167672,0.9177788163611501,0.99770587682724
5680,0.0007841249861167672,0.9178442086475529,0.9977051615715027
5681,0.0007841249861167672,0.917859595067883,0.9977045655250549
5682,0.0007841249861167672,0.9179057543288732,0.9977044463157654
5683,0.0007841249861167672,0.9179134475390383,0.9977040886878967
5684,0.0007841249861167672,0.9179153708415795,0.9977037310600281
5685,0.0007841249861167672,0.9179211407492033,0.9977036118507385
5686,0.0007841249861167672,0.9180076893635599,0.9977017045021057
5687,0.0007841249861167672,0.9180115359686425,0.9977014660835266
5688,0.0007841249861167672,0.9180249990864313,0.997700035572052
5689,0.0007841249861167672,0.9180288456915138,0.9976981282234192
5690,0.0007959720114027618,0.9180288456915138,0.9976978898048401
5691,0.0007967124504831365,0.9180346155991376,0.9976959824562073
5692,0.0007967124504831365,0.9180461554143852,0.9976958632469177
5693,0.0007967124504831365,0.918051925322009,0.9976938366889954
5694,0.0007967124504831365,0.9180557719270914,0.9976930022239685
5695,0.0007967124504831365,0.9180788515575866,0.9976922273635864
5696,0.0007967124504831365,0.9180807748601278,0.9976903200149536
5697,0.0007967124504831365,0.9180865447677516,0.9976902008056641
5698,0.0007967124504831365,0.9181038544906229,0.9976892471313477
5699,0.0007967124504831365,0.9181077010957055,0.9976890087127686
5700,0.0007967124504831365,0.9181230875160356,0.9976885318756104
5701,0.0007967124504831365,0.9181307807262006,0.9976884126663208
5702,0.0007967124504831365,0.9181615535668607,0.9976882934570312
5703,0.0007967124504831365,0.9181750166846495,0.9976879358291626
5704,0.0007967124504831365,0.9181788632897321,0.997686505317688
5705,0.0007967124504831365,0.9181923264075209,0.9976863861083984
5706,0.0007967124504831365,0.9182019429202272,0.9976857900619507
5707,0.0007967124504831365,0.9182327157608874,0.9976844787597656
5708,0.0007967124504831365,0.9182538720888412,0.9976837635040283
5709,0.0007967124504831365,0.9185096713268287,0.9976834058761597
5710,0.0007967124504831365,0.9187500841444862,0.9976824522018433
5711,0.0007967124504831365,0.9187597006571925,0.9976819753646851
5712,0.0007967124504831365,0.9187673938673575,0.9976811408996582
5713,0.0007967124504831365,0.9187923968003939,0.9976785778999329
5714,0.0007967124504831365,0.9187962434054764,0.9976784586906433
5715,0.0007967124504831365,0.9188020133131002,0.9976779818534851
5716,0.0007967124504831365,0.9188116298258064,0.9976772665977478
5717,0.0007967124504831365,0.918815476430889,0.9976745247840881
5718,0.0007967124504831365,0.9188443259690079,0.9976744055747986
5719,0.0007967124504831365,0.9188558657842555,0.9976735711097717
5720,0.0007967124504831365,0.9188577890867967,0.9976730942726135
5721,0.0007974528895635112,0.9188847153223744,0.9976724982261658
5722,0.0007974528895635112,0.9188924085325394,0.9976703524589539
5723,0.0007974528895635112,0.9189058716503282,0.9976673126220703
5724,0.0007974528895635112,0.918911641557952,0.9976669549942017
5725,0.0007974528895635112,0.9189135648604932,0.9976658821105957
5726,0.0007974528895635112,0.9189289512808233,0.9976654052734375
5727,0.0007974528895635112,0.9189347211884471,0.997664213180542
5728,0.0007974528895635112,0.918955877516401,0.9976639747619629
5729,0.0007974528895635112,0.9189616474240248,0.9976623058319092
5730,0.0007974528895635112,0.918963570726566,0.9976611137390137
5731,0.0007981933286438859,0.9190866620892066,0.9976606369018555
5732,0.0007981933286438859,0.9190943552993717,0.9976603984832764
5733,0.0007981933286438859,0.919155900980692,0.9976602792739868
5734,0.0007981933286438859,0.9191770573086459,0.9976600408554077
5735,0.0007981933286438859,0.9191809039137283,0.9976584911346436
5736,0.0007981933286438859,0.9192136000569298,0.9976568222045898
5737,0.0007981933286438859,0.9192347563848836,0.9976558685302734
5738,0.0007981933286438859,0.9192405262925074,0.9976513981819153
5739,0.0007981933286438859,0.9192636059230025,0.9976508021354675
5740,0.0007981933286438859,0.9192905321585801,0.9976499676704407
5741,0.0007981933286438859,0.9192924554611214,0.9976497292518616
5742,0.0007981933286438859,0.9193386147221116,0.9976493716239929
5743,0.0007981933286438859,0.9193443846297354,0.9976460337638855
5744,0.0007981933286438859,0.919363617655148,0.9976450800895691
5745,0.0007989337677242605,0.9194501662695047,0.9976444840431213
5746,0.0007989337677242605,0.9194520895720459,0.9976436495780945
5747,0.0007989337677242605,0.9194578594796697,0.9976423382759094
5748,0.0007996742068046352,0.919511711950825,0.9976420998573303
5749,0.0007996742068046352,0.9196925023897035,0.9976418018341064
5750,0.0007996742068046352,0.9200463900572952,0.9976414442062378
5751,0.0007996742068046352,0.920052159964919,0.9976401329040527
5752,0.0008004146458850098,0.920059853175084,0.9976388216018677
5753,0.0008004146458850098,0.9200829328055791,0.9976382255554199
5754,0.0008004146458850098,0.9200848561081204,0.9976372718811035
5755,0.0008011550849653845,0.9201098590411567,0.9976364374160767
5756,0.0008011550849653845,0.9201117823436981,0.9976363182067871
5757,0.0008011550849653845,0.9201194755538631,0.9976344108581543
5758,0.0008011550849653845,0.9201252454614868,0.9976341724395752
5759,0.0008011550849653845,0.9201271687640281,0.9976334571838379
5760,0.0008011550849653845,0.9201348619741931,0.9976321458816528
5761,0.0008018955240457591,0.920171404722477,0.9976320266723633
5762,0.0008018955240457591,0.9201733280250183,0.9976288676261902
5763,0.0008026359631261338,0.9202214105885498,0.9976277947425842
5764,0.0008026359631261338,0.9202233338910911,0.9976276755332947
5765,0.0008026359631261338,0.9202848795724113,0.9976266026496887
5766,0.0008026359631261338,0.9202964193876589,0.9976239800453186
5767,0.0008026359631261338,0.9203002659927415,0.9976229071617126
5768,0.0008026359631261338,0.9203021892952827,0.9976219534873962
5769,0.0008033764022065085,0.9203021892952827,0.9976212382316589
5770,0.0008033764022065085,0.9203348854384842,0.9976202845573425
5771,0.0008033764022065085,0.9203598883715205,0.9976174235343933
5772,0.0008033764022065085,0.9203637349766031,0.9976160526275635
5773,0.0008033764022065085,0.9203868146070981,0.9976159334182739
5774,0.0008033764022065085,0.9204656700112898,0.9976158142089844
5775,0.0008033764022065085,0.9204733632214548,0.9976154565811157
5776,0.0008033764022065085,0.9206329973323794,0.997614860534668
5777,0.0008033764022065085,0.9206368439374619,0.9976130723953247
5778,0.0008033764022065085,0.9208753334525781,0.997612714767456
5779,0.0008033764022065085,0.9209253393186508,0.9976117610931396
5780,0.0008033764022065085,0.9209311092262746,0.9976096153259277
5781,0.0008033764022065085,0.920956112159311,0.9976067543029785
5782,0.0008033764022065085,0.9209580354618523,0.997606635093689
5783,0.0008033764022065085,0.9209753451847236,0.9976048469543457
5784,0.0008033764022065085,0.9209907316050536,0.9976035952568054
5785,0.0008033764022065085,0.920992654907595,0.9976021647453308
5786,0.0008078190366887564,0.9210176578406313,0.9975993037223816
5787,0.0008078190366887564,0.9210195811431726,0.9975982308387756
5788,0.0008078190366887564,0.9210311209584201,0.9975977540016174
5789,0.0008078190366887564,0.9210388141685851,0.9975963234901428
5790,0.0008078190366887564,0.9210426607736677,0.9975938200950623
5791,0.0008078190366887564,0.9210542005889152,0.9975926280021667
5792,0.0008078190366887564,0.9210561238914565,0.9975922703742981
5793,0.0008078190366887564,0.9210618937990803,0.9975917339324951
5794,0.0008078190366887564,0.9210695870092453,0.9975912570953369
5795,0.0008078190366887564,0.9211022831524467,0.9975900650024414
5796,0.0008078190366887564,0.9211253627829419,0.9975894689559937
5797,0.0008078190366887564,0.9211272860854831,0.9975892305374146
5798,0.0008078190366887564,0.9211426725058132,0.9975887537002563
5799,0.0008078190366887564,0.9211445958083544,0.9975882768630981
5800,0.0008078190366887564,0.9211503657159782,0.9975878000259399
5801,0.0008078190366887564,0.9212446075405,0.9975849390029907
5802,0.0008078190366887564,0.9212503774481238,0.9975831508636475
5803,0.0008078190366887564,0.9212542240532062,0.9975829124450684
5804,0.0008078190366887564,0.9212561473557475,0.997581958770752
5805,0.0008078190366887564,0.92125999396083,0.9975812435150146
5806,0.0008078190366887564,0.921267687170995,0.9975811243057251
5807,0.000808559475769131,0.9213465425751867,0.997580885887146
5808,0.000808559475769131,0.9213503891802692,0.9975802898406982
5809,0.0008092999148495058,0.9213676989031405,0.9975795149803162
5810,0.0008100403539298805,0.9213811620209293,0.9975767731666565
5811,0.0008100403539298805,0.9213850086260119,0.9975753426551819
5812,0.0008100403539298805,0.921415781466672,0.9975747466087341
5813,0.0008100403539298805,0.9214542475174973,0.9975726008415222
5814,0.0008100403539298805,0.9215484893420189,0.997570812702179
5815,0.0008107807930102551,0.9215484893420189,0.9975696206092834
5816,0.0008107807930102551,0.921556182552184,0.997565507888794
5817,0.0008107807930102551,0.9215754155775966,0.9975643157958984
5818,0.0008107807930102551,0.9215773388801378,0.9975641965866089
5819,0.0008107807930102551,0.9215831087877616,0.9975636005401611
5820,0.0008115212320906298,0.9216119583258805,0.9975632429122925
5821,0.0008115212320906298,0.9216177282335043,0.9975618124008179
5822,0.0008115212320906298,0.9216292680487519,0.9975603818893433
5823,0.0008115212320906298,0.9216311913512931,0.9975597858428955
5824,0.0008115212320906298,0.9216504243767057,0.9975579977035522
5825,0.0008115212320906298,0.9217677458317226,0.9975571632385254
5826,0.0008115212320906298,0.9217696691342638,0.9975566864013672
5827,0.0008122616711710044,0.9218158283952541,0.997556209564209
5828,0.0008122616711710044,0.9218196750003366,0.9975537657737732
5829,0.0008167043056532524,0.921844677933373,0.9975535273551941
5830,0.0008167043056532524,0.9218466012359142,0.9975516200065613
5831,0.0008167043056532524,0.9218542944460792,0.9975515007972717
5832,0.0008167043056532524,0.9218658342613268,0.997550904750824
5833,0.0008167043056532524,0.9218696808664093,0.9975505471229553
5834,0.0008167043056532524,0.9218773740765743,0.9975504279136658
5835,0.0008167043056532524,0.9219273799426471,0.997547447681427
5836,0.000817444744733627,0.9222043355085885,0.9975468516349792
5837,0.0008181851838140017,0.9222370316517899,0.9975464940071106
5838,0.0008181851838140017,0.9222504947695788,0.9975454211235046
5839,0.0008181851838140017,0.92226780449245,0.997545063495636
5840,0.0008181851838140017,0.9223928191576319,0.9975441098213196
5841,0.0008181851838140017,0.922400512367797,0.997542142868042
5842,0.0008181851838140017,0.9224139754855858,0.9975415468215942
5843,0.0008181851838140017,0.9224178220906684,0.997541069984436
5844,0.0008181851838140017,0.9224274386033746,0.9975403547286987
5845,0.0008181851838140017,0.9224293619059158,0.9975402355194092
5846,0.0008189256228943763,0.9224293619059158,0.9975401163101196
5847,0.0008189256228943763,0.9224351318135396,0.9975385665893555
5848,0.0008189256228943763,0.9224485949313285,0.9975374937057495
5849,0.0008189256228943763,0.9224543648389523,0.9975372552871704
5850,0.0008189256228943763,0.9224832143770711,0.9975371360778809
5851,0.0008189256228943763,0.9225082173101076,0.9975370168685913
5852,0.0008189256228943763,0.9225101406126488,0.9975357055664062
5853,0.0008189256228943763,0.9225716862939691,0.997534990310669
5854,0.000819666061974751,0.9225736095965104,0.9975342750549316
5855,0.000819666061974751,0.922585149411758,0.997531533241272
5856,0.000819666061974751,0.922592842621923,0.997530996799469
5857,0.000819666061974751,0.9225966892270054,0.9975298047065735
5858,0.000819666061974751,0.9226197688575006,0.9975292086601257
5859,0.000819666061974751,0.9226370785803719,0.9975281357765198
5860,0.0008204065010551256,0.9226370785803719,0.9975269436836243
5861,0.0008204065010551256,0.9226486183956195,0.9975259900093079
5862,0.0008204065010551256,0.922652465000702,0.9975236058235168
5863,0.0008204065010551256,0.9226755446311972,0.9975230097770691
5864,0.0008204065010551256,0.9226793912362796,0.9975228905677795
5865,0.0008204065010551256,0.9226947776566097,0.997521698474884
5866,0.0008204065010551256,0.9227255504972699,0.9975201487541199
5867,0.0008204065010551256,0.9227293971023524,0.9975183010101318
5868,0.0008204065010551256,0.922764016548095,0.9975180625915527
5869,0.0008204065010551256,0.9227659398506364,0.9975169897079468
5870,0.0008204065010551256,0.9227794029684251,0.9975167512893677
5871,0.0008204065010551256,0.9228063292040027,0.9975166320800781
5872,0.0008204065010551256,0.9228082525065441,0.9975159168243408
5873,0.0008204065010551256,0.9228120991116265,0.9975156784057617
5874,0.0008204065010551256,0.9228313321370392,0.9975135326385498
5875,0.0008204065010551256,0.9228390253472042,0.9975125789642334
5876,0.0008204065010551256,0.9228428719522868,0.9975101947784424
5877,0.0008204065010551256,0.922860181675158,0.9975100755691528
5878,0.0008204065010551256,0.9228640282802406,0.9975082874298096
5879,0.0008204065010551256,0.9228697981878643,0.9975067973136902
5880,0.0008204065010551256,0.9228774913980294,0.9975064396858215
5881,0.0008204065010551256,0.9228871079107357,0.9975038170814514
5882,0.0008211469401355004,0.9228890312132769,0.9975034594535828
5883,0.0008211469401355004,0.9229024943310657,0.9975029826164246
5884,0.0008211469401355004,0.9229063409361483,0.9974972605705261
5885,0.0008211469401355004,0.9229217273564784,0.9974964261054993
5886,0.0008211469401355004,0.9229313438691846,0.9974943399429321
5887,0.0008211469401355004,0.9229371137768084,0.9974938631057739
5888,0.0008211469401355004,0.9230255856937064,0.9974937438964844
5889,0.000821887379215875,0.9230255856937064,0.9974931478500366
5890,0.000824108696456999,0.9232621519062814,0.9974924325942993
5891,0.000824108696456999,0.9232659985113638,0.9974919557571411
5892,0.000824108696456999,0.9232736917215288,0.9974899291992188
5893,0.000824108696456999,0.9232852315367764,0.9974892139434814
5894,0.000824108696456999,0.9232929247469415,0.9974883794784546
5895,0.000824108696456999,0.9232948480494827,0.997488260269165
5896,0.000824108696456999,0.9233140810748953,0.9974868297576904
5897,0.000824108696456999,0.9233236975876016,0.9974862337112427
5898,0.000824108696456999,0.9233313907977667,0.9974830746650696
5899,0.000824108696456999,0.9233352374028492,0.9974794983863831
5900,0.000824108696456999,0.9233429306130142,0.9974778294563293
5901,0.000824108696456999,0.9234044762943345,0.9974765181541443
5902,0.000824108696456999,0.9234063995968758,0.9974756836891174
5903,0.000824108696456999,0.9238506824839068,0.9974753260612488
5904,0.0008248491355373736,0.9239064582576033,0.9974752068519592
5905,0.0008248491355373736,0.9239083815601445,0.9974742531776428
5906,0.0008248491355373736,0.9241699507057559,0.9974730610847473
5907,0.0008248491355373736,0.9241718740082971,0.9974728226661682
5908,0.0008255895746177483,0.9241718740082971,0.9974709749221802
5909,0.0008255895746177483,0.9241814905210034,0.9974695444107056
5910,0.0008263300136981229,0.9241968769413335,0.9974663257598877
5911,0.0008263300136981229,0.9242141866642049,0.9974632263183594
5912,0.0008263300136981229,0.9242391895972412,0.9974631071090698
5913,0.0008263300136981229,0.9242488061099475,0.9974589943885803
5914,0.0008263300136981229,0.924452676179321,0.9974588751792908
5915,0.0008263300136981229,0.9246488530385295,0.9974579215049744
5916,0.0008263300136981229,0.9246507763410707,0.9974547028541565
5917,0.0008263300136981229,0.9246642394588596,0.9974529147148132
5918,0.0008263300136981229,0.9246930889969784,0.9974520802497864
5919,0.0008263300136981229,0.9247065521147673,0.9974518418312073
5920,0.0008263300136981229,0.9247142453249323,0.9974504113197327
5921,0.0008263300136981229,0.9247450181655925,0.9974499344825745
5922,0.0008263300136981229,0.9247661744935464,0.9974498152732849
5923,0.0008263300136981229,0.9247680977960876,0.9974495768547058
5924,0.0008263300136981229,0.9248065638469128,0.9974466562271118
5925,0.0008263300136981229,0.9248104104519953,0.9974457025527954
5926,0.0008263300136981229,0.9248142570570779,0.9974430799484253
5927,0.0008263300136981229,0.9248315667799492,0.9974426031112671
5928,0.0008263300136981229,0.9248334900824905,0.9974418878555298
5929,0.0008270704527784977,0.9248546464104443,0.997441291809082
5930,0.0008270704527784977,0.9248584930155268,0.9974409341812134
5931,0.0008270704527784977,0.9248642629231506,0.9974408149719238
5932,0.0008270704527784977,0.9248661862256918,0.9974406957626343
5933,0.0008270704527784977,0.9249065755790583,0.9974402189254761
5934,0.0008270704527784977,0.924933501814636,0.997439980506897
5935,0.0008270704527784977,0.9249700445629199,0.9974384307861328
5936,0.0008270704527784977,0.9249950474959563,0.9974363446235657
5937,0.0008270704527784977,0.9249969707984975,0.9974351525306702
5938,0.0008270704527784977,0.9250046640086625,0.9974350333213806
5939,0.0008278108918588723,0.9250181271264514,0.9974345564842224
5940,0.0008278108918588723,0.925029666941699,0.9974305033683777
5941,0.0008278108918588723,0.9250335135467814,0.9974299073219299
5942,0.0008278108918588723,0.9250431300594878,0.9974284768104553
5943,0.0008278108918588723,0.9251142922535144,0.9974260926246643
5944,0.0008278108918588723,0.9251219854636794,0.9974253177642822
5945,0.0008278108918588723,0.9251989175653298,0.9974249601364136
5946,0.0008278108918588723,0.9252335370110725,0.9974237680435181
5947,0.0008278108918588723,0.9252354603136137,0.9974212646484375
5948,0.0008278108918588723,0.92524507682632,0.9974192380905151
5949,0.0008278108918588723,0.9252489234314025,0.9974186420440674
5950,0.0008278108918588723,0.9252508467339438,0.9974184036254883
5951,0.0008278108918588723,0.9252566166415676,0.9974161386489868
5952,0.0008292917700196216,0.9253123924152641,0.99741530418396
5953,0.0008292917700196216,0.9253874012143732,0.9974133372306824
5954,0.0008292917700196216,0.9253893245169145,0.9974119067192078
5955,0.0008292917700196216,0.9253950944245383,0.9974094033241272
5956,0.0008300322090999963,0.9254200973575747,0.9974083304405212
5957,0.0008300322090999963,0.9254239439626571,0.997407853603363
5958,0.0008300322090999963,0.9254777964338124,0.9974072575569153
5959,0.0008300322090999963,0.9255797314684991,0.9974070191383362
5960,0.0008300322090999963,0.9255951178888293,0.9974061846733093
5961,0.0008300322090999963,0.9256835898057272,0.997405469417572
5962,0.0008300322090999963,0.9256855131082685,0.9974048733711243
5963,0.0008300322090999963,0.9256932063184335,0.9974033236503601
5964,0.0008300322090999963,0.9257489820921301,0.9974029660224915
5965,0.0008300322090999963,0.9257643685124601,0.9974015951156616
5966,0.0008300322090999963,0.9257701384200839,0.9974007606506348
5967,0.0008300322090999963,0.9257739850251664,0.9973993301391602
5968,0.0008300322090999963,0.9258316841014042,0.9973975419998169
5969,0.0008300322090999963,0.925881689967477,0.9973963499069214
5970,0.0008300322090999963,0.9258836132700182,0.9973950386047363
5971,0.0008300322090999963,0.9258951530852658,0.9973945617675781
5972,0.0008307726481803709,0.9259143861106783,0.9973927736282349
5973,0.0008315130872607456,0.9259316958335497,0.9973918199539185
5974,0.0008315130872607456,0.9259643919767511,0.9973903298377991
5975,0.0008322535263411202,0.9260336308682364,0.9973892569541931
5976,0.0008322535263411202,0.9260413240784015,0.9973878264427185
5977,0.0008322535263411202,0.9260509405911078,0.9973875880241394
5978,0.0008322535263411202,0.9260547871961903,0.9973873496055603
5979,0.0008322535263411202,0.9260874833393917,0.9973869919776917
5980,0.0008322535263411202,0.926097099852098,0.9973787069320679
5981,0.0008322535263411202,0.9261471057181708,0.9973785877227783
5982,0.000832993965421495,0.9261490290207121,0.997377872467041
5983,0.000832993965421495,0.9261528756257945,0.9973758459091187
5984,0.000832993965421495,0.9261682620461247,0.9973757266998291
5985,0.000832993965421495,0.9261701853486659,0.997374415397644
5986,0.000832993965421495,0.9262298077274449,0.9973734617233276
5987,0.0008337344045018696,0.9262413475426925,0.9973725080490112
5988,0.0008337344045018696,0.926289430106224,0.9973723888397217
5989,0.0008337344045018696,0.9262932767113066,0.9973716735839844
5990,0.0008337344045018696,0.9263028932240128,0.9973709583282471
5991,0.0008337344045018696,0.9263144330392604,0.9973698854446411
5992,0.0008337344045018696,0.9264548341247724,0.9973697662353516
5993,0.0008337344045018696,0.9265375361340465,0.9973688125610352
5994,0.0008337344045018696,0.9265875420001193,0.9973681569099426
5995,0.0008337344045018696,0.9265894653026605,0.9973633885383606
5996,0.0008337344045018696,0.9266067750255318,0.9973625540733337
5997,0.0008337344045018696,0.9266086983280731,0.9973611235618591
5998,0.0008337344045018696,0.9266240847484032,0.997359573841095
5999,0.0008337344045018696,0.9266510109839808,0.9973587393760681
6000,0.0008337344045018696,0.9266587041941459,0.9973573088645935
6001,0.0008344748435822443,0.9266587041941459,0.9973561763763428
6002,0.0008344748435822443,0.9266856304297235,0.9973560571670532
6003,0.0008344748435822443,0.9266990935475123,0.9973541498184204
6004,0.0008344748435822443,0.9267010168500536,0.9973535537719727
6005,0.0008344748435822443,0.9267375595983375,0.9973529577255249
6006,0.0008352152826626189,0.9267664091364564,0.9973528385162354
6007,0.0008352152826626189,0.9270010520464901,0.9973517656326294
6008,0.0008359557217429936,0.9270010520464901,0.9973491430282593
6009,0.0008359557217429936,0.9270241316769852,0.9973490238189697
6010,0.0008359557217429936,0.9270433647023978,0.9973477125167847
6011,0.0008366961608233682,0.9270433647023978,0.9973472356796265
6012,0.0008396579171448669,0.9270779841481405,0.9973458647727966
6013,0.0008396579171448669,0.9270799074506817,0.997345507144928
6014,0.0008396579171448669,0.9271049103837181,0.9973445534706116
6015,0.0008396579171448669,0.9271068336862593,0.9973443150520325
6016,0.0008403983562252416,0.9271876123929923,0.9973441958427429
6017,0.0008403983562252416,0.927193382300616,0.9973440766334534
6018,0.0008403983562252416,0.9272049221158636,0.997343122959137
6019,0.0008403983562252416,0.9272472347717713,0.9973427653312683
6020,0.0008403983562252416,0.9272491580743125,0.9973416924476624
6021,0.0008403983562252416,0.9272530046793951,0.9973414540290833
6022,0.0008403983562252416,0.9272587745870189,0.9973403811454773
6023,0.0008403983562252416,0.9272606978895601,0.9973390698432922
6024,0.0008403983562252416,0.9272645444946427,0.9973389506340027
6025,0.0008403983562252416,0.9272760843098902,0.9973383545875549
6026,0.0008403983562252416,0.9272837775200552,0.9973377585411072
6027,0.0008403983562252416,0.9273645562267882,0.9973353743553162
6028,0.0008403983562252416,0.9273799426471182,0.9973350167274475
6029,0.0008403983562252416,0.9273837892522008,0.997331976890564
6030,0.0008403983562252416,0.9273876358572832,0.9973297119140625
6031,0.0008403983562252416,0.9273895591598246,0.9973284006118774
6032,0.0008411387953056162,0.9274838009843462,0.9973275661468506
6033,0.0008418792343859909,0.9275241903377127,0.9973273277282715
6034,0.0008418792343859909,0.927526113640254,0.9973269701004028
6035,0.0008418792343859909,0.9275934292291981,0.9973258972167969
6036,0.0008418792343859909,0.9276088156495281,0.9973256587982178
6037,0.0008418792343859909,0.9276318952800232,0.9973248243331909
6038,0.0008418792343859909,0.9276338185825644,0.9973244667053223
6039,0.0008418792343859909,0.9276415117927296,0.9973243474960327
6040,0.0008418792343859909,0.92771844389438,0.9973224997520447
6041,0.0008418792343859909,0.9277396002223338,0.997322142124176
6042,0.0008418792343859909,0.927741523524875,0.9973217844963074
6043,0.0008426196734663655,0.927741523524875,0.9973205924034119
6044,0.0008426196734663655,0.9277626798528289,0.997319757938385
6045,0.0008426196734663655,0.9277646031553701,0.9973194003105164
6046,0.0008470623079486135,0.9277819128782415,0.9973189234733582
6047,0.0008470623079486135,0.9277953759960303,0.9973141551017761
6048,0.0008470623079486135,0.9277972992985716,0.9973135590553284
6049,0.0008470623079486135,0.9278030692061954,0.9973114728927612
6050,0.0008470623079486135,0.9282204258576486,0.9973092079162598
6051,0.0008470623079486135,0.9282608152110151,0.9973089694976807
6052,0.0008470623079486135,0.9282781249338865,0.997307300567627
6053,0.0008470623079486135,0.9282800482364277,0.9973042011260986
6054,0.0008470623079486135,0.9283973696914446,0.9973040819168091
6055,0.0008470623079486135,0.9284031395990684,0.9973036050796509
6056,0.0008470623079486135,0.9284281425321047,0.9973030090332031
6057,0.0008470623079486135,0.9287070214005874,0.9973022937774658
6058,0.0008470623079486135,0.928718561215835,0.9973016977310181
6059,0.0008478027470289882,0.928822419553063,0.9973003268241882
6060,0.0008478027470289882,0.9288474224860993,0.9972993731498718
6061,0.0008478027470289882,0.9288493457886406,0.9972990155220032
6062,0.0008478027470289882,0.9289031982597958,0.9972981810569763
6063,0.0008478027470289882,0.9289205079826672,0.9972972273826599
6064,0.0008478027470289882,0.9289570507309511,0.9972963929176331
6065,0.0008478027470289882,0.9289608973360336,0.997291624546051
6066,0.0008478027470289882,0.9289647439411162,0.9972888231277466
6067,0.0008485431861093628,0.9290339828326015,0.997288703918457
6068,0.0008485431861093628,0.9290628323707204,0.9972884654998779
6069,0.0008485431861093628,0.9290782187910505,0.9972867965698242
6070,0.0008485431861093628,0.9291301479596645,0.9972866773605347
6071,0.0008485431861093628,0.9291320712622058,0.9972865581512451
6072,0.0008485431861093628,0.929141687774912,0.997285008430481
6073,0.0008485431861093628,0.9295494279136591,0.9972838163375854
6074,0.0008485431861093628,0.929562891031448,0.9972831010818481
6075,0.0008485431861093628,0.9295667376365304,0.997282862663269
6076,0.0008485431861093628,0.9295725075441542,0.997280478477478
6077,0.0008492836251897375,0.9296705959737585,0.9972795844078064
6078,0.0008492836251897375,0.929674442578841,0.9972789883613586
6079,0.0008500240642701121,0.929674442578841,0.99727863073349
6080,0.0008500240642701121,0.9296802124864647,0.9972785115242004
6081,0.0008500240642701121,0.9296879056966298,0.9972769618034363
6082,0.0008507645033504869,0.9303995276368958,0.9972764849662781
6083,0.0008507645033504869,0.930414914057226,0.9972760081291199
6084,0.0008507645033504869,0.9307899580527715,0.9972748160362244
6085,0.0008507645033504869,0.9308111143807254,0.9972746968269348
6086,0.0008507645033504869,0.930814960985808,0.9972730278968811
6087,0.0008507645033504869,0.9308495804315506,0.9972696900367737
6088,0.0008507645033504869,0.9308553503391744,0.9972688555717468
6089,0.0008507645033504869,0.9308957396925408,0.9972681999206543
6090,0.0008544666987523601,0.930934205743366,0.9972677230834961
6091,0.0008544666987523601,0.9309399756509898,0.9972641468048096
6092,0.0008544666987523601,0.9309630552814849,0.99726402759552
6093,0.0008544666987523601,0.9309822883068976,0.9972625970840454
6094,0.0008544666987523601,0.93098613491198,0.9972608089447021
6095,0.0008544666987523601,0.9309880582145214,0.997260332107544
6096,0.0008552071378327348,0.9309957514246864,0.9972594976425171
6097,0.0008559475769131094,0.9320208716791778,0.9972577691078186
6098,0.0008559475769131094,0.9320247182842603,0.9972572922706604
6099,0.0008559475769131094,0.9320285648893428,0.9972568154335022
6100,0.0008559475769131094,0.9320343347969665,0.9972566962242126
6101,0.0008559475769131094,0.9324324584230073,0.9972561001777649
6102,0.0008559475769131094,0.9324497681458787,0.9972559809684753
6103,0.0008559475769131094,0.9324632312636675,0.9972555041313171
6104,0.0008559475769131094,0.9324824642890801,0.9972551465034485
6105,0.0008559475769131094,0.932503620617034,0.9972540736198425
6106,0.0008559475769131094,0.9325093905246578,0.9972526431083679
6107,0.0008559475769131094,0.932511313827199,0.9972522854804993
6108,0.0008566880159934842,0.9327478800397739,0.9972520470619202
6109,0.0008566880159934842,0.932755573249939,0.9972514510154724
6110,0.0008566880159934842,0.9327574965524802,0.9972509741783142
6111,0.0008566880159934842,0.9327748062753516,0.997250497341156
6112,0.0008566880159934842,0.9327767295778928,0.9972483515739441
6113,0.0008566880159934842,0.9328190422338005,0.997248113155365
6114,0.0008566880159934842,0.9328209655363418,0.9972473978996277
6115,0.0008566880159934842,0.9328267354439655,0.9972463846206665
6116,0.0008566880159934842,0.932830582049048,0.9972456693649292
6117,0.0008566880159934842,0.9328382752592131,0.9972443580627441
6118,0.0008566880159934842,0.9328498150744606,0.9972442388534546
6119,0.0008566880159934842,0.932851738377002,0.9972416162490845
6120,0.000872237236681352,0.9347019554216937,0.9972398281097412
6121,0.000872237236681352,0.9347058020267762,0.9972395896911621
6122,0.000872237236681352,0.9347346515648951,0.997235119342804
6123,0.000872237236681352,0.9347654244055552,0.9972347617149353
6124,0.000872237236681352,0.9350635362994505,0.9972330927848816
6125,0.000872237236681352,0.9350673829045331,0.997231662273407
6126,0.000872237236681352,0.9350846926274043,0.9972314238548279
6127,0.000872237236681352,0.9350866159299456,0.9972299933433533
6128,0.0008737181148421013,0.9351077722578995,0.997229278087616
6129,0.0008737181148421013,0.9351346984934771,0.9972277283668518
6130,0.0008737181148421013,0.9351366217960184,0.9972267746925354
6131,0.0008737181148421013,0.9351673946366785,0.9972255229949951
6132,0.0008744585539224761,0.9352174005027513,0.997225284576416
6133,0.0008759394320832254,0.9354501201102438,0.9972246885299683
6134,0.0008759394320832254,0.935452043412785,0.9972236156463623
6135,0.0008766798711636,0.9354962793712339,0.9972221851348877
6136,0.0008959312872533412,0.9383870030907472,0.9972208738327026
6137,0.0008959312872533412,0.9384120060237836,0.9972200393676758
6138,0.0008959312872533412,0.9384139293263248,0.9972182512283325
6139,0.0008959312872533412,0.9384216225364899,0.9972175359725952
6140,0.0008959312872533412,0.9384235458390311,0.9972150325775146
6141,0.0008974121654140905,0.9384312390491961,0.9972123503684998
6142,0.0008974121654140905,0.9384408555619025,0.9972115159034729
6143,0.0008981526044944653,0.9384793216127276,0.9972110390663147
6144,0.0008981526044944653,0.9384812449152689,0.9972068667411804
6145,0.0008981526044944653,0.9384870148228927,0.9972067475318909
6146,0.0008981526044944653,0.9385024012432228,0.9972063899040222
6147,0.0008981526044944653,0.9385254808737179,0.9972061514854431
6148,0.0008981526044944653,0.938540867294048,0.9972057938575745
6149,0.0008996334826552146,0.9386889615897249,0.9972055554389954
6150,0.0009011143608159639,0.9387370441532564,0.9972049593925476
6151,0.0009011143608159639,0.9387524305735865,0.9972033500671387
6152,0.0009018547998963385,0.938800513137118,0.9972028732299805
6153,0.0009018547998963385,0.9389101413819698,0.9972018003463745
6154,0.0009018547998963385,0.938912064684511,0.9971988201141357
6155,0.0009018547998963385,0.9390582356776468,0.9971976280212402
6156,0.0009018547998963385,0.9390851619132244,0.997197151184082
6157,0.0009018547998963385,0.9391717105275811,0.9971959590911865
6158,0.0009018547998963385,0.9391755571326637,0.9971957206726074
6159,0.0009018547998963385,0.9391909435529937,0.9971942901611328
6160,0.0009018547998963385,0.9391928668555349,0.9971941709518433
6161,0.0009048165562178372,0.939652536162896,0.9971926808357239
6162,0.0009048165562178372,0.9396544594654372,0.9971919655799866
6163,0.0009055569952982119,0.9396775390959324,0.9971907734870911
6164,0.0009055569952982119,0.9396929255162625,0.9971898198127747
6165,0.0009055569952982119,0.9396967721213451,0.9971883893013
6166,0.0009070378734589612,0.9397140818442163,0.9971869587898254
6167,0.0009070378734589612,0.9397256216594639,0.9971863627433777
6168,0.0009070378734589612,0.9397467779874178,0.9971857666969299
6169,0.0009070378734589612,0.939748701289959,0.9971837401390076
6170,0.0009107400688608345,0.9400756627219732,0.997183620929718
6171,0.0009107400688608345,0.9401122054702571,0.9971814155578613
6172,0.0009107400688608345,0.9401333617982109,0.9971811771392822
6173,0.0009107400688608345,0.9401352851007522,0.9971808195114136
6174,0.0009114805079412092,0.940333385262502,0.9971796274185181
6175,0.0009114805079412092,0.9403353085650432,0.9971787929534912
6176,0.0009129613861019585,0.9403622348006209,0.997178316116333
6177,0.0009129613861019585,0.9403872377336572,0.9971778392791748
6178,0.0009129613861019585,0.9404564766251425,0.9971777200698853
6179,0.0009129613861019585,0.9404583999276839,0.9971773624420166
6180,0.0009137018251823331,0.9405257155166279,0.9971771240234375
6181,0.0009137018251823331,0.9405507184496643,0.997177004814148
6182,0.0009137018251823331,0.9406314971563972,0.9971767663955688
6183,0.0009137018251823331,0.9406507301818098,0.9971755743026733
6184,0.0009144422642627078,0.9406565000894336,0.9971749782562256
6185,0.0009144422642627078,0.9406661166021398,0.9971740245819092
6186,0.0009188848987449558,0.9410719334383456,0.9971734285354614
6187,0.0009188848987449558,0.9411007829764646,0.9971722960472107
6188,0.0009188848987449558,0.9411161693967947,0.997169554233551
6189,0.0009188848987449558,0.9411200160018771,0.9971681237220764
6190,0.0009188848987449558,0.9411219393044185,0.9971672892570496
6191,0.0009188848987449558,0.9411334791196659,0.9971669316291809
6192,0.0009188848987449558,0.9411373257247485,0.9971664547920227
6193,0.0009188848987449558,0.9411430956323723,0.9971651434898376
6194,0.0009188848987449558,0.9412007947086101,0.9971646666526794
6195,0.0009225870941468291,0.941645077595641,0.9971641898155212
6196,0.000931472363111325,0.9417450893277866,0.9971621036529541
6197,0.000931472363111325,0.9418066350091069,0.9971619844436646
6198,0.000931472363111325,0.9418162515218131,0.9971588850021362
6199,0.0009322128021916996,0.9419008768336286,0.9971576929092407
6200,0.0009322128021916996,0.9419028001361698,0.9971544742584229
6201,0.0009329532412720743,0.9419028001361698,0.9971542358398438
6202,0.0009329532412720743,0.9419104933463348,0.9971530437469482
6203,0.0009329532412720743,0.9419143399514174,0.997150719165802
6204,0.0009329532412720743,0.9419278030692062,0.9971503615379333
6205,0.0009329532412720743,0.9419912720530678,0.9971500039100647
6206,0.0009329532412720743,0.941993195355609,0.9971488118171692
6207,0.0009329532412720743,0.942029738103893,0.9971485733985901
6208,0.0009329532412720743,0.9420682041547181,0.9971476197242737
6209,0.0009329532412720743,0.9420855138775894,0.9971469044685364
6210,0.0009329532412720743,0.942089360482672,0.9971464276313782
6211,0.0009329532412720743,0.9420932070877546,0.997143566608429
6212,0.0009329532412720743,0.9420989769953783,0.9971428513526917
6213,0.0009329532412720743,0.9421009002979196,0.9971416592597961
6214,0.0009329532412720743,0.942104746903002,0.9971405267715454
6215,0.0009329532412720743,0.9421162867182497,0.9971404075622559
6216,0.0009329532412720743,0.9421239799284147,0.9971389770507812
6217,0.0009329532412720743,0.9421316731385797,0.9971387386322021
6218,0.0009329532412720743,0.942141289651286,0.997138261795044
6219,0.0009329532412720743,0.9421470595589098,0.9971364736557007
6220,0.000933693680352449,0.9422028353326063,0.9971355199813843
6221,0.0009344341194328237,0.9422028353326063,0.9971351623535156
6222,0.0009344341194328237,0.942281690736798,0.9971304535865784
6223,0.000935914997593573,0.9423547762333658,0.9971302151679993
6224,0.000935914997593573,0.9423701626536959,0.9971287846565247
6225,0.000935914997593573,0.9424028587968973,0.9971285462379456
6226,0.000935914997593573,0.9424163219146862,0.997128427028656
6227,0.000935914997593573,0.94242209182231,0.997124969959259
6228,0.000935914997593573,0.94243747824264,0.9971207976341248
6229,0.000935914997593573,0.9424394015451812,0.9971195459365845
6230,0.000935914997593573,0.9424547879655113,0.9971182346343994
6231,0.000935914997593573,0.9424605578731351,0.9971163272857666
6232,0.0009366554366739476,0.942577879328152,0.9971157312393188
6233,0.0009373958757543223,0.942577879328152,0.9971152544021606
6234,0.0009373958757543223,0.9425817259332345,0.997113823890686
6235,0.0009373958757543223,0.9425951890510232,0.9971133470535278
6236,0.0009373958757543223,0.9426144220764359,0.997112512588501
6237,0.0009373958757543223,0.9426875075730038,0.9971110820770264
6238,0.0009373958757543223,0.942689430875545,0.9971107244491577
6239,0.0009373958757543223,0.9428125222381857,0.9971104860305786
6240,0.0009373958757543223,0.9428182921458094,0.9971063733100891
6241,0.000938136314834697,0.9428509882890108,0.9971045851707458
6242,0.0009396171929954464,0.9430029291897704,0.9971024394035339
6243,0.0009396171929954464,0.9430125457024766,0.9971011281013489
6244,0.0009396171929954464,0.9430163923075592,0.9970974922180176
6245,0.0009396171929954464,0.9430279321228067,0.997096061706543
6246,0.0009396171929954464,0.9430413952405955,0.9970954656600952
6247,0.0009396171929954464,0.9430529350558431,0.9970948696136475
6248,0.0009396171929954464,0.9430798612914207,0.9970937967300415
6249,0.0009396171929954464,0.9431087108295396,0.9970929622650146
6250,0.0009396171929954464,0.9431240972498697,0.9970920085906982
6251,0.0009396171929954464,0.9432779614531704,0.9970918893814087
6252,0.0009396171929954464,0.9432875779658768,0.9970916509628296
6253,0.0009396171929954464,0.9433029643862069,0.9970905780792236
6254,0.0009396171929954464,0.9433048876887481,0.9970901012420654
6255,0.000940357632075821,0.9433087342938307,0.9970888495445251
6256,0.000940357632075821,0.9433106575963719,0.9970864653587341
6257,0.000940357632075821,0.9433241207141607,0.9970855116844177
6258,0.0009410980711561956,0.943326044016702,0.99708491563797
6259,0.0009410980711561956,0.9433356605294082,0.9970847964286804
6260,0.0009410980711561956,0.9433375838319495,0.9970845580101013
6261,0.0009410980711561956,0.943341430437032,0.9970827698707581
6262,0.0009418385102365703,0.9435472238089468,0.9970826506614685
6263,0.0009418385102365703,0.9436049228851846,0.9970812201499939
6264,0.0009418385102365703,0.9436606986588811,0.9970809817314148
6265,0.0009418385102365703,0.9436645452639637,0.9970777034759521
6266,0.0009418385102365703,0.9436837782893762,0.9970757961273193
6267,0.0009418385102365703,0.9437376307605315,0.997075080871582
6268,0.0009418385102365703,0.9437395540630727,0.9970746040344238
6269,0.0009418385102365703,0.9437434006681553,0.9970741271972656
6270,0.0009418385102365703,0.9437453239706965,0.9970738887786865
6271,0.0009418385102365703,0.9437530171808616,0.9970736503601074
6272,0.0009418385102365703,0.9437549404834029,0.9970725774765015
6273,0.000942578949316945,0.9438876483587498,0.9970719814300537
6274,0.000942578949316945,0.9438991881739973,0.9970718622207642
6275,0.000942578949316945,0.943926114409575,0.9970716238021851
6276,0.000942578949316945,0.94394919404007,0.9970709085464478
6277,0.000942578949316945,0.9439703503680239,0.9970698356628418
6278,0.000942578949316945,0.9439780435781889,0.9970688223838806
6279,0.000942578949316945,0.9439972766036016,0.9970681071281433
6280,0.000942578949316945,0.9440068931163079,0.9970661997795105
6281,0.000942578949316945,0.9440261261417204,0.9970653653144836
6282,0.000942578949316945,0.9440280494442618,0.9970627427101135
6283,0.000942578949316945,0.9440318960493442,0.9970625042915344
6284,0.0009433193883973196,0.9440665154950869,0.9970609545707703
6285,0.0009433193883973196,0.9440684387976281,0.9970593452453613
6286,0.0009433193883973196,0.9440780553103345,0.9970587491989136
6287,0.0009440598274776942,0.9441530641094437,0.9970563650131226
6288,0.0009440598274776942,0.9441549874119849,0.9970557689666748
6289,0.0009440598274776942,0.9441953767653514,0.9970550537109375
6290,0.0009440598274776942,0.9442011466729751,0.9970535039901733
6291,0.0009440598274776942,0.9442280729085527,0.9970518350601196
6292,0.0009440598274776942,0.944229996211094,0.9970512390136719
6293,0.0009440598274776942,0.9442761554720842,0.9970496892929077
6294,0.0009440598274776942,0.9446704324930425,0.9970479607582092
6295,0.0009440598274776942,0.944726208266739,0.9970467686653137
6296,0.0009440598274776942,0.9447646743175642,0.9970465302467346
6297,0.0009448002665580689,0.9447665976201054,0.9970458149909973
6298,0.0009448002665580689,0.9447685209226467,0.9970449805259705
6299,0.0009448002665580689,0.9448454530242971,0.9970446228981018
6300,0.0009448002665580689,0.9448973821929111,0.9970434308052063
6301,0.0009448002665580689,0.9449050754030761,0.9970433115959167
6302,0.0009448002665580689,0.9449377715462776,0.9970430731773376
6303,0.0009448002665580689,0.94494161815136,0.9970420002937317
6304,0.0009448002665580689,0.9449454647564426,0.9970414042472839
6305,0.0009448002665580689,0.9449646977818552,0.9970411658287048
6306,0.0009448002665580689,0.9449993172275979,0.9970398545265198
6307,0.0009448002665580689,0.9450166269504692,0.9970397353172302
6308,0.0009448002665580689,0.9450627862114594,0.9970371723175049
6309,0.0009448002665580689,0.9450858658419545,0.9970362186431885
6310,0.0009455407056384436,0.9450935590521196,0.9970349073410034
6311,0.0009455407056384436,0.9450954823546608,0.9970276951789856
6312,0.0009455407056384436,0.9451358717080273,0.997026264667511
6313,0.0009455407056384436,0.9451435649181923,0.9970249533653259
6314,0.0009455407056384436,0.9451474115232749,0.9970243573188782
6315,0.0009455407056384436,0.9451493348258161,0.9970239996910095
6316,0.0009455407056384436,0.9451916474817238,0.99702388048172
6317,0.0009455407056384436,0.945230113532549,0.9970231652259827
6318,0.0009455407056384436,0.9452339601376315,0.9970224499702454
6319,0.0009455407056384436,0.9452358834401728,0.9970223307609558
6320,0.0009455407056384436,0.9452608863732092,0.9970217347145081
6321,0.0009455407056384436,0.9452878126087868,0.9970216155052185
6322,0.0009455407056384436,0.945289735911328,0.9970201849937439
6323,0.0009455407056384436,0.9453051223316581,0.9970195889472961
6324,0.0009455407056384436,0.9453147388443645,0.9970186948776245
6325,0.0009455407056384436,0.945378207828226,0.9970180988311768
6326,0.0009455407056384436,0.9453801311307672,0.9970170259475708
6327,0.0009455407056384436,0.9454070573663449,0.9970167875289917
6328,0.0009455407056384436,0.9454166738790512,0.9970157146453857
6329,0.0009455407056384436,0.94543013699684,0.9970144033432007
6330,0.0009455407056384436,0.9454320602993813,0.9970139265060425
6331,0.0009566472918440635,0.9463667853344334,0.9970129728317261
6332,0.0009566472918440635,0.9463840950573048,0.9970111846923828
6333,0.0009566472918440635,0.9463898649649286,0.9970107078552246
6334,0.0009566472918440635,0.9463994814776349,0.9970101118087769
6335,0.0009566472918440635,0.9464379475284601,0.9970090985298157
6336,0.0009566472918440635,0.9464494873437076,0.9970082640647888
6337,0.0009566472918440635,0.9464629504614964,0.9970080256462097
6338,0.0009566472918440635,0.9465148796301105,0.9970069527626038
6339,0.0009566472918440635,0.946518726235193,0.997006356716156
6340,0.0009573877309244382,0.9465225728402755,0.9970061182975769
6341,0.0009573877309244382,0.946526419445358,0.9970036149024963
6342,0.0009573877309244382,0.9465995049419259,0.9970033764839172
6343,0.0009573877309244382,0.9466014282444671,0.9970013499259949
6344,0.0009573877309244382,0.9466052748495497,0.9970000386238098
6345,0.0009573877309244382,0.9466475875054574,0.9969965219497681
6346,0.0009573877309244382,0.9466495108079986,0.996995210647583
6347,0.0009588686090851875,0.9469130032561512,0.9969949722290039
6348,0.0009588686090851875,0.9469168498612337,0.9969948530197144
6349,0.0009588686090851875,0.9469187731637749,0.9969934225082397
6350,0.0009588686090851875,0.9469341595841051,0.996992826461792
6351,0.0009588686090851875,0.9469360828866463,0.9969927072525024
6352,0.0009588686090851875,0.9469591625171414,0.9969925880432129
6353,0.0009633112435674355,0.9473649793533472,0.9969924688339233
6354,0.0009633112435674355,0.9473822890762186,0.9969922304153442
6355,0.0009633112435674355,0.9473842123787598,0.9969919919967651
6356,0.0009633112435674355,0.9474034454041724,0.9969918727874756
6357,0.0009640516826478102,0.94741498521942,0.9969911575317383
6358,0.0009640516826478102,0.9474265250346675,0.9969903230667114
6359,0.0009640516826478102,0.9474342182448325,0.9969896078109741
6360,0.0009640516826478102,0.9474380648499151,0.9969890713691711
6361,0.0009640516826478102,0.947459221177869,0.996988832950592
6362,0.0009647921217281848,0.9475496163973082,0.9969876408576965
6363,0.0009647921217281848,0.9475515396998494,0.9969871640205383
6364,0.0009647921217281848,0.9476592446421599,0.9969863295555115
6365,0.0009655325608085595,0.9479938992843391,0.9969856142997742
6366,0.0009655325608085595,0.9480227488224581,0.9969854950904846
6367,0.0009655325608085595,0.9480285187300818,0.9969838261604309
6368,0.0009677538780496834,0.9481516100927224,0.9969802498817444
6369,0.0009677538780496834,0.9481573800003462,0.9969782829284668
6370,0.0009677538780496834,0.948170843118135,0.9969780445098877
6371,0.0009677538780496834,0.9481785363283001,0.9969773292541504
6372,0.0009677538780496834,0.9482381587070791,0.9969758987426758
6373,0.0009677538780496834,0.9482400820096204,0.9969757795333862
6374,0.0009677538780496834,0.9482881645731519,0.9969755411148071
6375,0.0009677538780496834,0.9482958577833169,0.9969745874404907
6376,0.0009677538780496834,0.9482977810858582,0.9969736337661743
6377,0.0009677538780496834,0.948318937413812,0.9969730377197266
6378,0.0009677538780496834,0.9483208607163532,0.9969695210456848
6379,0.0009684943171300581,0.9483670199773435,0.9969689249992371
6380,0.0009684943171300581,0.9483689432798847,0.9969683289527893
6381,0.0009692347562104328,0.9483900996078386,0.9969682097434998
6382,0.0009692347562104328,0.9484016394230862,0.9969680905342102
6383,0.0009692347562104328,0.9484035627256274,0.9969677329063416
6384,0.0009692347562104328,0.9485054977603142,0.9969670176506042
6385,0.0009692347562104328,0.9485074210628555,0.9969655871391296
6386,0.0009692347562104328,0.9489247777143088,0.9969649910926819
6387,0.0009692347562104328,0.9489555505549689,0.9969621300697327
6388,0.0009692347562104328,0.9489574738575102,0.9969611763954163
6389,0.0009692347562104328,0.9489882466981704,0.9969593286514282
6390,0.0009692347562104328,0.9490055564210417,0.9969573020935059
6391,0.0009692347562104328,0.9490401758667844,0.9969557523727417
6392,0.0009692347562104328,0.9490805652201508,0.9969547986984253
6393,0.0009707156343711821,0.9490805652201508,0.9969521760940552
6394,0.0009707156343711821,0.9490844118252334,0.9969485402107239
6395,0.0009707156343711821,0.9490959516404809,0.996946394443512
6396,0.0009707156343711821,0.9491421109014712,0.9969459176063538
6397,0.0009707156343711821,0.9491459575065536,0.9969423413276672
6398,0.0009707156343711821,0.949147880809095,0.9969407916069031
6399,0.0009707156343711821,0.94915557401926,0.9969385862350464
6400,0.0009707156343711821,0.9491786536497551,0.9969384670257568
6401,0.000977379586094554,0.9495094616868517,0.9969379901885986
6402,0.000977379586094554,0.949511384989393,0.9969362020492554
6403,0.000977379586094554,0.9495306180148055,0.9969359636306763
6404,0.000977379586094554,0.9495729306707132,0.9969351291656494
6405,0.0009781200251749288,0.949578700578337,0.9969348907470703
6406,0.0009781200251749288,0.9495825471834196,0.9969332218170166
6407,0.0009781200251749288,0.9495863937885021,0.9969321489334106
6408,0.0009788604642553035,0.9496267831418685,0.9969315528869629
6409,0.0009788604642553035,0.9496306297469511,0.9969314336776733
6410,0.0009788604642553035,0.9496383229571161,0.9969252943992615
6411,0.0009788604642553035,0.9496921754282714,0.9969249367713928
6412,0.0009788604642553035,0.9497094851511427,0.9969248175621033
6413,0.0009788604642553035,0.9497383346892616,0.9969242215156555
6414,0.0009796009033356781,0.9497787240426281,0.9969214200973511
6415,0.0009796009033356781,0.9497806473451693,0.9969156980514526
6416,0.0009796009033356781,0.9498902755900211,0.9969140291213989
6417,0.0009796009033356781,0.9498941221951036,0.9969118237495422
6418,0.0009796009033356781,0.9499133552205162,0.9969095587730408
6419,0.0009796009033356781,0.9499345115484701,0.9969074130058289
6420,0.0009796009033356781,0.9499383581535527,0.9969059824943542
6421,0.0009803413424160528,0.9499383581535527,0.9969056248664856
6422,0.0009825626596571767,0.9501537680381738,0.9969051480293274
6423,0.0009825626596571767,0.9501653078534212,0.9969032406806946
6424,0.0009825626596571767,0.9502056972067877,0.996903121471405
6425,0.0009825626596571767,0.9502076205093289,0.9969030022621155
6426,0.0009825626596571767,0.9502364700474478,0.9969021081924438
6427,0.0009825626596571767,0.9502557030728604,0.9969003200531006
6428,0.0009825626596571767,0.9502730127957318,0.9968994855880737
6429,0.0009825626596571767,0.9502768594008143,0.9968975782394409
6430,0.0009833030987375514,0.9503326351745108,0.9968962669372559
6431,0.0009833030987375514,0.9503364817795934,0.9968961477279663
6432,0.0009833030987375514,0.9503384050821346,0.9968894124031067
6433,0.0009833030987375514,0.9503691779227947,0.9968891739845276
6434,0.0009833030987375514,0.9503749478304185,0.9968883395195007
6435,0.0009833030987375514,0.9503941808558312,0.9968882203102112
6436,0.0009833030987375514,0.9503980274609137,0.9968861937522888
6437,0.0009833030987375514,0.9504057206710788,0.9968841671943665
6438,0.0009833030987375514,0.9505403518489669,0.9968838095664978
6439,0.0009833030987375514,0.9505518916642145,0.9968806505203247
6440,0.0009833030987375514,0.9505538149667557,0.9968793392181396
6441,0.0009833030987375514,0.9505576615718382,0.9968788623809814
6442,0.0009833030987375514,0.950563431479462,0.9968763589859009
6443,0.0009833030987375514,0.9505672780845446,0.9968758821487427
6444,0.0009833030987375514,0.9506018975302872,0.9968754053115845
6445,0.0009833030987375514,0.9506172839506173,0.9968744516372681
6446,0.000984043537817926,0.95141545450524,0.9968740940093994
6447,0.0009847839768983007,0.9514635370687715,0.9968728423118591
6448,0.0009847839768983007,0.9514885400018079,0.996871292591095
6449,0.0009847839768983007,0.9514943099094317,0.9968698620796204
6450,0.0009847839768983007,0.9515346992627981,0.9968683123588562
6451,0.0009847839768983007,0.9515366225653394,0.9968681931495667
6452,0.0009847839768983007,0.9515404691704219,0.9968672394752502
6453,0.0009847839768983007,0.9516289410873199,0.9968668818473816
6454,0.0009847839768983007,0.9516308643898611,0.9968647360801697
6455,0.0009847839768983007,0.9516366342974849,0.9968608617782593
6456,0.0009855244159786753,0.9516577906254388,0.9968574047088623
6457,0.0009855244159786753,0.9516635605330626,0.9968563318252563
6458,0.0009855244159786753,0.9516654838356038,0.996855616569519
6459,0.0009855244159786753,0.9516770236508514,0.9968547821044922
6460,0.0009855244159786753,0.9516924100711814,0.9968544840812683
6461,0.0009855244159786753,0.9516943333737227,0.9968523383140564
6462,0.0009855244159786753,0.9517308761220066,0.99685138463974
6463,0.0009855244159786753,0.9517424159372542,0.9968484044075012
6464,0.0009855244159786753,0.9517462625423367,0.9968470931053162
6465,0.0009855244159786753,0.9517501091474192,0.9968467354774475
6466,0.0009855244159786753,0.9517674188702906,0.996843695640564
6467,0.0009855244159786753,0.9517789586855381,0.9968419075012207
6468,0.0009855244159786753,0.9518058849211157,0.9968401193618774
6469,0.0009855244159786753,0.9518097315261983,0.9968344569206238
6470,0.0009855244159786753,0.9518231946439871,0.9968329071998596
6471,0.0009855244159786753,0.9518289645516108,0.9968317151069641
6472,0.0009855244159786753,0.9518674306024361,0.9968313574790955
6473,0.0009855244159786753,0.9518866636278487,0.9968302845954895
6474,0.0009855244159786753,0.9518924335354725,0.9968279004096985
6475,0.0009855244159786753,0.9519385927964626,0.9968274235725403
6476,0.0009855244159786753,0.9519424394015452,0.9968265295028687
6477,0.0009855244159786753,0.951992445267618,0.9968252182006836
6478,0.00098626485505905,0.9519943685701592,0.9968245029449463
6479,0.00098626485505905,0.9520136015955718,0.9968240261077881
6480,0.0009870052941394246,0.9520193715031956,0.9968231916427612
6481,0.0009870052941394246,0.9520289880159019,0.9968229532241821
6482,0.0009870052941394246,0.9520328346209844,0.9968218803405762
6483,0.0009870052941394246,0.9520770705794334,0.996821403503418
6484,0.0009877457332197993,0.9520924569997634,0.9968208074569702
6485,0.0009877457332197993,0.952096303604846,0.9968137145042419
6486,0.0009877457332197993,0.9521328463531299,0.9968110918998718
6487,0.0009877457332197993,0.9521424628658361,0.9968098998069763
6488,0.0009877457332197993,0.9521501560760012,0.9968089461326599
6489,0.0009877457332197993,0.9521520793785425,0.9968047142028809
6490,0.0009877457332197993,0.952171312403955,0.9968034029006958
6491,0.0009877457332197993,0.9521982386395327,0.9968020915985107
6492,0.0009877457332197993,0.9522136250598628,0.9968011379241943
6493,0.0009899670504609234,0.9523828756834937,0.9967989921569824
6494,0.0009899670504609234,0.9523847989860349,0.9967980980873108
6495,0.0009899670504609234,0.9523924921961999,0.9967957139015198
6496,0.0009899670504609234,0.95240787861653,0.996795117855072
6497,0.0009899670504609234,0.9524271116419426,0.9967932105064392
6498,0.0009899670504609234,0.9524309582470252,0.9967864751815796
6499,0.0009899670504609234,0.9524886573232629,0.9967854022979736
6500,0.0009899670504609234,0.9524982738359692,0.9967842102050781
6501,0.0009899670504609234,0.9525001971385105,0.9967837333679199
6502,0.0009899670504609234,0.9525098136512168,0.9967812299728394
6503,0.0009899670504609234,0.9525828991477846,0.9967796206474304
6504,0.0009899670504609234,0.952600208870656,0.9967749714851379
6505,0.0009899670504609234,0.9526040554757385,0.9967733025550842
6506,0.0009899670504609234,0.9526136719884448,0.9967723488807678
6507,0.0009899670504609234,0.9526540613418113,0.9967712759971619
6508,0.0009899670504609234,0.9526752176697652,0.9967656135559082
6509,0.0009899670504609234,0.9526809875773888,0.9967654943466187
6510,0.0009899670504609234,0.9526848341824714,0.9967648983001709
6511,0.0009899670504609234,0.9527367633510854,0.9967633485794067
6512,0.0009899670504609234,0.9527386866536267,0.9967617988586426
6513,0.000990707489541298,0.9527386866536267,0.9967582821846008
6514,0.000990707489541298,0.9527425332587092,0.9967570900917053
6515,0.000990707489541298,0.9527463798637917,0.9967569708824158
6516,0.000990707489541298,0.9527579196790392,0.9967541098594666
6517,0.000990707489541298,0.9527617662841218,0.9967537522315979
6518,0.000990707489541298,0.952763689586663,0.9967536330223083
6519,0.000990707489541298,0.9528213886629009,0.9967526793479919
6520,0.000990707489541298,0.9529617897484128,0.9967503547668457
6521,0.0009921883677020474,0.9530406451526044,0.9967502355575562
6522,0.0009921883677020474,0.9530483383627695,0.9967498779296875
6523,0.0009921883677020474,0.9530502616653107,0.9967484474182129
6524,0.0009921883677020474,0.9530598781780171,0.9967474937438965
6525,0.0009921883677020474,0.9530637247830995,0.9967455863952637
6526,0.0009921883677020474,0.9530656480856409,0.9967435002326965
6527,0.0009921883677020474,0.953088727716136,0.9967427849769592
6528,0.0009921883677020474,0.9531983559609878,0.9967424273490906
6529,0.0009921883677020474,0.9532310521041891,0.996740996837616
6530,0.0009921883677020474,0.9532329754067304,0.9967405200004578
6531,0.0009921883677020474,0.9532560550372255,0.99673992395401
6532,0.000992928806782422,0.953259901642308,0.9967398047447205
6533,0.000992928806782422,0.9532733647600968,0.9967389702796936
6534,0.000992928806782422,0.9532752880626382,0.9967355132102966
6535,0.0009936692458627967,0.9532829812728032,0.9967347979545593
6536,0.0009936692458627967,0.9532925977855095,0.9967345595359802
6537,0.0009936692458627967,0.9532945210880507,0.9967344403266907
6538,0.0009936692458627967,0.9533176007185459,0.9967325925827026
6539,0.0009936692458627967,0.9533329871388759,0.996732234954834
6540,0.0009936692458627967,0.9533541434668298,0.9967312812805176
6541,0.0009936692458627967,0.9533945328201963,0.9967303276062012
6542,0.0009936692458627967,0.9533964561227375,0.9967280626296997
6543,0.0009936692458627967,0.9534060726354437,0.9967278242111206
6544,0.0009936692458627967,0.9534079959379851,0.996727466583252
6545,0.0009936692458627967,0.9534983911574242,0.9967259168624878
6546,0.0009936692458627967,0.9535060843675893,0.9967233538627625
6547,0.0009936692458627967,0.953511854275213,0.9967194199562073
6548,0.0009936692458627967,0.9535387805107907,0.996717631816864
6549,0.0009936692458627967,0.9535599368387445,0.9967171549797058
6550,0.0009936692458627967,0.9535657067463683,0.9967169165611267
6551,0.0009936692458627967,0.9535810931666984,0.9967165589332581
6552,0.0009936692458627967,0.9535868630743222,0.996713399887085
6553,0.0009936692458627967,0.9535887863768634,0.9967129230499268
6554,0.0009944096849431713,0.9535887863768634,0.9967128038406372
6555,0.0009944096849431713,0.9536022494946522,0.9967122077941895
6556,0.0009944096849431713,0.9536060960997348,0.9967098236083984
6557,0.0009944096849431713,0.9536099427048172,0.9967093467712402
6558,0.0009944096849431713,0.9536272524276886,0.996708869934082
6559,0.0009944096849431713,0.9536330223353124,0.9967086315155029
6560,0.0009944096849431713,0.953652255360725,0.9967071413993835
6561,0.0009944096849431713,0.9536541786632663,0.9967066645622253
6562,0.0009944096849431713,0.9537349573699991,0.9967051148414612
6563,0.0009944096849431713,0.9537695768157418,0.9967034459114075
6564,0.0009944096849431713,0.9537715001182832,0.9967024922370911
6565,0.000995150124023546,0.9537753467233656,0.9967008233070374
6566,0.000995150124023546,0.9537772700259068,0.9967001080513
6567,0.000995150124023546,0.9537965030513195,0.9966990351676941
6568,0.000995150124023546,0.9538080428665671,0.9966973066329956
6569,0.000995150124023546,0.9538157360767321,0.996694803237915
6570,0.0009966310021842953,0.9538215059843559,0.9966946840286255
6571,0.0009966310021842953,0.9538234292868971,0.9966945648193359
6572,0.0009966310021842953,0.9538407390097684,0.9966940879821777
6573,0.0009966310021842953,0.953844585614851,0.9966932535171509
6574,0.0009966310021842953,0.9538542021275572,0.9966921806335449
6575,0.0009981118803450446,0.9538753584555111,0.9966901540756226
6576,0.0009981118803450446,0.9538792050605936,0.9966884255409241
6577,0.0009981118803450446,0.9538888215732999,0.9966883063316345
6578,0.0009988523194254192,0.9538907448758412,0.9966879487037659
6579,0.0009988523194254192,0.9538945914809237,0.9966867566108704
6580,0.0009988523194254192,0.9538984380860063,0.9966835379600525
6581,0.0009995927585057939,0.953940750741914,0.9966834187507629
6582,0.0010010736366665432,0.9539580604647853,0.9966803789138794
6583,0.0010010736366665432,0.9539657536749503,0.9966799020767212
6584,0.0010010736366665432,0.9539696002800329,0.9966782331466675
6585,0.0010010736366665432,0.9539946032130692,0.9966771602630615
6586,0.0010010736366665432,0.9540157595410231,0.9966750144958496
6587,0.0010010736366665432,0.9540196061461056,0.9966740608215332
6588,0.0010010736366665432,0.954036915868977,0.996669352054596
6589,0.0010010736366665432,0.9540426857766007,0.9966615438461304
6590,0.0010010736366665432,0.9540542255918483,0.9966601133346558
6591,0.0010010736366665432,0.9540773052223434,0.9966586828231812
6592,0.0010010736366665432,0.9540907683401322,0.9966552257537842
6593,0.0010010736366665432,0.9541350042985812,0.9966532588005066
6594,0.0010010736366665432,0.9541369276011225,0.9966490864753723
6595,0.0010010736366665432,0.9542042431900666,0.9966464638710022
6596,0.0010010736366665432,0.9542061664926078,0.9966427087783813
6597,0.0010010736366665432,0.9542273228205617,0.9966417551040649
6598,0.0010010736366665432,0.9542350160307267,0.9966379404067993
6599,0.0010010736366665432,0.9542407859383505,0.9966358542442322
6600,0.0010025545148272927,0.9542754053840932,0.9966354966163635
6601,0.0010025545148272927,0.9542984850145882,0.996632993221283
6602,0.0010025545148272927,0.954340797670496,0.9966278672218323
6603,0.0010025545148272927,0.9543427209730372,0.9966222047805786
6604,0.0010025545148272927,0.9543619539984498,0.996619701385498
6605,0.001004035392988042,0.9544254229823114,0.9966191053390503
6606,0.001004035392988042,0.954436962797559,0.9966134428977966
6607,0.0010225463699974084,0.95540053737073,0.9966122508049011
6608,0.0010225463699974084,0.9554197703961427,0.9966097474098206
6609,0.001023286809077783,0.955444773329179,0.9966096878051758
6610,0.001023286809077783,0.9554466966317202,0.9966078996658325
6611,0.001023286809077783,0.9554697762622154,0.9966059923171997
6612,0.0010240272481581577,0.9554851626825455,0.9966045618057251
6613,0.0010240272481581577,0.9555428617587832,0.9966026544570923
6614,0.0010240272481581577,0.9555447850613245,0.9966022968292236
6615,0.0010240272481581577,0.9555620947841958,0.9966002106666565
6616,0.0010240272481581577,0.9555659413892783,0.996599018573761
6617,0.0010240272481581577,0.9555717112969021,0.9965985417366028
6618,0.0010240272481581577,0.9556101773477274,0.9965983033180237
6619,0.0010240272481581577,0.9556159472553512,0.99659663438797
6620,0.0010240272481581577,0.955637103583305,0.9965929388999939
6621,0.0010240272481581577,0.95564479679347,0.9965893030166626
6622,0.0010314316389619044,0.9560409971169694,0.996588945388794
6623,0.0010314316389619044,0.9560429204195108,0.9965887069702148
6624,0.0010314316389619044,0.9560506136296758,0.9965873956680298
6625,0.0010314316389619044,0.9560756165627121,0.9965860843658447
6626,0.0010314316389619044,0.9560852330754185,0.9965857267379761
6627,0.001032172078042279,0.9560871563779597,0.996584415435791
6628,0.001032172078042279,0.9560986961932073,0.9965829253196716
6629,0.001032172078042279,0.956125622428785,0.996582567691803
6630,0.001032172078042279,0.9561294690338674,0.9965803027153015
6631,0.001032172078042279,0.9561525486643625,0.9965760111808777
6632,0.001032172078042279,0.9561737049923164,0.9965752959251404
6633,0.0010395764688460258,0.9564141178099739,0.9965750575065613
6634,0.0010395764688460258,0.9564429673480928,0.9965733289718628
6635,0.0010395764688460258,0.9564468139531753,0.9965721368789673
6636,0.0010395764688460258,0.956452583860799,0.9965701103210449
6637,0.0010395764688460258,0.9564602770709641,0.9965649247169495
6638,0.0010403169079264004,0.9564833567014592,0.9965619444847107
6639,0.0010403169079264004,0.9564948965167067,0.9965594410896301
6640,0.0010403169079264004,0.9564987431217893,0.9965576529502869
6641,0.0010403169079264004,0.9565160528446606,0.9965560436248779
6642,0.0010403169079264004,0.9565525955929446,0.9965550899505615
6643,0.0010403169079264004,0.956556442198027,0.9965502023696899
6644,0.0010403169079264004,0.9566641471403377,0.9965497255325317
6645,0.0010403169079264004,0.9566718403505027,0.9965368509292603
6646,0.0010403169079264004,0.9566872267708327,0.996532678604126
6647,0.0010403169079264004,0.956696843283539,0.9965324401855469
6648,0.0010403169079264004,0.9567006898886216,0.9965265393257141
6649,0.0010403169079264004,0.9567372326369055,0.9965259432792664
6650,0.0010403169079264004,0.956741079241988,0.9965215921401978
6651,0.0010403169079264004,0.9567641588724831,0.99652099609375
6652,0.0010403169079264004,0.9567660821750243,0.9965170621871948
6653,0.0010403169079264004,0.9567718520826481,0.9965155124664307
6654,0.0010403169079264004,0.9567756986877307,0.9965150356292725
6655,0.0010403169079264004,0.9568180113436384,0.9965116381645203
6656,0.0010403169079264004,0.9568487841842985,0.9965081810951233
6657,0.001041057347006775,0.9568641706046286,0.9965072274208069
6658,0.001041057347006775,0.9568718638147936,0.9965062141418457
6659,0.001041057347006775,0.9568757104198762,0.9965038299560547
6660,0.0010417977860871497,0.9568814803275,0.996503472328186
6661,0.0010417977860871497,0.9568949434452888,0.9965023994445801
6662,0.0010425382251675244,0.9569007133529126,0.9965009689331055
6663,0.0010425382251675244,0.9569026366554538,0.9964996576309204
6664,0.0010425382251675244,0.9569199463783251,0.9964976906776428
6665,0.0010425382251675244,0.9569218696808665,0.9964970946311951
6666,0.0010425382251675244,0.9569276395884901,0.9964961409568787
6667,0.0010425382251675244,0.9569314861935727,0.9964949488639832
6668,0.0010425382251675244,0.9569334094961139,0.9964931607246399
6669,0.001047721298730147,0.9571180465400749,0.996489942073822
6670,0.001047721298730147,0.9571392028680288,0.9964877367019653
6671,0.001047721298730147,0.95714112617057,0.9964873790740967
6672,0.0010484617378105215,0.9571468960781938,0.9964872598648071
6673,0.001049942615971271,0.9572930670713296,0.9964866638183594
6674,0.001049942615971271,0.9572949903738708,0.9964863061904907
6675,0.001049942615971271,0.9573123000967421,0.9964843988418579
6676,0.001049942615971271,0.9573257632145309,0.9964842796325684
6677,0.001049942615971271,0.9573507661475673,0.9964832067489624
6678,0.001049942615971271,0.9574623176949604,0.9964821338653564
6679,0.001049942615971271,0.9574777041152904,0.9964818954467773
6680,0.001049942615971271,0.9575450197042346,0.9964794516563416
6681,0.001049942615971271,0.9575527129143996,0.9964792132377625
6682,0.001049942615971271,0.9575700226372709,0.9964777827262878
6683,0.001049942615971271,0.9575777158474359,0.9964776635169983
6684,0.001049942615971271,0.9575796391499772,0.9964761137962341
6685,0.001049942615971271,0.9576065653855549,0.9964751601219177
6686,0.001049942615971271,0.9576565712516276,0.99647456407547
6687,0.001049942615971271,0.9576584945541688,0.9964710474014282
6688,0.001049942615971271,0.9576642644617926,0.9964696168899536
6689,0.001049942615971271,0.9576969606049941,0.9964675903320312
6690,0.001049942615971271,0.9577123470253242,0.9964659214019775
6691,0.001052163933212395,0.9578508248082949,0.996465802192688
6692,0.001052163933212395,0.9578565947159186,0.9964650869369507
6693,0.001052163933212395,0.9578777510438724,0.9964625239372253
6694,0.001052163933212395,0.9578854442540375,0.9964608550071716
6695,0.001052163933212395,0.9579162170946977,0.9964606165885925
6696,0.001052163933212395,0.9579200636997801,0.9964595437049866
6697,0.0010529043722927697,0.9579469899353578,0.9964568018913269
6698,0.0010529043722927697,0.9579566064480641,0.9964566826820374
6699,0.0010529043722927697,0.9579585297506054,0.9964565634727478
6700,0.0010536448113731443,0.9580104589192193,0.996455729007721
6701,0.0010536448113731443,0.9580123822217607,0.9964535236358643
6702,0.0010536448113731443,0.9580258453395495,0.9964523315429688
6703,0.0010536448113731443,0.958029691944632,0.9964522123336792
6704,0.001054385250453519,0.9581123939539061,0.9964514970779419
6705,0.001054385250453519,0.9581623998199789,0.9964510202407837
6706,0.0010551256895338936,0.9581912493580977,0.9964481592178345
6707,0.0010551256895338936,0.9581931726606391,0.9964478015899658
6708,0.0010551256895338936,0.9582008658708041,0.996446430683136
6709,0.0010551256895338936,0.9582797212749957,0.9964424967765808
6710,0.0010551256895338936,0.958281644577537,0.9964411854743958
6711,0.0010551256895338936,0.9582854911826195,0.9964397549629211
6712,0.0010558661286142682,0.9583028009054908,0.9964379072189331
6713,0.0010558661286142682,0.9583066475105734,0.9964348077774048
6714,0.001056606567694643,0.958325880535986,0.9964325428009033
6715,0.001056606567694643,0.9583547300741049,0.9964284300804138
6716,0.001056606567694643,0.9583662698893524,0.9964258074760437
6717,0.001056606567694643,0.9583701164944349,0.9964163303375244
6718,0.001056606567694643,0.9583739630995174,0.9964137673377991
6719,0.001056606567694643,0.9583816563096825,0.9964107871055603
6720,0.001056606567694643,0.95839319612493,0.9964085221290588
6721,0.001056606567694643,0.958400889335095,0.9964050054550171
6722,0.001056606567694643,0.9584047359401776,0.9963994026184082
6723,0.0010595683240161415,0.9585028243697818,0.9963984489440918
6724,0.0010595683240161415,0.9585047476723231,0.9963950514793396
6725,0.0010595683240161415,0.9585509069333134,0.996394693851471
6726,0.0010595683240161415,0.9585528302358546,0.996392548084259
6727,0.0010595683240161415,0.9585643700511022,0.9963921904563904
6728,0.0010595683240161415,0.958570139958726,0.9963908791542053
6729,0.0010595683240161415,0.9585932195892211,0.9963891506195068
6730,0.0010595683240161415,0.9586047594044687,0.9963856935501099
6731,0.0010603087630965161,0.9586066827070099,0.996381402015686
6732,0.0010617896412572657,0.9590471189889583,0.9963809847831726
6733,0.0010617896412572657,0.9590701986194534,0.9963799118995667
6734,0.0010617896412572657,0.9590721219219946,0.9963787198066711
6735,0.0010617896412572657,0.9591125112753611,0.9963766932487488
6736,0.0010617896412572657,0.9591163578804437,0.996371865272522
6737,0.0010625300803376403,0.9591163578804437,0.996362030506134
6738,0.0010625300803376403,0.95914136081348,0.9963617920875549
6739,0.001063270519418015,0.9591567472338102,0.9963609576225281
6740,0.0010640109584983896,0.9591913666795528,0.9963597655296326
6741,0.0010640109584983896,0.9591971365871765,0.9963577389717102
6742,0.0010691940320610121,0.9596356495665838,0.9963561296463013
6743,0.0010691940320610121,0.959637572869125,0.9963560104370117
6744,0.0010691940320610121,0.9596606524996202,0.9963557720184326
6745,0.0010691940320610121,0.9596760389199502,0.9963550567626953
6746,0.0010691940320610121,0.9597279680885642,0.9963546991348267
6747,0.0010691940320610121,0.9597452778114356,0.9963523149490356
6748,0.0010691940320610121,0.9597568176266831,0.996349573135376
6749,0.0010699344711413868,0.9597798972571783,0.9963494539260864
6750,0.0010699344711413868,0.9598010535851321,0.9963489770889282
6751,0.0010699344711413868,0.9598183633080034,0.9963485598564148
6752,0.0010728962274628856,0.9600933955714036,0.9963480830192566
6753,0.0010728962274628856,0.9601837907908428,0.9963473677635193
6754,0.0010728962274628856,0.9602049471187967,0.9963470101356506
6755,0.0010728962274628856,0.9602087937238791,0.9963461756706238
6756,0.0010728962274628856,0.9602414898670806,0.9963436722755432
6757,0.0010728962274628856,0.9602472597747044,0.996342122554779
6758,0.0010728962274628856,0.9602511063797868,0.9963401556015015
6759,0.0010728962274628856,0.9602549529848694,0.9963328838348389
6760,0.0010728962274628856,0.9602703394051995,0.996327817440033
6761,0.0010758579837843842,0.9606953892668179,0.9963229894638062
6762,0.0010758579837843842,0.9607011591744417,0.9963220357894897
6763,0.0010765984228647588,0.9607800145786333,0.9963215589523315
6764,0.0010773388619451335,0.9607800145786333,0.996321439743042
6765,0.0010773388619451335,0.9607819378811745,0.9963200092315674
6766,0.0010773388619451335,0.9608011709065871,0.9963181018829346
6767,0.0010773388619451335,0.9608165573269172,0.9963172674179077
6768,0.0010773388619451335,0.9608896428234851,0.9963142275810242
6769,0.0010780793010255081,0.9609069525463564,0.9963124394416809
6770,0.0010780793010255081,0.960910799151439,0.9963027238845825
6771,0.0010788197401058828,0.960926185571769,0.9962969422340393
6772,0.0010788197401058828,0.9609454185971816,0.9962965846061707
6773,0.0010788197401058828,0.9609473418997229,0.9962953925132751
6774,0.0010788197401058828,0.9609588817149705,0.9962888956069946
6775,0.0010788197401058828,0.9609819613454655,0.9962871074676514
6776,0.0010788197401058828,0.960985807950548,0.9962855577468872
6777,0.0010788197401058828,0.9609973477657956,0.9962843656539917
6778,0.0010795601791862574,0.9610704332623635,0.9962838292121887
6779,0.0010795601791862574,0.9610800497750698,0.9962779879570007
6780,0.0010795601791862574,0.9611031294055649,0.9962777495384216
6781,0.001080300618266632,0.9611069760106474,0.9962766766548157
6782,0.001080300618266632,0.9611204391284363,0.9962750673294067
6783,0.001080300618266632,0.9611223624309775,0.9962702989578247
6784,0.001080300618266632,0.9611377488513075,0.9962700605392456
6785,0.001080300618266632,0.9611415954563901,0.9962685108184814
6786,0.0010810410573470067,0.9611569818767202,0.9962683916091919
6787,0.0010817814964273814,0.9611742915995914,0.9962623715400696
6788,0.001082521935507756,0.9612031411377104,0.9962582588195801
6789,0.0010832623745881307,0.9612396838859943,0.9962581396102905
6790,0.0010854836918292548,0.9615454889900547,0.9962579011917114
6791,0.0010854836918292548,0.9615570288053021,0.9962570667266846
6792,0.0010899263263115027,0.9616435774196589,0.99625164270401
6793,0.0010899263263115027,0.9616628104450714,0.9962509274482727
6794,0.0010928880826330013,0.9619705388516729,0.996250331401825
6795,0.0010928880826330013,0.9619743854567555,0.9962502121925354
6796,0.001093628521713376,0.962007081599957,0.9962499737739563
6797,0.001093628521713376,0.9620359311380758,0.996249258518219
6798,0.001093628521713376,0.9620378544406171,0.9962473511695862
6799,0.001093628521713376,0.9620436243482409,0.9962459206581116
6800,0.001093628521713376,0.9620513175584059,0.9962454438209534
6801,0.001093628521713376,0.9620551641634885,0.9962412118911743
6802,0.001093628521713376,0.962074397188901,0.996232807636261
6803,0.0010943689607937506,0.9621436360803863,0.9962322115898132
6804,0.0010943689607937506,0.9621513292905514,0.9962300658226013
6805,0.0010943689607937506,0.9621532525930927,0.9962297081947327
6806,0.0010958498389545,0.962422514948869,0.9962246417999268
6807,0.0010958498389545,0.9624552110920704,0.9962241649627686
6808,0.0010958498389545,0.9625917655724998,0.9962238073348999
6809,0.0010958498389545,0.9626590811614439,0.9962230920791626
6810,0.0010958498389545,0.962674467581774,0.996222972869873
6811,0.0010958498389545,0.9626802374893978,0.9962198138237
6812,0.0010965902780348748,0.9626802374893978,0.9962193369865417
6813,0.0010965902780348748,0.9626840840944804,0.9962188601493835
6814,0.0010965902780348748,0.9626917773046454,0.9962177872657776
6815,0.001100292473436748,0.9628783376511475,0.9962162375450134
6816,0.0011010329125171227,0.9628841075587713,0.9962138533592224
6817,0.0011010329125171227,0.9628898774663951,0.9962085485458374
6818,0.0011010329125171227,0.9629129570968902,0.9962079524993896
6819,0.0011010329125171227,0.9629456532400916,0.9962077140808105
6820,0.0011010329125171227,0.9629571930553392,0.9962069988250732
6821,0.0011010329125171227,0.9629610396604217,0.9962055683135986
6822,0.0011010329125171227,0.9629802726858343,0.996204674243927
6823,0.0011010329125171227,0.9629918125010819,0.9962039589881897
6824,0.0011017733515974973,0.9629975824087056,0.9962031245231628
6825,0.0011017733515974973,0.9630129688290358,0.9961993098258972
6826,0.0011017733515974973,0.963014892131577,0.9961991906166077
6827,0.0011017733515974973,0.9631956825704554,0.9961978793144226
6828,0.001104735107918996,0.9634033992449115,0.9961903095245361
6829,0.0011054755469993706,0.9634457119008192,0.9961888194084167
6830,0.0011054755469993706,0.9634476352033604,0.9961887001991272
6831,0.0011054755469993706,0.963459175018608,0.9961879849433899
6832,0.0011054755469993706,0.9634630216236905,0.9961867928504944
6833,0.0011054755469993706,0.9634726381363967,0.9961817264556885
6834,0.0011054755469993706,0.9634745614389381,0.9961801767349243
6835,0.0011054755469993706,0.9634784080440205,0.9961779117584229
6836,0.0011054755469993706,0.9634822546491031,0.9961744546890259
6837,0.0011054755469993706,0.9634899478592681,0.996174156665802
6838,0.0011062159860797452,0.9634937944643506,0.9961727261543274
6839,0.0011069564251601199,0.9635226440024696,0.9961712956428528
6840,0.0011069564251601199,0.9635245673050108,0.9961632490158081
6841,0.0011069564251601199,0.9635380304227996,0.9961631298065186
6842,0.0011069564251601199,0.9635457236329646,0.9961541295051575
6843,0.0011069564251601199,0.9635899595914136,0.9961534142494202
6844,0.0011069564251601199,0.9635938061964961,0.996151864528656
6845,0.0011069564251601199,0.9637419004921731,0.9961496591567993
6846,0.0011069564251601199,0.963763056820127,0.9961475133895874
6847,0.0011069564251601199,0.9637726733328332,0.9961473941802979
6848,0.0011069564251601199,0.9638034461734934,0.9961436986923218
6849,0.0011106586205619933,0.9639207676285103,0.9961434006690979
6850,0.0011106586205619933,0.9639284608386753,0.9961406588554382
6851,0.0011106586205619933,0.9639361540488404,0.9961375594139099
6852,0.0011106586205619933,0.9639419239564642,0.9961373209953308
6853,0.0011106586205619933,0.9639650035869592,0.9961304664611816
6854,0.0011106586205619933,0.9639688501920417,0.9961287975311279
6855,0.0011106586205619933,0.964007316242867,0.9961267113685608
6856,0.0011106586205619933,0.9640688619241873,0.9961232542991638
6857,0.0011121394987227426,0.9641919532868278,0.9961227774620056
6858,0.0011128799378031173,0.9641977231944516,0.9961211085319519
6859,0.0011128799378031173,0.964215032917323,0.9961163997650146
6860,0.0011128799378031173,0.9642169562198643,0.9961162805557251
6861,0.0011128799378031173,0.9642554222706895,0.9961146116256714
6862,0.001113620376883492,0.9642573455732307,0.996112048625946
6863,0.001113620376883492,0.9642611921783132,0.9961100220680237
6864,0.001113620376883492,0.9642919650189734,0.9961070418357849
6865,0.001113620376883492,0.9643208145570923,0.9961066842079163
6866,0.001113620376883492,0.9643246611621747,0.9961040019989014
6867,0.001113620376883492,0.9643265844647161,0.9961018562316895
6868,0.001113620376883492,0.9643458174901286,0.9961001873016357
6869,0.001113620376883492,0.9643612039104588,0.9961000680923462
6870,0.001113620376883492,0.964363127213,0.9960993528366089
6871,0.0011158416941246159,0.9645285312315484,0.9960963129997253
6872,0.0011158416941246159,0.9645323778366308,0.9960905909538269
6873,0.0011158416941246159,0.9645439176518784,0.9960898160934448
6874,0.0011158416941246159,0.9645458409544196,0.9960891008377075
6875,0.0011158416941246159,0.9646016167281162,0.9960880279541016
6876,0.0011180630113657398,0.9647016284602616,0.9960875511169434
6877,0.0011180630113657398,0.9647093216704268,0.9960870742797852
6878,0.0011180630113657398,0.964711244972968,0.9960820078849792
6879,0.0011180630113657398,0.9647362479060043,0.9960816502571106
6880,0.0011180630113657398,0.9647420178136281,0.9960761666297913
6881,0.0011180630113657398,0.9647997168898659,0.9960721731185913
6882,0.0011180630113657398,0.9648227965203611,0.9960712194442749
6883,0.0011188034504461145,0.9653478581141249,0.9960695505142212
6884,0.0011188034504461145,0.9653613212319138,0.9960676431655884
6885,0.0011195438895264891,0.965363244534455,0.996061384677887
6886,0.0011195438895264891,0.9654074804929039,0.9960606694221497
6887,0.0011195438895264891,0.9654094037954453,0.9960588216781616
6888,0.0011195438895264891,0.9654132504005277,0.9960547685623169
6889,0.0011195438895264891,0.9654247902157753,0.9960542917251587
6890,0.0011195438895264891,0.9654305601233991,0.9960530996322632
6891,0.0011195438895264891,0.9654690261742243,0.9960505366325378
6892,0.0011195438895264891,0.9654728727793068,0.9960436820983887
6893,0.0011210247676872386,0.9662056510475268,0.9960426092147827
6894,0.0011210247676872386,0.966207574350068,0.9960405826568604
6895,0.0011210247676872386,0.9662460404008932,0.9960373640060425
6896,0.0011210247676872386,0.9662537336110583,0.9960364699363708
6897,0.0011210247676872386,0.9663095093847548,0.9960331320762634
6898,0.0011210247676872386,0.9663806715787814,0.9960303902626038
6899,0.0011210247676872386,0.9663941346965702,0.9960272312164307
6900,0.0011217652067676133,0.9663941346965702,0.9960254430770874
6901,0.0011217652067676133,0.9663979813016527,0.9960247278213501
6902,0.0011217652067676133,0.9664037512092765,0.9960185885429382
6903,0.0011239865240087372,0.9664979930337982,0.9960154891014099
6904,0.0011239865240087372,0.966540305689706,0.9960072636604309
6905,0.0011239865240087372,0.9665499222024122,0.9960067868232727
6906,0.0011239865240087372,0.9665672319252835,0.9960057139396667
6907,0.0011239865240087372,0.9665710785303661,0.9960005879402161
6908,0.0011239865240087372,0.9665749251354486,0.996000349521637
6909,0.0011239865240087372,0.9665768484379899,0.9959990978240967
6910,0.0011239865240087372,0.9665845416481549,0.995997428894043
6911,0.0011239865240087372,0.9665864649506961,0.9959940910339355
6912,0.0011239865240087372,0.966651857237099,0.9959881901741028
6913,0.0011239865240087372,0.9666576271447227,0.9959873557090759
6914,0.0011239865240087372,0.9666768601701353,0.9959871172904968
6915,0.0011239865240087372,0.9667326359438319,0.9959797859191895
6916,0.0011239865240087372,0.9667480223641619,0.9959782361984253
6917,0.0011239865240087372,0.9667557155743269,0.9959779977798462
6918,0.0011254674021694865,0.9667653320870333,0.9959728121757507
6919,0.0011276887194106105,0.9668134146505648,0.9959718585014343
6920,0.0011276887194106105,0.9668364942810599,0.9959697723388672
6921,0.0011276887194106105,0.9668422641886837,0.9959684610366821
6922,0.0011276887194106105,0.9668518807013899,0.9959666728973389
6923,0.0011276887194106105,0.9668557273064725,0.9959608912467957
6924,0.0011276887194106105,0.96686726712172,0.9959595799446106
6925,0.0011284291584909851,0.96686726712172,0.9959583878517151
6926,0.0011284291584909851,0.9668730370293438,0.9959480166435242
6927,0.0011284291584909851,0.9668922700547564,0.9959477782249451
6928,0.0011284291584909851,0.9669788186691131,0.9959456324577332
6929,0.0011284291584909851,0.9669865118792782,0.9959397315979004
6930,0.0011284291584909851,0.9670057449046907,0.9959359169006348
6931,0.0011284291584909851,0.9670095915097733,0.995930016040802
6932,0.001130650475732109,0.9679154670067066,0.9959277510643005
6933,0.001130650475732109,0.9679193136117891,0.9959253072738647
6934,0.001130650475732109,0.9679250835194129,0.9959232807159424
6935,0.001130650475732109,0.9679270068219541,0.9959226846694946
6936,0.001130650475732109,0.967963549570238,0.9959178566932678
6937,0.001130650475732109,0.9679847058981919,0.9959160685539246
6938,0.001130650475732109,0.9680020156210632,0.9959107637405396
6939,0.001130650475732109,0.9680327884617234,0.9959031939506531
6940,0.001130650475732109,0.9680347117642647,0.995902955532074
6941,0.001130650475732109,0.9680481748820535,0.9959024786949158
6942,0.0011313909148124837,0.9692483156677995,0.9958998560905457
6943,0.0011313909148124837,0.9692502389703408,0.9958930015563965
6944,0.0011313909148124837,0.9692579321805058,0.9958851933479309
6945,0.0011313909148124837,0.969259855483047,0.9958820343017578
6946,0.0011313909148124837,0.9692637020881296,0.995881199836731
6947,0.0011313909148124837,0.9692656253906708,0.9958786964416504
6948,0.0011328717929732332,0.9692733186008359,0.9958717226982117
6949,0.0011328717929732332,0.969304091441496,0.9958691000938416
6950,0.0011328717929732332,0.9693079380465786,0.9958668947219849
6951,0.0011328717929732332,0.9693098613491198,0.9958646297454834
6952,0.0011336122320536079,0.9693252477694498,0.9958623647689819
6953,0.0011343526711339825,0.9693637138202751,0.9958617091178894
6954,0.0011350931102143572,0.9693694837278989,0.9958602786064148
6955,0.0011350931102143572,0.9693714070304401,0.9958580136299133
6956,0.0011358335492947318,0.9693944866609352,0.9958555102348328
6957,0.0011358335492947318,0.9693964099634765,0.9958537817001343
6958,0.001143978379178853,0.9697579908412333,0.9958531856536865
6959,0.001143978379178853,0.9697599141437746,0.9958527088165283
6960,0.001143978379178853,0.9697753005641047,0.9958446621894836
6961,0.001143978379178853,0.9697945335895173,0.9958421587944031
6962,0.001143978379178853,0.9697983801945997,0.9958332777023315
6963,0.001143978379178853,0.9698310763378012,0.9958270192146301
6964,0.001143978379178853,0.9698349229428836,0.9958265423774719
6965,0.0011454592573396025,0.9698945453216627,0.9958246946334839
6966,0.0011454592573396025,0.9699503210953593,0.9958240985870361
6967,0.0011454592573396025,0.9699580143055243,0.9958230257034302
6968,0.0011454592573396025,0.9699599376080655,0.9958227872848511
6969,0.0011454592573396025,0.9699753240283956,0.9958211183547974
6970,0.0011454592573396025,0.9701138018113663,0.9958183169364929
6971,0.0011454592573396025,0.9701195717189901,0.9958180785179138
6972,0.0011454592573396025,0.9701541911647328,0.9958177208900452
6973,0.0011454592573396025,0.9701657309799804,0.9958105087280273
6974,0.0011454592573396025,0.9701849640053929,0.9958100318908691
6975,0.0011469401355003518,0.9702484329892546,0.9958077669143677
6976,0.0011469401355003518,0.9702503562917958,0.9958040118217468
6977,0.0011469401355003518,0.9702676660146671,0.9957993626594543
6978,0.0011469401355003518,0.9702734359222909,0.9957966804504395
6979,0.0011469401355003518,0.9702753592248321,0.9957958459854126
6980,0.0011469401355003518,0.9702849757375385,0.995794415473938
6981,0.0011476805745807264,0.9702849757375385,0.995792031288147
6982,0.0011476805745807264,0.9702926689477035,0.9957893490791321
6983,0.0011476805745807264,0.9702945922502447,0.9957858920097351
6984,0.0011476805745807264,0.9703061320654923,0.9957808256149292
6985,0.0011476805745807264,0.9703138252756573,0.9957782030105591
6986,0.0011476805745807264,0.9703195951832811,0.9957703948020935
6987,0.0011476805745807264,0.9703272883934462,0.9957697987556458
6988,0.0011476805745807264,0.9704349933357567,0.9957680702209473
6989,0.0011476805745807264,0.9704388399408392,0.9957624077796936
6990,0.0011476805745807264,0.9704542263611693,0.9957563281059265
6991,0.001148421013661101,0.9704542263611693,0.9957560896873474
6992,0.001148421013661101,0.9704753826891231,0.9957530498504639
6993,0.0011513827699825997,0.9707523382550646,0.9957491159439087
6994,0.0011513827699825997,0.970756184860147,0.9957346320152283
6995,0.0011521232090629743,0.9707908043058897,0.9957343935966492
6996,0.001152863648143349,0.9708677364075401,0.9957320094108582
6997,0.001152863648143349,0.9708696597100813,0.9957212209701538
6998,0.001152863648143349,0.9708735063151639,0.9957069754600525
6999,0.001152863648143349,0.9708773529202465,0.9957054257392883
7000,0.001152863648143349,0.9708927393405765,0.9957050681114197
7001,0.001152863648143349,0.9709312053914017,0.9957036375999451
7002,0.001152863648143349,0.9709581316269793,0.9956958293914795
7003,0.001152863648143349,0.9709773646523919,0.9956955909729004
7004,0.001152863648143349,0.9709889044676395,0.9956923127174377
7005,0.0011536040872237236,0.9710658365692899,0.9956913590431213
7006,0.0011536040872237236,0.9710696831743724,0.9956896901130676
7007,0.0011536040872237236,0.9710850695947024,0.9956883788108826
7008,0.0011536040872237236,0.9710927628048674,0.9956842660903931
7009,0.0011536040872237236,0.9711081492251976,0.995681881904602
7010,0.0011536040872237236,0.9711139191328213,0.995677649974823
7011,0.0011536040872237236,0.9711158424353626,0.9956758618354797
7012,0.0011536040872237236,0.9711254589480689,0.9956734776496887
7013,0.0011536040872237236,0.9711389220658577,0.995672881603241
7014,0.0011536040872237236,0.9711543084861878,0.9956728219985962
7015,0.0011536040872237236,0.9711620016963528,0.995663583278656
7016,0.0011536040872237236,0.9711677716039766,0.9956569671630859
7017,0.0011536040872237236,0.9711812347217654,0.9956566095352173
7018,0.0011536040872237236,0.971192774537013,0.99565190076828
7019,0.0011536040872237236,0.9711946978395543,0.9956483244895935
7020,0.0011536040872237236,0.9712562435208746,0.9956444501876831
7021,0.0011536040872237236,0.9712581668234158,0.9956425428390503
7022,0.0011536040872237236,0.9712870163615347,0.9956421852111816
7023,0.0011543445263040982,0.9712870163615347,0.9956402778625488
7024,0.0011543445263040982,0.9712966328742411,0.9956259727478027
7025,0.0011543445263040982,0.9713197125047361,0.995622456073761
7026,0.0011543445263040982,0.9713216358072774,0.9956185221672058
7027,0.0011543445263040982,0.9713312523199837,0.9956172704696655
7028,0.0011543445263040982,0.9713581785555613,0.9956166744232178
7029,0.0011543445263040982,0.9713639484631851,0.9956082701683044
7030,0.0011543445263040982,0.9713677950682676,0.9956039190292358
7031,0.001155084965384473,0.971392798001304,0.9956021308898926
7032,0.0011558254044648475,0.9714043378165516,0.9956001043319702
7033,0.0011558254044648475,0.9714062611190928,0.9955981373786926
7034,0.0011558254044648475,0.9714216475394228,0.9955958724021912
7035,0.0011558254044648475,0.9714235708419642,0.9955922961235046
7036,0.0011558254044648475,0.9714312640521292,0.9955835938453674
7037,0.0011558254044648475,0.9714812699182019,0.9955804944038391
7038,0.0011558254044648475,0.971496656338532,0.9955751895904541
7039,0.0011565658435452224,0.9715235825741096,0.9955719709396362
7040,0.0011565658435452224,0.9715274291791922,0.9955586194992065
7041,0.0011587871607863464,0.9716774467774104,0.9955565333366394
7042,0.0011587871607863464,0.9716986031053643,0.9955540299415588
7043,0.0011587871607863464,0.9717139895256943,0.9955509901046753
7044,0.0011587871607863464,0.9717601487866846,0.9955501556396484
7045,0.0011587871607863464,0.9717639953917672,0.9955360889434814
7046,0.0011587871607863464,0.9717678419968496,0.9955357313156128
7047,0.0011587871607863464,0.9717755352070147,0.9955345392227173
7048,0.0011587871607863464,0.9717793818120972,0.9955341815948486
7049,0.0011587871607863464,0.9717832284171797,0.9955078363418579
7050,0.0011587871607863464,0.9718428507959588,0.9955033659934998
7051,0.0011587871607863464,0.9718466974010412,0.9954889416694641
7052,0.0011587871607863464,0.9718620838213714,0.9954884648323059
7053,0.0011587871607863464,0.9718659304264539,0.9954736828804016
7054,0.001159527599866721,0.9718659304264539,0.995455265045166
7055,0.001159527599866721,0.9718678537289951,0.995453953742981
7056,0.0011602680389470957,0.9718678537289951,0.9954535961151123
7057,0.0011602680389470957,0.9718890100569489,0.9954496026039124
7058,0.0011602680389470957,0.9719043964772791,0.99544358253479
7059,0.0011602680389470957,0.9719082430823616,0.9954298734664917
7060,0.0011610084780274703,0.9719178595950679,0.9954240918159485
7061,0.0011610084780274703,0.9719197828976092,0.9954169988632202
7062,0.0011610084780274703,0.9719467091331868,0.995412290096283
7063,0.0011610084780274703,0.9719505557382693,0.9954029321670532
7064,0.0011610084780274703,0.9719813285789295,0.9953996539115906
7065,0.001161748917107845,0.9719909450916357,0.9953966736793518
7066,0.001161748917107845,0.972000561604342,0.9953961968421936
7067,0.001161748917107845,0.9720044082094246,0.995387613773346
7068,0.001161748917107845,0.9720274878399197,0.99538654088974
7069,0.001161748917107845,0.972029411142461,0.9953804016113281
7070,0.001161748917107845,0.9720351810500847,0.9953790903091431
7071,0.001161748917107845,0.9720909568237812,0.9953789710998535
7072,0.001161748917107845,0.9720928801263226,0.9953765869140625
7073,0.001161748917107845,0.9721101898491938,0.9953729510307312
7074,0.001161748917107845,0.9721236529669827,0.9953474402427673
7075,0.001161748917107845,0.9721371160847715,0.995345413684845
7076,0.0011624893561882196,0.9721467325974777,0.9953423738479614
7077,0.0011624893561882196,0.9721640423203491,0.9953405857086182
7078,0.0011624893561882196,0.9721736588330554,0.995315670967102
7079,0.0011624893561882196,0.9721832753457618,0.9952979683876038
7080,0.0011624893561882196,0.9721871219508442,0.9952977299690247
7081,0.001172855503313465,0.9725044668701521,0.9952974915504456
7082,0.0011735959423938395,0.9725083134752346,0.9952947497367859
7083,0.0011735959423938395,0.9725160066853996,0.9952940344810486
7084,0.0011735959423938395,0.9725198532904822,0.9952848553657532
7085,0.0011735959423938395,0.9725602426438487,0.9952836632728577
7086,0.0011735959423938395,0.9725660125514723,0.9952828288078308
7087,0.0011735959423938395,0.9725679358540137,0.995280921459198
7088,0.0011735959423938395,0.9725737057616374,0.9952706694602966
7089,0.0011735959423938395,0.97259293878705,0.9952658414840698
7090,0.0011743363814742142,0.9726429446531227,0.9952652454376221
7091,0.0011743363814742142,0.9726583310734529,0.995261013507843
7092,0.0011743363814742142,0.9726698708887004,0.9952560067176819
7093,0.0011765576987153381,0.9728275816970837,0.9952461123466492
7094,0.0011765576987153381,0.972829504999625,0.9952414035797119
7095,0.0011765576987153381,0.972844891419955,0.9952390193939209
7096,0.0011765576987153381,0.9728468147224963,0.9952379465103149
7097,0.0011772981377957128,0.9728468147224963,0.9952378273010254
7098,0.0011772981377957128,0.9728641244453676,0.9952337145805359
7099,0.0011772981377957128,0.9728698943529914,0.9952217936515808
7100,0.001178779015956462,0.9731430033138503,0.9952204823493958
7101,0.0011795194550368367,0.9731449266163915,0.9952124357223511
7102,0.0011795194550368367,0.9731468499189327,0.9952098727226257
7103,0.0011802598941172116,0.9731468499189327,0.9952061772346497
7104,0.0011802598941172116,0.9731603130367216,0.995194137096405
7105,0.0011802598941172116,0.9731622363392629,0.9951876401901245
7106,0.0011802598941172116,0.9731891625748406,0.9951802492141724
7107,0.0011802598941172116,0.973200702390088,0.9951576590538025
7108,0.0011802598941172116,0.9732026256926293,0.9951516389846802
7109,0.0011802598941172116,0.9732237820205832,0.9951139092445374
7110,0.0011810003331975863,0.9732237820205832,0.9951089024543762
7111,0.0011810003331975863,0.9732795577942797,0.9951077699661255
7112,0.0011810003331975863,0.9732834043993622,0.9951057434082031
7113,0.0011810003331975863,0.9732910976095273,0.995103120803833
7114,0.0011810003331975863,0.9732930209120685,0.9951024055480957
7115,0.0011810003331975863,0.9733064840298573,0.9950946569442749
7116,0.0011810003331975863,0.9733084073323987,0.9950879216194153
7117,0.0011810003331975863,0.9733411034756,0.9950782060623169
7118,0.0011810003331975863,0.9733430267781413,0.9950771927833557
7119,0.0011810003331975863,0.9733564898959302,0.9950748085975647
7120,0.0011810003331975863,0.9733891860391315,0.9950686693191528
7121,0.0011810003331975863,0.9733930326442141,0.9950594902038574
7122,0.0011810003331975863,0.9733988025518379,0.9950568675994873
7123,0.0011810003331975863,0.9734026491569203,0.9950470924377441
7124,0.0011810003331975863,0.9734084190645441,0.9950466156005859
7125,0.0011810003331975863,0.9734122656696266,0.995033860206604
7126,0.0011810003331975863,0.9734199588797917,0.9950272440910339
7127,0.0011810003331975863,0.9734218821823329,0.9950238466262817
7128,0.0011810003331975863,0.9734584249306169,0.9950231313705444
7129,0.0011810003331975863,0.9734603482331581,0.9950161576271057
7130,0.0011810003331975863,0.9734795812585707,0.9950083494186401
7131,0.0011810003331975863,0.9734949676789008,0.9950060248374939
7132,0.0011810003331975863,0.9734968909814421,0.9949988126754761
7133,0.0011810003331975863,0.9735122774017722,0.9949914813041687
7134,0.0011810003331975863,0.9735161240068546,0.9949830770492554
7135,0.0011810003331975863,0.9735276638221022,0.9949811100959778
7136,0.0011810003331975863,0.9735353570322672,0.994976282119751
7137,0.0011810003331975863,0.973541126939891,0.9949604272842407
7138,0.0011810003331975863,0.9735545900576799,0.9949593544006348
7139,0.0011810003331975863,0.9735565133602211,0.9949541687965393
7140,0.0011810003331975863,0.9735757463856337,0.994941771030426
7141,0.0011810003331975863,0.9735795929907162,0.9949309229850769
7142,0.0011810003331975863,0.9735815162932575,0.9949266910552979
7143,0.0011810003331975863,0.9735969027135876,0.994925856590271
7144,0.0011810003331975863,0.9735988260161288,0.9949185252189636
7145,0.001181740772277961,0.9735988260161288,0.9949001669883728
7146,0.001181740772277961,0.9736180590415414,0.9948962330818176
7147,0.001181740772277961,0.973621905646624,0.9948847889900208
7148,0.0011824812113583355,0.9736546017898253,0.9948807954788208
7149,0.0011824812113583355,0.9736584483949079,0.9948678016662598
7150,0.0011824812113583355,0.9736699882101554,0.9948611855506897
7151,0.0011824812113583355,0.9737046076558981,0.9948563575744629
7152,0.0011824812113583355,0.9737065309584394,0.9948543906211853
7153,0.0011824812113583355,0.9737257639838519,0.9948542714118958
7154,0.0011824812113583355,0.9737296105889345,0.9948457479476929
7155,0.0011824812113583355,0.9737430737067233,0.9948438405990601
7156,0.0011824812113583355,0.9737449970092645,0.9948381781578064
7157,0.0011824812113583355,0.9737565368245121,0.9948323965072632
7158,0.0011824812113583355,0.9737834630600898,0.9948307871818542
7159,0.0011824812113583355,0.9737892329677135,0.9948284029960632
7160,0.0011824812113583355,0.9737911562702548,0.9948261380195618
7161,0.0011824812113583355,0.9737988494804198,0.9948163628578186
7162,0.0011824812113583355,0.9738026960855023,0.9947823882102966
7163,0.0011824812113583355,0.9738411621363275,0.9947811961174011
7164,0.0011824812113583355,0.9738603951617402,0.994779109954834
7165,0.0011824812113583355,0.9738661650693639,0.994766116142273
7166,0.0011824812113583355,0.973873858279529,0.9947658777236938
7167,0.0011824812113583355,0.9738988612125653,0.9947596192359924
7168,0.0011824812113583355,0.9739007845151065,0.9947538375854492
7169,0.0011824812113583355,0.9739104010278129,0.9947496056556702
7170,0.0011824812113583355,0.9739123243303541,0.9947426319122314
7171,0.0011824812113583355,0.9739161709354367,0.9947265982627869
7172,0.0011824812113583355,0.9739219408430604,0.9947081804275513
7173,0.0011824812113583355,0.973925787448143,0.9946962594985962
7174,0.0011824812113583355,0.9739315573557668,0.9946944117546082
7175,0.0011824812113583355,0.973933480658308,0.9946902990341187
7176,0.0011824812113583355,0.9739392505659318,0.9946618676185608
7177,0.0011824812113583355,0.9739430971710142,0.9946402907371521
7178,0.0011824812113583355,0.9739565602888031,0.9946367144584656
7179,0.0011824812113583355,0.9739661768015094,0.9946346282958984
7180,0.0011824812113583355,0.9739873331294633,0.9946247935295105
7181,0.0011824812113583355,0.9739892564320045,0.9946223497390747
7182,0.0011832216504387102,0.9739988729447108,0.9946172833442688
7183,0.0011832216504387102,0.9740027195497933,0.9946044087409973
7184,0.0011832216504387102,0.9740315690879122,0.9945967197418213
7185,0.0011832216504387102,0.9740334923904534,0.994595468044281
7186,0.0011847025285994595,0.9740623419285724,0.9945923686027527
7187,0.0011847025285994595,0.9740969613743151,0.9945880174636841
7188,0.0011847025285994595,0.9741008079793976,0.994563639163971
7189,0.0011847025285994595,0.9741085011895626,0.9945604205131531
7190,0.0011861834067602088,0.974118117702269,0.9945579767227173
7191,0.0011869238458405834,0.9741527371480115,0.9945553541183472
7192,0.0011869238458405834,0.9741623536607179,0.9945540428161621
7193,0.0011869238458405834,0.9741719701734242,0.994485080242157
7194,0.0011869238458405834,0.9741969731064606,0.9944813251495361
7195,0.0011869238458405834,0.9742046663166256,0.9944698810577393
7196,0.0011869238458405834,0.9742335158547445,0.9944608211517334
7197,0.0011869238458405834,0.9742354391572857,0.9944584369659424
7198,0.0011869238458405834,0.9742412090649095,0.9944494962692261
7199,0.0011869238458405834,0.9742450556699921,0.9944455027580261
7200,0.0011869238458405834,0.9742604420903221,0.9944422841072083
7201,0.0011869238458405834,0.9742777518131934,0.9944409728050232
7202,0.0011869238458405834,0.9742796751157348,0.9944359064102173
7203,0.001187664284920958,0.9742931382335236,0.994432270526886
7204,0.001187664284920958,0.9743239110741837,0.99443119764328
7205,0.001187664284920958,0.9743431440995963,0.9944296479225159
7206,0.001187664284920958,0.9743489140072201,0.99442458152771
7207,0.001187664284920958,0.9743508373097614,0.9944235682487488
7208,0.001187664284920958,0.974362377125009,0.9944204688072205
7209,0.001187664284920958,0.9743796868478802,0.9944114089012146
7210,0.001187664284920958,0.9743931499656691,0.99440997838974
7211,0.001187664284920958,0.9743950732682103,0.9944041967391968
7212,0.0011884047240013327,0.9744162295961641,0.9943976402282715
7213,0.0011891451630817074,0.9744316160164942,0.9943944215774536
7214,0.0011891451630817074,0.9744412325292006,0.994392991065979
7215,0.0011891451630817074,0.9744431558317418,0.9943923354148865
7216,0.0011891451630817074,0.9744508490419068,0.9943912625312805
7217,0.0011891451630817074,0.9744546956469894,0.9943859577178955
7218,0.0011891451630817074,0.9744720053698607,0.9943732023239136
7219,0.0011891451630817074,0.9744931616978145,0.9943593144416809
7220,0.0011891451630817074,0.9744950850003559,0.9943550825119019
7221,0.0011891451630817074,0.9745008549079796,0.9943458437919617
7222,0.0011891451630817074,0.9745047015130621,0.9943261742591858
7223,0.0011891451630817074,0.9745239345384747,0.9943206310272217
7224,0.0011891451630817074,0.9745373976562636,0.9943168759346008
7225,0.001189885602162082,0.9745662471943825,0.9943080544471741
7226,0.001189885602162082,0.9745700937994649,0.9942861199378967
7227,0.001189885602162082,0.9745893268248775,0.9942779541015625
7228,0.001189885602162082,0.9746008666401251,0.9942691326141357
7229,0.001189885602162082,0.9746181763629964,0.9942591190338135
7230,0.001189885602162082,0.974629716178244,0.9942548871040344
7231,0.001189885602162082,0.9746354860858678,0.9942529797554016
7232,0.001189885602162082,0.9746508725061979,0.9942459464073181
7233,0.001189885602162082,0.974673952136693,0.9942408800125122
7234,0.0011906260412424567,0.974673952136693,0.994231641292572
7235,0.0011906260412424567,0.9746777987417755,0.9942224621772766
7236,0.0011906260412424567,0.9746912618595643,0.9942197799682617
7237,0.0011906260412424567,0.9746951084646468,0.9941980838775635
7238,0.0011906260412424567,0.9747201113976832,0.9941964149475098
7239,0.0011906260412424567,0.9747278046078482,0.9941845536231995
7240,0.0011906260412424567,0.9747297279103895,0.9941832423210144
7241,0.0011906260412424567,0.9747354978180133,0.9941735863685608
7242,0.0011906260412424567,0.9747451143307195,0.994170606136322
7243,0.0011906260412424567,0.9747528075408846,0.9941673278808594
7244,0.0011906260412424567,0.9747566541459671,0.9941660165786743
7245,0.0011906260412424567,0.9747585774485084,0.9941607117652893
7246,0.0011906260412424567,0.974770117263756,0.9941565990447998
7247,0.0011906260412424567,0.974777810473921,0.9941307902336121
7248,0.0011906260412424567,0.9747816570790035,0.9941229224205017
7249,0.0011906260412424567,0.9747970434993336,0.9941157102584839
7250,0.0011906260412424567,0.9748047367094986,0.9941154718399048
7251,0.0011906260412424567,0.9748066600120399,0.9941137433052063
7252,0.0011906260412424567,0.9748239697349113,0.9941002726554871
7253,0.0011906260412424567,0.9748432027603238,0.9940979480743408
7254,0.0011906260412424567,0.9748470493654063,0.9940892457962036
7255,0.0011906260412424567,0.9748624357857364,0.9940876960754395
7256,0.0011906260412424567,0.9748682056933602,0.994085431098938
7257,0.0011913664803228313,0.9749162882568917,0.9940778017044067
7258,0.0011913664803228313,0.9749182115594329,0.9940762519836426
7259,0.0011913664803228313,0.9749220581645155,0.9940687417984009
7260,0.0011913664803228313,0.9750393796195322,0.9940669536590576
7261,0.0011913664803228313,0.9750413029220736,0.9940569400787354
7262,0.0011913664803228313,0.9750605359474861,0.9940539002418518
7263,0.0011913664803228313,0.9750720757627337,0.9940517544746399
7264,0.0011913664803228313,0.9750778456703575,0.9940488338470459
7265,0.0011913664803228313,0.97508169227544,0.9940462112426758
7266,0.0011913664803228313,0.9751009253008526,0.9940351843833923
7267,0.0011913664803228313,0.9751028486033939,0.9940347075462341
7268,0.0011921069194032062,0.9751374680491365,0.9940280914306641
7269,0.0011921069194032062,0.9751470845618428,0.994022786617279
7270,0.0011921069194032062,0.9751509311669253,0.9940191507339478
7271,0.0011921069194032062,0.9751586243770904,0.9940176010131836
7272,0.0011921069194032062,0.9751605476796317,0.9940154552459717
7273,0.0011921069194032062,0.9751759340999617,0.9940094947814941
7274,0.0011921069194032062,0.975177857402503,0.9940081834793091
7275,0.0011921069194032062,0.9752047836380806,0.9940074682235718
7276,0.0011921069194032062,0.9752067069406218,0.9939931035041809
7277,0.0011928473584835808,0.9752105535457044,0.9939739108085632
7278,0.0011928473584835808,0.9752124768482456,0.9939665794372559
7279,0.0011928473584835808,0.9752355564787408,0.9939664602279663
7280,0.0011928473584835808,0.9752432496889059,0.9939618706703186
7281,0.0011935877975639555,0.9752682526219422,0.9939326643943787
7282,0.0011935877975639555,0.9752720992270247,0.9939252734184265
7283,0.0011943282366443301,0.975281715739731,0.993922233581543
7284,0.0011950686757247048,0.9752951788575198,0.9939204454421997
7285,0.0011950686757247048,0.9753105652778499,0.9939202070236206
7286,0.0011950686757247048,0.9753163351854737,0.993908166885376
7287,0.0011950686757247048,0.9753259516981799,0.9939026832580566
7288,0.0011950686757247048,0.9753413381185101,0.9939017295837402
7289,0.0011958091148050794,0.975362494446464,0.9938978552818298
7290,0.0011958091148050794,0.9753682643540877,0.9938759207725525
7291,0.0011958091148050794,0.9753817274718765,0.9938750863075256
7292,0.0011958091148050794,0.9753894206820416,0.9938722848892212
7293,0.0011958091148050794,0.9753971138922066,0.9938573241233826
7294,0.0011958091148050794,0.9754086537074541,0.9938560128211975
7295,0.0011958091148050794,0.9754125003125367,0.9938554167747498
7296,0.0011958091148050794,0.9754144236150779,0.9938398003578186
7297,0.0011958091148050794,0.9754451964557381,0.993833065032959
7298,0.0011958091148050794,0.9754586595735268,0.993803858757019
7299,0.0011958091148050794,0.9754682760862332,0.9937977194786072
7300,0.0011958091148050794,0.975481739204022,0.9937897324562073
7301,0.0011958091148050794,0.9754836625065633,0.9937826991081238
7302,0.0011958091148050794,0.9754971256243521,0.9937576055526733
7303,0.0011958091148050794,0.9754990489268933,0.9937570095062256
7304,0.0011958091148050794,0.9755221285573885,0.9937553405761719
7305,0.0011958091148050794,0.9755298217675535,0.9937517046928406
7306,0.0011958091148050794,0.9755529013980486,0.9937449097633362
7307,0.0011958091148050794,0.9755605946082136,0.9937347769737244
7308,0.0011958091148050794,0.9755625179107549,0.9937291145324707
7309,0.0011958091148050794,0.9755702111209199,0.9937283992767334
7310,0.0011958091148050794,0.9755932907514151,0.9937227368354797
7311,0.0011958091148050794,0.975614447079369,0.9937142729759216
7312,0.0011958091148050794,0.9756202169869927,0.9937020540237427
7313,0.0011958091148050794,0.975629833499699,0.9936927556991577
7314,0.0011958091148050794,0.9756606063403591,0.9936854243278503
7315,0.0011958091148050794,0.9756625296429005,0.9936781525611877
7316,0.0011958091148050794,0.9756721461556067,0.9936703443527222
7317,0.001196549553885454,0.9756721461556067,0.9936602711677551
7318,0.001196549553885454,0.9756875325759368,0.993648111820221
7319,0.001196549553885454,0.9756894558784781,0.9936477541923523
7320,0.001196549553885454,0.9757029189962668,0.9936445951461792
7321,0.001196549553885454,0.975718305416597,0.9936422109603882
7322,0.001196549553885454,0.9757471549547159,0.9936322569847107
7323,0.001196549553885454,0.9757663879801285,0.9936167001724243
7324,0.001196549553885454,0.975777927795376,0.9936046004295349
7325,0.001196549553885454,0.9757798510979172,0.9936030507087708
7326,0.001196549553885454,0.9758029307284124,0.9935877323150635
7327,0.001196549553885454,0.9758048540309536,0.9935874938964844
7328,0.0011972899929658287,0.9758202404512837,0.9935729503631592
7329,0.0011980304320462034,0.9758433200817789,0.9935576319694519
7330,0.0011980304320462034,0.9758510132919439,0.9935458302497864
7331,0.001198770871126578,0.9758510132919439,0.9935286641120911
7332,0.001198770871126578,0.9758625531071914,0.9935163259506226
7333,0.001198770871126578,0.975866399712274,0.9935053586959839
7334,0.001198770871126578,0.9758779395275214,0.9935029149055481
7335,0.001198770871126578,0.9759375619063005,0.993502676486969
7336,0.001198770871126578,0.9759510250240894,0.9934983253479004
7337,0.001198770871126578,0.975962564839337,0.9934968948364258
7338,0.001198770871126578,0.9759721813520432,0.9934873580932617
7339,0.001198770871126578,0.975977951259667,0.99346923828125
7340,0.001198770871126578,0.9760068007977859,0.9934582114219666
7341,0.001198770871126578,0.9760125707054097,0.993425726890564
7342,0.001198770871126578,0.9760144940079509,0.993417501449585
7343,0.001198770871126578,0.9760183406130335,0.993407130241394
7344,0.001198770871126578,0.9760202639155747,0.9934015870094299
7345,0.001198770871126578,0.9760587299663999,0.9933863282203674
7346,0.001198770871126578,0.9760644998740237,0.9933789968490601
7347,0.001198770871126578,0.9760856562019775,0.9933757185935974
7348,0.001198770871126578,0.9760895028070601,0.9933584332466125
7349,0.001198770871126578,0.9761010426223076,0.9933570027351379
7350,0.001198770871126578,0.9761048892273901,0.9933258295059204
7351,0.001198770871126578,0.9761087358324727,0.9933083057403564
7352,0.001198770871126578,0.9761125824375552,0.9933035969734192
7353,0.001198770871126578,0.9761318154629678,0.9932631850242615
7354,0.001198770871126578,0.9761375853705916,0.9932422041893005
7355,0.0011995113102069527,0.9761375853705916,0.9932352900505066
7356,0.0011995113102069527,0.9761433552782153,0.9932343363761902
7357,0.0011995113102069527,0.9761472018832978,0.9932115077972412
7358,0.0011995113102069527,0.9761510484883804,0.9932094216346741
7359,0.0011995113102069527,0.9761568183960041,0.993170976638794
7360,0.0011995113102069527,0.9761702815137929,0.9931631088256836
7361,0.0011995113102069527,0.9761818213290405,0.993162989616394
7362,0.0011995113102069527,0.9761856679341231,0.9931408762931824
7363,0.0011995113102069527,0.9762125941697006,0.9931371212005615
7364,0.0011995113102069527,0.9762279805900308,0.9931216835975647
7365,0.0011995113102069527,0.9762414437078196,0.9931206107139587
7366,0.0011995113102069527,0.9762510602205259,0.9931163191795349
7367,0.0011995113102069527,0.9762568301281497,0.9931120276451111
7368,0.0011995113102069527,0.9762587534306909,0.993110179901123
7369,0.0012002517492873273,0.9762914495738924,0.9931020736694336
7370,0.0012002517492873273,0.9762933728764336,0.9930792450904846
7371,0.0012002517492873273,0.9763010660865986,0.9930778741836548
7372,0.0012002517492873273,0.9763145292043874,0.9930739402770996
7373,0.0012002517492873273,0.9763453020450475,0.9930562376976013
7374,0.0012002517492873273,0.9763568418602951,0.9930561184883118
7375,0.001200992188367702,0.9763818447933316,0.9930508136749268
7376,0.001200992188367702,0.976385691398414,0.9930292963981628
7377,0.001200992188367702,0.9763914613060378,0.9930288195610046
7378,0.001200992188367702,0.976393384608579,0.9930272698402405
7379,0.001200992188367702,0.9764126176339917,0.9930264949798584
7380,0.001200992188367702,0.9764164642390742,0.9930203557014465
7381,0.001200992188367702,0.9764299273568631,0.9930095672607422
7382,0.001200992188367702,0.9764337739619455,0.9929884076118469
7383,0.001200992188367702,0.9764433904746518,0.9929351210594177
7384,0.0012017326274480766,0.9764568535924406,0.9929280877113342
7385,0.0012017326274480766,0.9764626235000644,0.9929197430610657
7386,0.0012017326274480766,0.9764837798280183,0.9929177761077881
7387,0.0012024730665284513,0.9765068594585135,0.9929171800613403
7388,0.0012024730665284513,0.9765087827610547,0.9929168224334717
7389,0.0012024730665284513,0.9765203225763022,0.9929075241088867
7390,0.0012024730665284513,0.9765241691813847,0.9928687214851379
7391,0.001203213505608826,0.9765241691813847,0.9928678274154663
7392,0.001203213505608826,0.976533785694091,0.9928632378578186
7393,0.001203213505608826,0.976541478904256,0.9928619265556335
7394,0.001203213505608826,0.9765453255093386,0.9928615689277649
7395,0.001203213505608826,0.97656263523221,0.9928374886512756
7396,0.001203213505608826,0.9765645585347512,0.9928303360939026
7397,0.0012039539446892008,0.9766280275186128,0.9928297400474548
7398,0.0012039539446892008,0.976629950821154,0.9928130507469177
7399,0.0012046943837695754,0.9766684168719793,0.9928019046783447
7400,0.0012046943837695754,0.9766799566872267,0.99275803565979
7401,0.0012046943837695754,0.9766895731999331,0.9927369356155396
7402,0.0012046943837695754,0.9767068829228044,0.9927366971969604
7403,0.0012046943837695754,0.976710729527887,0.9927322268486023
7404,0.0012046943837695754,0.9767357324609233,0.9927311539649963
7405,0.0012046943837695754,0.9767376557634646,0.9927184581756592
7406,0.0012046943837695754,0.9767511188812534,0.9926519989967346
7407,0.0012046943837695754,0.9767684286041247,0.9926460981369019
7408,0.0012046943837695754,0.976778045116831,0.9925774931907654
7409,0.00120543482284995,0.9767895849320786,0.9925773739814758
7410,0.0012061752619303247,0.9767934315371611,0.9925732612609863
7411,0.0012061752619303247,0.9767972781422436,0.992572009563446
7412,0.0012061752619303247,0.9767992014447848,0.9925641417503357
7413,0.0012061752619303247,0.976814587865115,0.9925368428230286
7414,0.0012069157010106994,0.9768165111676562,0.992526650428772
7415,0.0012069157010106994,0.9768203577727387,0.9925088286399841
7416,0.0012069157010106994,0.9768280509829038,0.9925057291984558
7417,0.0012069157010106994,0.9768472840083163,0.9925025701522827
7418,0.0012069157010106994,0.9768703636388115,0.992500364780426
7419,0.0012069157010106994,0.9768857500591416,0.9925001263618469
7420,0.0012069157010106994,0.9769396025302968,0.9924998879432678
7421,0.0012069157010106994,0.9769511423455444,0.9924682974815369
7422,0.0012069157010106994,0.9769665287658744,0.9924587607383728
7423,0.0012069157010106994,0.9769684520684158,0.9924485683441162
7424,0.0012069157010106994,0.9769742219760394,0.9924443364143372
7425,0.0012069157010106994,0.9770011482116171,0.9924180507659912
7426,0.0012069157010106994,0.9770242278421123,0.9923836588859558
7427,0.0012069157010106994,0.9770261511446535,0.9923812747001648
7428,0.0012069157010106994,0.9770338443548185,0.9923761487007141
7429,0.0012069157010106994,0.977074233708185,0.9923328161239624
7430,0.0012069157010106994,0.977118469666634,0.9923315048217773
7431,0.0012069157010106994,0.9771203929691752,0.9923158884048462
7432,0.0012091370182518233,0.9771473192047528,0.9923146367073059
7433,0.0012091370182518233,0.9771627056250829,0.9923088550567627
7434,0.0012091370182518233,0.9771646289276242,0.9923048615455627
7435,0.0012091370182518233,0.9771934784657431,0.9923006296157837
7436,0.0012091370182518233,0.9771954017682843,0.9922834038734436
7437,0.0012091370182518233,0.9772050182809906,0.992268979549408
7438,0.0012106178964125726,0.9772781037775585,0.9922620058059692
7439,0.0012106178964125726,0.9772819503826411,0.9922494888305664
7440,0.0012106178964125726,0.9772992601055124,0.9922468662261963
7441,0.0012106178964125726,0.9773069533156774,0.9922330379486084
7442,0.0012106178964125726,0.9773396494588789,0.9922308325767517
7443,0.0012106178964125726,0.9773492659715851,0.9922305941581726
7444,0.0012106178964125726,0.977370422299539,0.9922080636024475
7445,0.0012106178964125726,0.9773838854173278,0.992186427116394
7446,0.0012106178964125726,0.977385808719869,0.9921817779541016
7447,0.0012106178964125726,0.9773992718376578,0.9921798706054688
7448,0.0012106178964125726,0.9774011951401992,0.9921749234199524
7449,0.0012106178964125726,0.9774088883503642,0.992143988609314
7450,0.0012106178964125726,0.9774108116529054,0.9921231865882874
7451,0.0012106178964125726,0.9774358145859419,0.9921099543571472
7452,0.0012106178964125726,0.9774723573342258,0.9920559525489807
7453,0.0012106178964125726,0.977474280636767,0.9920551180839539
7454,0.0012106178964125726,0.9774781272418496,0.992046594619751
7455,0.0012106178964125726,0.9774800505443908,0.9920400381088257
7456,0.0012113583354929473,0.9775550593435,0.9920384883880615
7457,0.0012113583354929473,0.977562752553665,0.9920061230659485
7458,0.0012113583354929473,0.9775858321841601,0.9920022487640381
7459,0.0012113583354929473,0.9775877554867013,0.991985559463501
7460,0.0012113583354929473,0.9775992953019489,0.9919840693473816
7461,0.0012113583354929473,0.9776050652095727,0.9919710159301758
7462,0.0012113583354929473,0.9776108351171965,0.991952121257782
7463,0.0012128392136536966,0.9776108351171965,0.9919517040252686
7464,0.0012128392136536966,0.9776127584197377,0.9919455647468567
7465,0.0012128392136536966,0.9776262215375265,0.991933286190033
7466,0.0012128392136536966,0.9776281448400678,0.9919161200523376
7467,0.0012128392136536966,0.9776358380502328,0.9919043183326721
7468,0.0012128392136536966,0.9776396846553154,0.9918988943099976
7469,0.0012135796527340712,0.9776569943781867,0.9918965697288513
7470,0.0012135796527340712,0.9776589176807279,0.9918668866157532
7471,0.0012135796527340712,0.977666610890893,0.9918648600578308
7472,0.0012135796527340712,0.9776762274035993,0.9918609857559204
7473,0.0012135796527340712,0.9776916138239293,0.9917608499526978
7474,0.0012135796527340712,0.9777281565722132,0.9917592406272888
7475,0.0012135796527340712,0.977733926479837,0.9917396306991577
7476,0.0012135796527340712,0.9777743158332035,0.9917312264442444
7477,0.0012143200918144459,0.9777743158332035,0.9916849136352539
7478,0.0012143200918144459,0.977807011976405,0.9916747212409973
7479,0.0012143200918144459,0.977882020775514,0.9916411638259888
7480,0.0012143200918144459,0.977918563523798,0.9915449619293213
7481,0.0012143200918144459,0.9779339499441281,0.991544246673584
7482,0.0012143200918144459,0.9779358732466693,0.9915345311164856
7483,0.0012143200918144459,0.9779416431542931,0.9915339350700378
7484,0.0012143200918144459,0.9779454897593756,0.9915074110031128
7485,0.0012143200918144459,0.977970492692412,0.991506040096283
7486,0.0012143200918144459,0.9779743392974946,0.9914994835853577
7487,0.0012143200918144459,0.9779954956254484,0.9914593696594238
7488,0.0012143200918144459,0.9779993422305309,0.9914414882659912
7489,0.0012143200918144459,0.9780858908448876,0.9914343357086182
7490,0.0012143200918144459,0.978118586988089,0.9913984537124634
7491,0.0012143200918144459,0.9782032122999044,0.991375744342804
7492,0.0012143200918144459,0.9782070589049869,0.9913666844367981
7493,0.0012143200918144459,0.9782109055100694,0.9913383722305298
7494,0.0012143200918144459,0.9782282152329408,0.9913361072540283
7495,0.0012143200918144459,0.978230138535482,0.991323709487915
7496,0.0012143200918144459,0.9782589880736009,0.9912782311439514
7497,0.0012143200918144459,0.9782686045863073,0.9912762641906738
7498,0.0012150605308948205,0.9782686045863073,0.9912631511688232
7499,0.0012150605308948205,0.9782705278888485,0.9912489652633667
7500,0.0012150605308948205,0.9782762977964723,0.9912388920783997
7501,0.0012150605308948205,0.9782782210990135,0.991236686706543
7502,0.0012158009699751954,0.9782878376117199,0.9912023544311523
7503,0.0012158009699751954,0.9782916842168023,0.991135835647583
7504,0.0012158009699751954,0.9783147638472974,0.9911324381828308
7505,0.0012158009699751954,0.9783359201752513,0.9911098480224609
7506,0.0012158009699751954,0.9783378434777926,0.9911092519760132
7507,0.00121654140905557,0.9783378434777926,0.9911070466041565
7508,0.00121654140905557,0.9783397667803339,0.9910715222358704
7509,0.0012172818481359447,0.9783416900828751,0.9910682439804077
7510,0.0012172818481359447,0.9783455366879577,0.9910467267036438
7511,0.0012172818481359447,0.9783493832930401,0.9910209774971008
7512,0.0012172818481359447,0.9783551532006639,0.9910072684288025
7513,0.0012172818481359447,0.9783936192514892,0.9909795522689819
7514,0.0012180222872163193,0.978407082369278,0.9909678101539612
7515,0.0012180222872163193,0.9784128522769017,0.9909259080886841
7516,0.0012180222872163193,0.9784186221845255,0.9908945560455322
7517,0.0012180222872163193,0.978422468789608,0.9908885955810547
7518,0.0012180222872163193,0.9784243920921493,0.9908567667007446
7519,0.0012180222872163193,0.978482091168387,0.9908341765403748
7520,0.0012180222872163193,0.978489784378552,0.9908291101455688
7521,0.0012180222872163193,0.9784955542861759,0.9908249974250793
7522,0.0012180222872163193,0.9784994008912584,0.9908115863800049
7523,0.0012180222872163193,0.9785070941014234,0.9907557368278503
7524,0.0012180222872163193,0.9785263271268361,0.99072265625
7525,0.0012180222872163193,0.9785301737319185,0.9906697273254395
7526,0.0012180222872163193,0.9785378669420836,0.9906437993049622
7527,0.0012180222872163193,0.9785436368497074,0.990603506565094
7528,0.0012180222872163193,0.9785513300598724,0.9905369877815247
7529,0.0012180222872163193,0.9785532533624137,0.990525484085083
7530,0.0012180222872163193,0.9785609465725787,0.990522563457489
7531,0.0012180222872163193,0.9785647931776612,0.9904879927635193
7532,0.0012180222872163193,0.9785878728081563,0.9904866814613342
7533,0.0012180222872163193,0.9785897961106976,0.9904734492301941
7534,0.0012180222872163193,0.9786051825310277,0.990462601184845
7535,0.0012180222872163193,0.9786128757411927,0.9904575347900391
7536,0.0012180222872163193,0.9786186456488165,0.9903700947761536
7537,0.0012180222872163193,0.978622492253899,0.9903674125671387
7538,0.0012180222872163193,0.9786244155564403,0.9903627038002014
7539,0.0012180222872163193,0.9786301854640641,0.9903572201728821
7540,0.0012180222872163193,0.9786340320691466,0.9903035759925842
7541,0.0012180222872163193,0.9786532650945592,0.9902982115745544
7542,0.0012180222872163193,0.9786551883971004,0.9902864694595337
7543,0.0012180222872163193,0.978659035002183,0.9901856184005737
7544,0.0012180222872163193,0.9786628816072654,0.9901671409606934
7545,0.0012180222872163193,0.9786705748174305,0.9901268482208252
7546,0.0012180222872163193,0.9786801913301368,0.9901242852210999
7547,0.0012180222872163193,0.9786840379352193,0.9900869727134705
7548,0.001218762726296694,0.9786859612377606,0.9900768399238586
7549,0.001218762726296694,0.9786878845403019,0.9900625348091125
7550,0.001218762726296694,0.9787071175657145,0.9900596141815186
7551,0.001218762726296694,0.9787090408682557,0.990059494972229
7552,0.001218762726296694,0.9787532768267047,0.9899951219558716
7553,0.001218762726296694,0.9787590467343285,0.9899502992630005
7554,0.001218762726296694,0.9787609700368697,0.9899339079856873
7555,0.0012195031653770686,0.978770586549576,0.98993319272995
7556,0.0012195031653770686,0.9787898195749886,0.9899270534515381
7557,0.0012195031653770686,0.9788013593902362,0.9899057745933533
7558,0.0012195031653770686,0.9788244390207312,0.9899036884307861
7559,0.0012195031653770686,0.9788494419537677,0.9898923635482788
7560,0.0012195031653770686,0.9788513652563089,0.9898640513420105
7561,0.0012195031653770686,0.9788629050715565,0.9898582100868225
7562,0.0012195031653770686,0.978866751676639,0.9898386001586914
7563,0.0012195031653770686,0.9788859847020516,0.9898368716239929
7564,0.0012195031653770686,0.9788917546096754,0.9898353219032288
7565,0.0012195031653770686,0.9788936779122166,0.989812433719635
7566,0.0012195031653770686,0.9789282973579593,0.9898052215576172
7567,0.0012195031653770686,0.9789475303833719,0.9897844195365906
7568,0.0012195031653770686,0.9789571468960782,0.9897660613059998
7569,0.0012195031653770686,0.9789609935011607,0.9897356033325195
7570,0.0012202436044574433,0.9789609935011607,0.9897264838218689
7571,0.0012202436044574433,0.978962916803702,0.9897253513336182
7572,0.0012232053607789419,0.9790263857875635,0.9897130727767944
7573,0.0012232053607789419,0.9790302323926461,0.989662766456604
7574,0.0012232053607789419,0.9790513887205999,0.9896601438522339
7575,0.0012232053607789419,0.9790533120231412,0.9895803332328796
7576,0.0012232053607789419,0.9790571586282237,0.9895764589309692
7577,0.0012232053607789419,0.9790917780739664,0.9895659685134888
7578,0.0012232053607789419,0.9790937013765076,0.9895623326301575
7579,0.0012232053607789419,0.9790975479815901,0.9895558953285217
7580,0.0012232053607789419,0.9791071644942965,0.9895504117012024
7581,0.0012232053607789419,0.9791110110993789,0.9895365238189697
7582,0.0012232053607789419,0.9791263975197091,0.9895004630088806
7583,0.0012232053607789419,0.9791321674273328,0.989496648311615
7584,0.0012232053607789419,0.9791437072425804,0.9894960522651672
7585,0.0012232053607789419,0.9791514004527454,0.9893624186515808
7586,0.0012254266780200658,0.9791648635705342,0.9893500208854675
7587,0.0012254266780200658,0.9791725567806993,0.9893442988395691
7588,0.0012254266780200658,0.9791764033857818,0.9893290400505066
7589,0.0012254266780200658,0.979178326688323,0.9893139600753784
7590,0.0012261671171004405,0.979178326688323,0.9893059134483337
7591,0.0012261671171004405,0.9791821732934056,0.9892823696136475
7592,0.0012269075561808151,0.9791956364111943,0.9892774820327759
7593,0.0012269075561808151,0.9791975597137357,0.9892639517784119
7594,0.0012269075561808151,0.979214869436607,0.9892343282699585
7595,0.0012269075561808151,0.9792398723696434,0.989188015460968
7596,0.0012269075561808151,0.9792417956721846,0.9891498684883118
7597,0.0012269075561808151,0.9792514121848909,0.9891126751899719
7598,0.0012269075561808151,0.9792552587899734,0.9890657663345337
7599,0.0012269075561808151,0.9792571820925147,0.989032506942749
7600,0.0012269075561808151,0.9792687219077623,0.988996148109436
7601,0.0012269075561808151,0.9792821850255511,0.9889931082725525
7602,0.0012269075561808151,0.9792860316306335,0.9889675974845886
7603,0.0012269075561808151,0.9792898782357161,0.9889312386512756
7604,0.0012269075561808151,0.9792975714458811,0.9888916015625
7605,0.0012269075561808151,0.9792994947484224,0.9888496994972229
7606,0.0012269075561808151,0.9793033413535049,0.9888128638267517
7607,0.0012283884343415646,0.9793244976814588,0.9887831807136536
7608,0.0012283884343415646,0.9793398841017888,0.9886816740036011
7609,0.0012283884343415646,0.9793456540094126,0.9886385798454285
7610,0.0012283884343415646,0.9793475773119539,0.988605797290802
7611,0.0012283884343415646,0.9793552705221189,0.9886013865470886
7612,0.0012283884343415646,0.9793571938246602,0.9885812401771545
7613,0.0012283884343415646,0.9793706569424491,0.9884549379348755
7614,0.0012283884343415646,0.9793802734551553,0.9883735775947571
7615,0.0012283884343415646,0.9793879666653204,0.9883666634559631
7616,0.0012283884343415646,0.9794245094136043,0.9883561730384827
7617,0.0012283884343415646,0.9794648987669707,0.9883506298065186
7618,0.0012283884343415646,0.9794802851873008,0.9883111119270325
7619,0.0012283884343415646,0.9794822084898421,0.988286554813385
7620,0.0012283884343415646,0.9795225978432085,0.9882744550704956
7621,0.0012283884343415646,0.9795264444482911,0.9882510304450989
7622,0.0012283884343415646,0.9795572172889512,0.9882413744926453
7623,0.0012283884343415646,0.9795937600372351,0.9882410168647766
7624,0.0012283884343415646,0.9796245328778953,0.9881913065910339
7625,0.0012283884343415646,0.9796264561804365,0.9881595373153687
7626,0.0012283884343415646,0.9796418426007666,0.9881497621536255
7627,0.0012283884343415646,0.9796533824160142,0.9878780841827393
7628,0.0012283884343415646,0.9796629989287204,0.9878526926040649
7629,0.0012283884343415646,0.9796649222312618,0.9878174662590027
7630,0.0012283884343415646,0.9796860785592156,0.9877945184707642
7631,0.0012283884343415646,0.9796880018617569,0.9877862930297852
7632,0.0012283884343415646,0.9797033882820869,0.9877272844314575
7633,0.0012283884343415646,0.9797226213074995,0.9877206683158875
7634,0.0012283884343415646,0.9797918601989849,0.9876759052276611
7635,0.0012283884343415646,0.9797937835015261,0.9876647591590881
7636,0.0012283884343415646,0.9798091699218562,0.9876630902290344
7637,0.0012283884343415646,0.9798130165269388,0.9876590371131897
7638,0.0012283884343415646,0.9798437893675989,0.9876311421394348
7639,0.0012283884343415646,0.9798803321158829,0.9875795245170593
7640,0.0012283884343415646,0.9799014884438367,0.9875791668891907
7641,0.0012283884343415646,0.979911104956543,0.9875773191452026
7642,0.0012283884343415646,0.9799149515616254,0.987525463104248
7643,0.0012283884343415646,0.9799476477048269,0.9874927997589111
7644,0.0012283884343415646,0.9799495710073681,0.9873166084289551
7645,0.0012283884343415646,0.979963034125157,0.9872755408287048
7646,0.0012283884343415646,0.9799803438480283,0.9872128367424011
7647,0.0012283884343415646,0.9799880370581934,0.9871585965156555
7648,0.0012283884343415646,0.9799957302683584,0.9869913458824158
7649,0.0012283884343415646,0.9800188098988535,0.9869672656059265
7650,0.0012283884343415646,0.9800245798064773,0.9869102835655212
7651,0.0012283884343415646,0.9800399662268073,0.9868903160095215
7652,0.0012291288734219393,0.9800688157649262,0.9868152737617493
7653,0.001229869312502314,0.98007458567255,0.9867644309997559
7654,0.001229869312502314,0.9800803555801738,0.9867506623268127
7655,0.001229869312502314,0.9801034352106689,0.9867297410964966
7656,0.001229869312502314,0.9801092051182927,0.9866081476211548
7657,0.001229869312502314,0.980111128420834,0.9865773916244507
7658,0.0012306097515826886,0.980155364379283,0.9864948987960815
7659,0.0012306097515826886,0.980163057589448,0.9863195419311523
7660,0.0012306097515826886,0.9801669041945306,0.9862939715385437
7661,0.0012306097515826886,0.980170750799613,0.986283540725708
7662,0.0012306097515826886,0.9801803673123193,0.986192524433136
7663,0.0012306097515826886,0.9801822906148606,0.9861770272254944
7664,0.0012306097515826886,0.9802015236402731,0.9860939979553223
7665,0.0012306097515826886,0.9802034469428145,0.9860748648643494
7666,0.0012306097515826886,0.9802649926241348,0.9859707951545715
7667,0.0012306097515826886,0.9802823023470061,0.9855179786682129
7668,0.0012306097515826886,0.9802938421622537,0.9855040907859802
7669,0.0012306097515826886,0.9802957654647949,0.9854534864425659
7670,0.0012313501906630632,0.9802957654647949,0.985405445098877
7671,0.0012320906297434379,0.9803053819775012,0.9853897094726562
7672,0.0012320906297434379,0.980311151885125,0.9851758480072021
7673,0.0012320906297434379,0.9803880839867753,0.9851545691490173
7674,0.0012328310688238125,0.980399623802023,0.9851515889167786
7675,0.0012328310688238125,0.9804092403147292,0.9851486682891846
7676,0.0012335715079041872,0.9804400131553894,0.9850668907165527
7677,0.0012335715079041872,0.9804419364579307,0.9850467443466187
7678,0.0012335715079041872,0.9804457830630131,0.9849556088447571
7679,0.0012335715079041872,0.9804515529706369,0.9845818877220154
7680,0.0012335715079041872,0.9804727092985908,0.9845580458641052
7681,0.0012335715079041872,0.9805054054417922,0.9845553040504456
7682,0.0012335715079041872,0.9805092520468748,0.9843658208847046
7683,0.0012335715079041872,0.9805130986519572,0.9842993021011353
7684,0.0012335715079041872,0.9805150219544985,0.9842211008071899
7685,0.0012343119469845618,0.9805227151646635,0.9842081665992737
7686,0.0012343119469845618,0.9805419481900761,0.9841628074645996
7687,0.0012343119469845618,0.9805438714926175,0.9840642213821411
7688,0.0012343119469845618,0.9805515647027825,0.9840474724769592
7689,0.0012343119469845618,0.9805573346104062,0.983644425868988
7690,0.0012343119469845618,0.9805842608459838,0.9835171699523926
7691,0.0012343119469845618,0.9805900307536076,0.9834792613983154
7692,0.0012343119469845618,0.9806034938713964,0.9834361672401428
7693,0.0012343119469845618,0.980607340476479,0.9832592010498047
7694,0.0012343119469845618,0.9806169569891853,0.9831915497779846
7695,0.0012343119469845618,0.9806246501993503,0.9830996990203857
7696,0.0012343119469845618,0.9806284968044329,0.9830853343009949
7697,0.0012343119469845618,0.9806419599222217,0.9830465912818909
7698,0.0012343119469845618,0.9806458065273042,0.982964038848877
7699,0.0012343119469845618,0.9806534997374692,0.9828976988792419
7700,0.0012343119469845618,0.9806650395527168,0.9827200174331665
7701,0.0012343119469845618,0.9806688861577992,0.9825384616851807
7702,0.0012343119469845618,0.9806765793679644,0.982525110244751
7703,0.0012343119469845618,0.9806785026705056,0.9824826717376709
7704,0.0012343119469845618,0.9807054289060833,0.9824703335762024
7705,0.0012343119469845618,0.9807131221162483,0.9821081757545471
7706,0.0012350523860649365,0.9807131221162483,0.9820680022239685
7707,0.0012350523860649365,0.9807150454187895,0.9820578098297119
7708,0.0012350523860649365,0.9807188920238721,0.9820329546928406
7709,0.0012350523860649365,0.9807265852340371,0.9817860722541809
7710,0.0012350523860649365,0.9807342784442021,0.9817097783088684
7711,0.0012350523860649365,0.9807362017467434,0.9815574884414673
7712,0.0012357928251453111,0.9807438949569084,0.9815459847450256
7713,0.0012357928251453111,0.9807785144026511,0.9814543128013611
7714,0.0012357928251453111,0.9807862076128161,0.9814466238021851
7715,0.0012357928251453111,0.9807900542178987,0.9813098907470703
7716,0.0012365332642256858,0.9807900542178987,0.9812572002410889
7717,0.0012365332642256858,0.9807939008229811,0.981203019618988
7718,0.0012365332642256858,0.9807977474280637,0.9811663031578064
7719,0.0012365332642256858,0.9808015940331462,0.9811068773269653
7720,0.0012365332642256858,0.9808092872433113,0.9809572696685791
7721,0.0012365332642256858,0.9808189037560175,0.9808902740478516
7722,0.0012365332642256858,0.9808342901763476,0.9807937145233154
7723,0.0012365332642256858,0.9808362134788888,0.9807270765304565
7724,0.0012365332642256858,0.9808612164119253,0.9807124137878418
7725,0.0012365332642256858,0.9808823727398791,0.9806849956512451
7726,0.0012365332642256858,0.9808881426475029,0.9805852770805359
7727,0.0012365332642256858,0.9808939125551267,0.9801443815231323
7728,0.0012372737033060604,0.9808939125551267,0.9801338911056519
7729,0.0012372737033060604,0.9808958358576679,0.9800758361816406
7730,0.0012372737033060604,0.9808996824627504,0.9800389409065247
7731,0.0012372737033060604,0.980903529067833,0.9797704219818115
7732,0.0012372737033060604,0.9809150688830806,0.9797629714012146
7733,0.001238014142386435,0.9809323786059518,0.9796831011772156
7734,0.001238014142386435,0.9809362252110344,0.9796006083488464
7735,0.0012402354596275592,0.9809535349339057,0.9795677661895752
7736,0.0012402354596275592,0.9809554582364469,0.9795364141464233
7737,0.0012402354596275592,0.9809977708923546,0.9795262813568115
7738,0.0012402354596275592,0.9810035407999784,0.9794002175331116
7739,0.0012402354596275592,0.9810112340101435,0.9792883992195129
7740,0.0012402354596275592,0.9810131573126848,0.9792560338973999
7741,0.0012402354596275592,0.9810189272203086,0.9792501330375671
7742,0.0012402354596275592,0.9810208505228498,0.9791223406791687
7743,0.0012402354596275592,0.9810246971279323,0.9790753722190857
7744,0.0012402354596275592,0.9810266204304736,0.9789695739746094
7745,0.0012402354596275592,0.9810420068508037,0.9789041876792908
7746,0.0012402354596275592,0.9810439301533449,0.9787499904632568
7747,0.0012402354596275592,0.9811150923473715,0.978717565536499
7748,0.0012402354596275592,0.9811208622549953,0.9785287380218506
7749,0.0012402354596275592,0.9811285554651603,0.9784890413284302
7750,0.0012402354596275592,0.9811400952804079,0.977961003780365
7751,0.0012402354596275592,0.9811574050032792,0.9776403903961182
7752,0.0012402354596275592,0.9811612516083618,0.9774468541145325
7753,0.0012402354596275592,0.9811650982134442,0.9774051308631897
7754,0.0012402354596275592,0.9811804846337744,0.9764991402626038
7755,0.0012402354596275592,0.9811862545413981,0.9764101505279541
7756,0.0012402354596275592,0.9811901011464806,0.9762193560600281
7757,0.0012402354596275592,0.9811939477515632,0.9762126803398132
7758,0.0012402354596275592,0.9812035642642695,0.9751426577568054
7759,0.0012402354596275592,0.9812362604074709,0.9751357436180115
7760,0.0012402354596275592,0.9812420303150946,0.9750118255615234
7761,0.0012409758987079339,0.9812708798532136,0.9749951958656311
7762,0.0012409758987079339,0.9812766497608373,0.974860668182373
7763,0.0012409758987079339,0.9812804963659199,0.9748035073280334
7764,0.0012409758987079339,0.9812824196684611,0.9747496843338013
7765,0.0012409758987079339,0.9812901128786261,0.9743173122406006
7766,0.0012409758987079339,0.9812939594837087,0.974072277545929
7767,0.0012417163377883085,0.9812939594837087,0.9739173054695129
7768,0.0012417163377883085,0.9812978060887911,0.9735543727874756
7769,0.0012424567768686832,0.9812978060887911,0.9734381437301636
7770,0.0012424567768686832,0.9812997293913325,0.9732470512390137
7771,0.0012424567768686832,0.9813074226014975,0.9730580449104309
7772,0.0012424567768686832,0.9813170391142038,0.9727254509925842
7773,0.0012424567768686832,0.9923875685416943,0.9725821018218994
7774,0.0012424567768686832,0.9924068015671069,0.9725144505500793
7775,0.0012424567768686832,0.9924106481721894,0.9723703861236572
7776,0.0012424567768686832,0.9924510375255559,0.9723303318023682
7777,0.0012424567768686832,0.9924645006433447,0.9713587760925293
7778,0.0012424567768686832,0.9924683472484273,0.971198320388794
7779,0.0012439376550294325,0.9924683472484273,0.9710316061973572
7780,0.0012439376550294325,0.9924702705509685,0.9709903597831726
7781,0.0012439376550294325,0.992474117156051,0.970702052116394
7782,0.0012439376550294325,0.9924779637611335,0.9704663157463074
7783,0.0012439376550294325,0.9924818103662161,0.9703750610351562
7784,0.0012439376550294325,0.9925048899967112,0.9691776037216187
7785,0.0012439376550294325,0.9925087366017936,0.9691311120986938
7786,0.0012439376550294325,0.9925125832068762,0.9686806797981262
7787,0.0012439376550294325,0.9925164298119588,0.9686775207519531
7788,0.0012439376550294325,0.9925279696272062,0.9681375622749329
7789,0.0012439376550294325,0.9925318162322888,0.9681153297424316
7790,0.0012439376550294325,0.99253373953483,0.9681059718132019
7791,0.0012439376550294325,0.9925433560475363,0.9680370092391968
7792,0.0012439376550294325,0.9925491259551601,0.9679023027420044
7793,0.0012439376550294325,0.9925798987958203,0.9678239226341248
7794,0.0012439376550294325,0.9925837454009028,0.9676345586776733
7795,0.0012446780941098071,0.9925837454009028,0.9675616025924683
7796,0.0012446780941098071,0.9925856687034441,0.9675259590148926
7797,0.0012454185331901818,0.9925856687034441,0.9673876166343689
7798,0.0012454185331901818,0.9925875920059853,0.9673771262168884
7799,0.0012454185331901818,0.992606825031398,0.9672565460205078
7800,0.0012454185331901818,0.9926164415441042,0.966974139213562
7801,0.001246899411350931,0.9926164415441042,0.9665911793708801
7802,0.001246899411350931,0.992622211451728,0.9664997458457947
7803,0.001246899411350931,0.9926241347542692,0.9664866328239441
7804,0.0012476398504313057,0.9926260580568105,0.9661862850189209
7805,0.0012476398504313057,0.9926279813593518,0.966155469417572
7806,0.0012476398504313057,0.9926356745695168,0.9659801125526428
7807,0.0012476398504313057,0.9926510609898469,0.9659115672111511
7808,0.0012476398504313057,0.9926587542000119,0.9657890200614929
7809,0.0012476398504313057,0.9926606775025532,0.9657658338546753
7810,0.0012476398504313057,0.992666447410177,0.9656195044517517
7811,0.0012476398504313057,0.9926760639228832,0.965609610080719
7812,0.0012476398504313057,0.992681833830507,0.9653496146202087
7813,0.0012476398504313057,0.9926876037381308,0.965092122554779
7814,0.0012476398504313057,0.9926933736457546,0.9647665023803711
7815,0.0012476398504313057,0.9926972202508371,0.9644930362701416
7816,0.0012476398504313057,0.9926991435533784,0.9642060399055481
7817,0.0012476398504313057,0.9927145299737085,0.9640868306159973
7818,0.0012476398504313057,0.992718376578791,0.9639867544174194
7819,0.0012476398504313057,0.992785692167735,0.9638482928276062
7820,0.0012476398504313057,0.9927895387728176,0.9637442231178284
7821,0.0012476398504313057,0.9927933853779001,0.963702917098999
7822,0.0012476398504313057,0.9927953086804414,0.9636645913124084
7823,0.0012476398504313057,0.9927991552855239,0.9636555314064026
7824,0.0012476398504313057,0.9928049251931477,0.9634717106819153
7825,0.0012476398504313057,0.9928126184033127,0.9634142518043518
7826,0.0012476398504313057,0.9928145417058539,0.9633998870849609
7827,0.0012483802895116804,0.9928145417058539,0.9633654952049255
7828,0.0012483802895116804,0.992822234916019,0.9626734852790833
7829,0.0012483802895116804,0.9928491611515966,0.9625117182731628
7830,0.0012483802895116804,0.9928510844541379,0.9624912738800049
7831,0.0012483802895116804,0.9928568543617616,0.9624834060668945
7832,0.0012483802895116804,0.9928645475719267,0.9624375104904175
7833,0.0012483802895116804,0.992933786463412,0.9622631669044495
7834,0.0012483802895116804,0.9929395563710358,0.962033748626709
7835,0.001249120728592055,0.9929395563710358,0.9619567394256592
7836,0.001249120728592055,0.992941479673577,0.9618654251098633
7837,0.001249120728592055,0.9929607126989897,0.9618432521820068
7838,0.001249120728592055,0.9929664826066135,0.9616625308990479
7839,0.001249120728592055,0.9929722525142373,0.9616160988807678
7840,0.001249120728592055,0.9930549545235114,0.9615904092788696
7841,0.001249120728592055,0.9930684176413003,0.9615710377693176
7842,0.001249120728592055,0.9933453732072416,0.9614967107772827
7843,0.001249120728592055,0.9933492198123242,0.961361825466156
7844,0.001249120728592055,0.9933646062326542,0.961310863494873
7845,0.001249120728592055,0.9941550835771119,0.9612416625022888
7846,0.001249120728592055,0.9941666233923595,0.9606499671936035
7847,0.001249120728592055,0.994170469997442,0.9604794979095459
7848,0.001249120728592055,0.9941743166025245,0.9603936076164246
7849,0.001249120728592055,0.9941820098126896,0.9602634310722351
7850,0.001249120728592055,0.9941839331152308,0.960254430770874
7851,0.001249120728592055,0.9941877797203134,0.960196852684021
7852,0.001249120728592055,0.9941897030228546,0.9601945281028748
7853,0.001249120728592055,0.9941935496279372,0.9601691365242004
7854,0.001249120728592055,0.9942012428381022,0.9601437449455261
7855,0.001249120728592055,0.994222399166056,0.9600467085838318
7856,0.001249120728592055,0.9942300923762211,0.960042417049408
7857,0.001249120728592055,0.9942377855863861,0.9598208665847778
7858,0.001249120728592055,0.994289714755,0.9597825407981873
7859,0.001249120728592055,0.9942916380575414,0.9597791433334351
7860,0.001249120728592055,0.9943051011753302,0.9597781896591187
7861,0.001249120728592055,0.9943108710829539,0.9594888091087341
7862,0.001249120728592055,0.9943243342007427,0.9593902230262756
7863,0.001249120728592055,0.9943301041083665,0.9592607617378235
7864,0.001249120728592055,0.9943801099744393,0.959121823310852
7865,0.001249120728592055,0.9943839565795218,0.9589112997055054
7866,0.001249120728592055,0.9943878031846044,0.9589082598686218
7867,0.001249120728592055,0.9943935730922281,0.958861231803894
7868,0.001249120728592055,0.9944147294201819,0.9588083028793335
7869,0.001249120728592055,0.9944204993278057,0.9586805105209351
7870,0.001249120728592055,0.9944262692354295,0.958589494228363
7871,0.001249120728592055,0.9944839683116673,0.9585362672805786
7872,0.001249120728592055,0.9944955081269149,0.9581397175788879
7873,0.001249120728592055,0.9945032013370799,0.9580186605453491
7874,0.001249120728592055,0.9945128178497862,0.9577407836914062
7875,0.001249120728592055,0.9945166644548687,0.9575489163398743
7876,0.001249120728592055,0.9945224343624925,0.9572910070419312
7877,0.001249120728592055,0.9945358974802814,0.9572688341140747
7878,0.001249120728592055,0.9945397440853638,0.9572250247001648
7879,0.001249120728592055,0.9945474372955289,0.957137405872345
7880,0.001249120728592055,0.9945666703209415,0.9571332931518555
7881,0.001249120728592055,0.994570516926024,0.9571191668510437
7882,0.001249120728592055,0.9945782101361891,0.9569188356399536
7883,0.001249120728592055,0.9946032130692254,0.9568506479263306
7884,0.001249120728592055,0.9946128295819318,0.9564212560653687
7885,0.001249120728592055,0.994622446094638,0.956360936164856
7886,0.001249120728592055,0.9946359092124268,0.9561055302619934
7887,0.001249120728592055,0.9946705286581695,0.956073522567749
7888,0.001249120728592055,0.9946743752632521,0.9560156464576721
7889,0.001249120728592055,0.9946936082886646,0.9559648633003235
7890,0.001249120728592055,0.9947051481039122,0.9555504322052002
7891,0.001249120728592055,0.9947128413140772,0.9554791450500488
7892,0.0012498611676724297,0.9947128413140772,0.9553905725479126
7893,0.0012498611676724297,0.9947147646166185,0.9552266001701355
7894,0.0012498611676724297,0.994718611221701,0.9551209807395935
7895,0.0012498611676724297,0.9947205345242423,0.9550268054008484
7896,0.0012498611676724297,0.9947243811293248,0.9548227787017822
7897,0.0012498611676724297,0.9947282277344073,0.9545944929122925
7898,0.0012498611676724297,0.9947320743394898,0.954594075679779
7899,0.0012498611676724297,0.9947339976420311,0.9545270204544067
7900,0.0012498611676724297,0.9947436141547373,0.9544629454612732
7901,0.0012498611676724297,0.9947493840623611,0.9543166160583496
7902,0.0012498611676724297,0.9947590005750675,0.9542899131774902
7903,0.0012498611676724297,0.9947609238776087,0.9541968703269958
7904,0.0012498611676724297,0.994807083138599,0.9541635513305664
7905,0.0012498611676724297,0.9948128530462227,0.9537754058837891
7906,0.0012498611676724297,0.9948243928614703,0.953657865524292
7907,0.0012498611676724297,0.9948263161640115,0.9535732865333557
7908,0.0012498611676724297,0.9948474724919654,0.9535003304481506
7909,0.0012498611676724297,0.9948493957945067,0.9534845948219299
7910,0.0012498611676724297,0.9948994016605794,0.9533534049987793
7911,0.0012498611676724297,0.9949070948707445,0.9533302187919617
7912,0.0012498611676724297,0.9950840387045403,0.9532406330108643
7913,0.0012498611676724297,0.9950917319147053,0.9530168771743774
7914,0.0012498611676724297,0.995562941037314,0.9529336094856262
7915,0.0012498611676724297,0.995570634247479,0.9528481364250183
7916,0.0012498611676724297,0.9955744808525615,0.9526828527450562
7917,0.0012498611676724297,0.9955783274576441,0.9522179961204529
7918,0.0012498611676724297,0.9955802507601853,0.9522041082382202
7919,0.0012498611676724297,0.9955840973652679,0.9520847201347351
7920,0.0012498611676724297,0.9955917905754329,0.9519044756889343
7921,0.0012498611676724297,0.9955994837855979,0.9513987302780151
7922,0.0012498611676724297,0.995607176995763,0.9513751864433289
7923,0.0012498611676724297,0.9956110236008455,0.9510607719421387
7924,0.0012498611676724297,0.9956206401135518,0.9510564804077148
7925,0.0012498611676724297,0.9956264100211756,0.950989305973053
7926,0.0012498611676724297,0.9956610294669183,0.9509384036064148
7927,0.0012498611676724297,0.9956648760720007,0.9508520364761353
7928,0.0012498611676724297,0.9956725692821657,0.9507762789726257
7929,0.0012498611676724297,0.9956764158872483,0.9506875276565552
7930,0.0012498611676724297,0.9957148819380736,0.9506170749664307
7931,0.0012498611676724297,0.995718728543156,0.9504503011703491
7932,0.0012498611676724297,0.9957244984507798,0.9503202438354492
7933,0.0012513420458331792,0.9957244984507798,0.950253427028656
7934,0.0012513420458331792,0.9957302683584036,0.9501296281814575
7935,0.0012513420458331792,0.9957341149634861,0.9500980973243713
7936,0.0012513420458331792,0.9957495013838161,0.9500312805175781
7937,0.0012513420458331792,0.9957687344092288,0.9500057697296143
7938,0.0012513420458331792,0.9957745043168525,0.9499579071998596
7939,0.0012513420458331792,0.995799507249889,0.9496785998344421
7940,0.0012513420458331792,0.9958033538549714,0.949280858039856
7941,0.0012513420458331792,0.9958091237625952,0.9487994313240051
7942,0.0012513420458331792,0.995814893670219,0.9484273791313171
7943,0.0012513420458331792,0.9958264334854665,0.9481194019317627
7944,0.0012520824849135538,0.9958283567880079,0.9480729103088379
7945,0.0012520824849135538,0.9958341266956316,0.947946310043335
7946,0.0012520824849135538,0.9958379733007141,0.9478822350502014
7947,0.0012520824849135538,0.9958398966032553,0.9472671747207642
7948,0.0012520824849135538,0.9958456665108791,0.9472107291221619
7949,0.0012520824849135538,0.9958495131159617,0.9469826221466064
7950,0.0012520824849135538,0.9958629762337505,0.9469347596168518
7951,0.0012520824849135538,0.9958648995362918,0.9468889832496643
7952,0.0012520824849135538,0.9958841325617044,0.9465886354446411
7953,0.0012520824849135538,0.9958879791667868,0.9463701248168945
7954,0.0012520824849135538,0.9958937490744106,0.9462665915489197
7955,0.0012520824849135538,0.9958975956794932,0.9459392428398132
7956,0.0012520824849135538,0.9959033655871169,0.945927619934082
7957,0.0012520824849135538,0.9959072121921995,0.9456695318222046
7958,0.0012520824849135538,0.9959341384277771,0.9455751776695251
7959,0.0012520824849135538,0.9959687578735198,0.9450411796569824
7960,0.0012520824849135538,0.995970681176061,0.9450260400772095
7961,0.0012520824849135538,0.9959822209913086,0.94496089220047
7962,0.0012520824849135538,0.9959860675963911,0.9447581768035889
7963,0.0012520824849135538,0.9959899142014736,0.9444254636764526
7964,0.0012528229239939285,0.9959899142014736,0.944365382194519
7965,0.0012528229239939285,0.9960033773192625,0.9433197975158691
7966,0.0012528229239939285,0.9960822327234541,0.9429498314857483
7967,0.0012528229239939285,0.9960860793285367,0.942744791507721
7968,0.0012535633630743031,0.9960937725387017,0.9423596858978271
7969,0.0012535633630743031,0.9961033890514079,0.9406415224075317
7970,0.0012543038021546778,0.9961283919844444,0.9401727914810181
7971,0.0012543038021546778,0.9961322385895268,0.939574122428894
7972,0.0012543038021546778,0.9961360851946094,0.9395679235458374
7973,0.0012543038021546778,0.9961457017073156,0.9377996921539307
7974,0.0012543038021546778,0.9961495483123982,0.9377472996711731
7975,0.0012543038021546778,0.996163011430187,0.934794008731842
7976,0.0012543038021546778,0.9961668580352695,0.9343103170394897
7977,0.0012543038021546778,0.9961707046403521,0.9331824779510498
7978,0.0012543038021546778,0.9961745512454345,0.9318296313285828
7979,0.0012543038021546778,0.9961822444555996,0.9310840368270874
7980,0.0012550442412350524,0.9961841677581409,0.9292841553688049
7981,0.0012550442412350524,0.9961880143632234,0.927300214767456
7982,0.0012550442412350524,0.9961957075733884,0.9266397953033447
7983,0.0012550442412350524,0.996214940598801,0.926620364189148
7984,0.0012550442412350524,0.9962207105064248,0.9264095425605774
7985,0.0012550442412350524,0.9962245571115073,0.9263955354690552
7986,0.0012550442412350524,0.9962303270191311,0.9239281415939331
7987,0.0012550442412350524,0.9962341736242136,0.9237499237060547
7988,0.001255784680315427,0.9962341736242136,0.9233670830726624
7989,0.001255784680315427,0.9962399435318374,0.9232648611068726
7990,0.001255784680315427,0.9962418668343787,0.9218851327896118
7991,0.001255784680315427,0.9962457134394612,0.9215252995491028
7992,0.001255784680315427,0.9962745629775801,0.9212055206298828
7993,0.001255784680315427,0.9962803328852038,0.9210273027420044
7994,0.001255784680315427,0.9963014892131576,0.9207056164741516
7995,0.001255784680315427,0.9963149523309465,0.9075035452842712
7996,0.001255784680315427,0.9963341853563591,0.9068671464920044
7997,0.001255784680315427,0.9963361086589003,0.9058517217636108
7998,0.001255784680315427,0.9963438018690655,0.9039393663406372
7999,0.0012565251193958017,0.9963438018690655,0.9025861024856567
8000,0.0012565251193958017,0.9963495717766891,0.8997804522514343
8001,0.0012565251193958017,0.9963514950792305,0.8986369371414185
8002,0.0012572655584761764,0.9963514950792305,0.898350179195404
8003,0.0012572655584761764,0.996355341684313,0.8967873454093933
8004,0.0012572655584761764,0.9963745747097256,0.8965258002281189
8005,0.0012572655584761764,0.9963841912224318,0.8888232707977295
8006,0.001258005997556551,0.9963841912224318,0.8878136873245239
8007,0.001258005997556551,0.9963899611300556,0.8823986053466797
8008,0.001258005997556551,0.9963938077351382,0.8799518942832947
8009,0.001258005997556551,0.9964015009453032,0.8792246580123901
8010,0.001258005997556551,0.9964091941554682,0.8759480714797974
8011,0.001258005997556551,0.996414964063092,0.8748043179512024
8012,0.001258005997556551,0.9964188106681745,0.8740644454956055
8013,0.001258005997556551,0.9964226572732571,0.8736046552658081
8014,0.0012587464366369257,0.9964226572732571,0.8734391331672668
8015,0.0012587464366369257,0.9964245805757983,0.8729456663131714
8016,0.0012587464366369257,0.9964284271808809,0.8723574280738831
8017,0.0012587464366369257,0.9964380436935871,0.8676899671554565
8018,0.0012594868757173003,0.9964380436935871,0.8667383790016174
8019,0.0012594868757173003,0.9964438136012109,0.8629991412162781
8020,0.0012594868757173003,0.9964476602062934,0.8625275492668152
8021,0.0012594868757173003,0.9964495835088347,0.861711323261261
8022,0.0012594868757173003,0.9964534301139172,0.8606870770454407
8023,0.0012594868757173003,0.996459200021541,0.8596711754798889
8024,0.001260227314797675,0.996459200021541,0.8594846725463867
8025,0.001260227314797675,0.9964688165342472,0.8555581569671631
8026,0.001260227314797675,0.996474586441871,0.8550116419792175
8027,0.001260227314797675,0.9964765097444124,0.854714035987854
8028,0.001260227314797675,0.9964803563494948,0.8545522689819336
8029,0.001260227314797675,0.9964918961647424,0.854158341884613
8030,0.0012609677538780496,0.9964918961647424,0.8519269824028015
8031,0.0012609677538780496,0.9965072825850725,0.8498708605766296
8032,0.0012609677538780496,0.996511129190155,0.8495656847953796
8033,0.0012609677538780496,0.9965130524926963,0.8494358658790588
8034,0.0012609677538780496,0.9965168990977787,0.8479979038238525
8035,0.0012609677538780496,0.9965188224003201,0.8475386500358582
8036,0.0012617081929584243,0.9965188224003201,0.8474169969558716
8037,0.0012617081929584243,0.9965265156104851,0.8471106290817261
8038,0.0012617081929584243,0.9965361321231914,0.8410687446594238
8039,0.0012617081929584243,0.9965419020308152,0.8408277630805969
8040,0.0012639295101995484,0.9965419020308152,0.8398415446281433
8041,0.0012639295101995484,0.9965457486358976,0.8389623165130615
8042,0.0012639295101995484,0.9965649816613102,0.8384382128715515
8043,0.0012639295101995484,0.9965938311994291,0.8380101919174194
8044,0.0012639295101995484,0.9967053827468222,0.8375058770179749
8045,0.0012639295101995484,0.9967726983357663,0.8370758295059204
8046,0.0012639295101995484,0.9967823148484726,0.8354343771934509
8047,0.0012639295101995484,0.9967861614535551,0.8353486061096191
8048,0.0012639295101995484,0.9967900080586376,0.8346793055534363
8049,0.0012654103883602977,0.9967957779662614,0.8345350027084351
8050,0.0012654103883602977,0.9968034711764264,0.8344019055366516
8051,0.0012661508274406724,0.9968034711764264,0.834224283695221
8052,0.0012661508274406724,0.996807317781509,0.8331583142280579
8053,0.001266891266521047,0.9968111643865915,0.8331249952316284
8054,0.001266891266521047,0.996815010991674,0.8322168588638306
8055,0.001266891266521047,0.9968207808992978,0.8322016000747681
8056,0.001266891266521047,0.9968265508069216,0.8303400278091431
8057,0.001266891266521047,0.9968380906221691,0.8298166990280151
8058,0.001266891266521047,0.9968438605297929,0.8293704986572266
8059,0.001266891266521047,0.9968457838323341,0.829058825969696
8060,0.0012676317056014217,0.9968457838323341,0.8289332389831543
8061,0.0012676317056014217,0.9968477071348755,0.8286885619163513
8062,0.0012676317056014217,0.9968515537399579,0.8282399773597717
8063,0.0012683721446817963,0.9968515537399579,0.8278389573097229
8064,0.0012683721446817963,0.9968573236475817,0.8277115225791931
8065,0.001269112583762171,0.9968573236475817,0.8275910019874573
8066,0.0012705934619229203,0.9968573236475817,0.8274462819099426
8067,0.0012705934619229203,0.996859246950123,0.8272815346717834
8068,0.0012705934619229203,0.9968650168577468,0.8272608518600464
8069,0.0012705934619229203,0.9968688634628293,0.8270482420921326
8070,0.001271333901003295,0.9968688634628293,0.826134204864502
8071,0.0012728147791640442,0.9968688634628293,0.8259884119033813
8072,0.0012728147791640442,0.9968707867653706,0.8249160051345825
8073,0.0012742956573247935,0.9968707867653706,0.8234753012657166
8074,0.0012742956573247935,0.9968727100679118,0.8230271339416504
8075,0.001275776535485543,0.9968727100679118,0.8227083086967468
8076,0.001275776535485543,0.9968746333704531,0.8226507902145386
8077,0.0012765169745659177,0.9968746333704531,0.8217740058898926
8078,0.0012765169745659177,0.9968784799755356,0.8215552568435669
8079,0.0012772574136462923,0.9968842498831594,0.8212408423423767
8080,0.0012772574136462923,0.9968938663958656,0.81915682554245
8081,0.0012772574136462923,0.9969130994212783,0.818562924861908
8082,0.0012772574136462923,0.9969150227238195,0.8177944421768188
8083,0.001277997852726667,0.9969150227238195,0.8163126707077026
8084,0.001277997852726667,0.9969188693289021,0.8156291246414185
8085,0.001277997852726667,0.9969227159339845,0.815087616443634
8086,0.001277997852726667,0.9969265625390671,0.8135216236114502
8087,0.001277997852726667,0.9969323324466909,0.8132219314575195
8088,0.001277997852726667,0.9969342557492321,0.8128100037574768
8089,0.0012787382918070416,0.9969342557492321,0.8125740885734558
8090,0.0012787382918070416,0.9969419489593971,0.8122448325157166
8091,0.0012787382918070416,0.9969515654721035,0.8121120929718018
8092,0.001280219169967791,0.9969515654721035,0.8094445466995239
8093,0.001280219169967791,0.9969650285898922,0.8090362548828125
8094,0.001280219169967791,0.9969804150102224,0.8085480332374573
8095,0.001280219169967791,0.9970284975737539,0.8079730272293091
8096,0.0012809596090481656,0.9970284975737539,0.8078700304031372
8097,0.0012809596090481656,0.9970881199525329,0.8074828386306763
8098,0.0012809596090481656,0.9970919665576155,0.8069533705711365
8099,0.0012817000481285402,0.9970919665576155,0.8064993023872375
8100,0.0012817000481285402,0.9970958131626979,0.8060087561607361
8101,0.0012817000481285402,0.9971092762804867,0.8060007691383362
8102,0.0012817000481285402,0.9971131228855693,0.8055147528648376
8103,0.0012817000481285402,0.9971208160957343,0.8044366836547852
8104,0.0012817000481285402,0.9971227393982756,0.8044250011444092
8105,0.0012839213653696641,0.9971227393982756,0.7995884418487549
8106,0.0012839213653696641,0.9971285093058994,0.7995135188102722
8107,0.0012839213653696641,0.9971342792135232,0.796830415725708
8108,0.0012839213653696641,0.9971438957262294,0.7963188886642456
8109,0.0012854022435304134,0.9971765918694309,0.7963019609451294
8110,0.0012854022435304134,0.9971804384745133,0.7942657470703125
8111,0.0012854022435304134,0.9971900549872197,0.7940906286239624
8112,0.0012854022435304134,0.9971939015923021,0.7932539582252502
8113,0.001286883121691163,0.9971939015923021,0.7932419776916504
8114,0.001286883121691163,0.9972189045253386,0.7924142479896545
8115,0.001286883121691163,0.9972208278278798,0.7917744517326355
8116,0.0012883639998519123,0.9972208278278798,0.7914244532585144
8117,0.001289104438932287,0.9972208278278798,0.7906545400619507
8118,0.0012905853170930362,0.9972612171812463,0.78980952501297
8119,0.0012905853170930362,0.9972650637863287,0.7892067432403564
8120,0.0012913257561734108,0.9972650637863287,0.7887337803840637
8121,0.0012913257561734108,0.9972785269041176,0.7879914045333862
8122,0.0012913257561734108,0.9972804502066589,0.7876132726669312
8123,0.0012913257561734108,0.9972842968117414,0.7865001559257507
8124,0.0012928066343341601,0.9972881434168239,0.7848185896873474
8125,0.0012928066343341601,0.997295836626989,0.7816043496131897
8126,0.0012928066343341601,0.9973054531396952,0.7813068628311157
8127,0.0012928066343341601,0.9973092997447778,0.780596911907196
8128,0.0012935470734145348,0.9973092997447778,0.7793198823928833
8129,0.0012935470734145348,0.997311223047319,0.7790494561195374
8130,0.0012942875124949094,0.997311223047319,0.7784284949302673
8131,0.0012942875124949094,0.9973131463498602,0.7777920961380005
8132,0.0012957683906556587,0.9973131463498602,0.7765045166015625
8133,0.0012957683906556587,0.9973150696524016,0.77358078956604
8134,0.0012957683906556587,0.9973227628625666,0.7723638415336609
8135,0.0012957683906556587,0.9973266094676491,0.767876148223877
8136,0.0012965088297360334,0.9973266094676491,0.7662259340286255
8137,0.0012965088297360334,0.9973285327701904,0.7660108208656311
8138,0.0012979897078967827,0.9973285327701904,0.7633270621299744
8139,0.0012979897078967827,0.9973304560727316,0.7629090547561646
8140,0.0012994705860575322,0.9973304560727316,0.7616212964057922
8141,0.0012994705860575322,0.9973323793752729,0.7613525986671448
8142,0.0013009514642182815,0.9973323793752729,0.756629228591919
8143,0.0013009514642182815,0.9973343026778141,0.7547651529312134
8144,0.0013016919032986561,0.9973343026778141,0.7539602518081665
8145,0.0013024323423790308,0.9973362259803554,0.753822922706604
8146,0.0013024323423790308,0.9973419958879791,0.748131275177002
8147,0.0013024323423790308,0.9973477657956029,0.7475360035896301
8148,0.0013031727814594054,0.9973477657956029,0.7472612261772156
8149,0.0013031727814594054,0.9973496890981443,0.7454606890678406
8150,0.0013076154159416533,0.9973496890981443,0.7373895645141602
8151,0.0013076154159416533,0.9973516124006855,0.7346000671386719
8152,0.0013090962941024026,0.9973516124006855,0.7308318614959717
8153,0.0013090962941024026,0.9973554590057679,0.7301065921783447
8154,0.0013098367331827773,0.9973554590057679,0.7278274297714233
8155,0.0013120580504239014,0.9973573823083093,0.727174699306488
8156,0.0013135389285846507,0.9973573823083093,0.7260010242462158
8157,0.0013150198067454,0.9973573823083093,0.7246415615081787
8158,0.0013165006849061493,0.9973573823083093,0.7246268391609192
8159,0.0013165006849061493,0.9973593056108505,0.7244232892990112
8160,0.0013179815630668986,0.9973593056108505,0.7229136824607849
8161,0.0013216837584687719,0.9973593056108505,0.7225916385650635
8162,0.0013253859538706453,0.9973650755184743,0.7192557454109192
8163,0.0013253859538706453,0.9973669988210155,0.7167053818702698
8164,0.0013276072711117693,0.9973669988210155,0.7111799120903015
8165,0.0013305690274332679,0.9973669988210155,0.709546685218811
8166,0.0013327903446743918,0.9973669988210155,0.7059146165847778
8167,0.0013327903446743918,0.9973746920311806,0.7040093541145325
8168,0.0013342712228351413,0.9973746920311806,0.7038251757621765
8169,0.00133723297915664,0.9973766153337218,0.703641951084137
8170,0.00133723297915664,0.9973785386362631,0.7018069624900818
8171,0.0013394542963977639,0.9973785386362631,0.7013071179389954
8172,0.0013394542963977639,0.9973804619388044,0.7010217308998108
8173,0.0013401947354781385,0.9973804619388044,0.7007018327713013
8174,0.0013416756136388878,0.9973823852413456,0.6995771527290344
8175,0.0013416756136388878,0.9973881551489694,0.6991273760795593
8176,0.0013416756136388878,0.9973900784515106,0.6976810097694397
8177,0.001346118248121136,0.997392001754052,0.6974340677261353
8178,0.0013475991262818852,0.997392001754052,0.6956093907356262
8179,0.0013475991262818852,0.9973939250565932,0.6943761110305786
8180,0.0013483395653622599,0.9973939250565932,0.6934593319892883
8181,0.0013490800044426345,0.9973958483591344,0.6923702359199524
8182,0.0013490800044426345,0.9973977716616756,0.6904950737953186
8183,0.0013513013216837585,0.997399694964217,0.6866769790649414
8184,0.0013527821998445078,0.997399694964217,0.6834261417388916
8185,0.0013527821998445078,0.9974035415692994,0.6808081865310669
8186,0.001354263078005257,0.9974035415692994,0.6804416179656982
8187,0.001354263078005257,0.9974093114769232,0.679013192653656
8188,0.0013557439561660064,0.9974093114769232,0.6773524880409241
8189,0.0013557439561660064,0.9974131580820058,0.6751972436904907
8190,0.0013572248343267557,0.9974131580820058,0.6750873327255249
8191,0.0013572248343267557,0.997415081384547,0.6736987233161926
8192,0.0013579652734071305,0.997415081384547,0.6734076738357544
8193,0.0013579652734071305,0.9974170046870883,0.6726185083389282
8194,0.0013579652734071305,0.9974208512921708,0.6684044599533081
8195,0.0013587057124875052,0.9974227745947121,0.6670599579811096
8196,0.0013594461515678798,0.9974266211997946,0.6659870743751526
8197,0.0013594461515678798,0.9974285445023359,0.6658287644386292
8198,0.0013609270297286291,0.9974285445023359,0.6655331254005432
8199,0.0013609270297286291,0.9974323911074183,0.6644287109375
8200,0.0013609270297286291,0.9974420076201247,0.6642991304397583
8201,0.0013609270297286291,0.9974439309226659,0.6630861163139343
8202,0.0013609270297286291,0.9974477775277485,0.6585034132003784
8203,0.0013616674688090038,0.9974497008302897,0.6571295261383057
8204,0.0013624079078893784,0.9974497008302897,0.656329333782196
8205,0.0013624079078893784,0.997451624132831,0.6539596319198608
8206,0.0013638887860501277,0.997451624132831,0.6528609991073608
8207,0.0013638887860501277,0.9974554707379135,0.6527578234672546
8208,0.0013638887860501277,0.997459317342996,0.6480709314346313
8209,0.001365369664210877,0.9974650872506198,0.6432819962501526
8210,0.0013683314205323756,0.9974650872506198,0.6401374340057373
8211,0.0013698122986931251,0.9974650872506198,0.6395981311798096
8212,0.0013698122986931251,0.997467010553161,0.639070987701416
8213,0.0013705527377734998,0.997467010553161,0.6386458277702332
8214,0.0013705527377734998,0.9974689338557023,0.6380137205123901
8215,0.0013712931768538744,0.9974689338557023,0.6372954845428467
8216,0.001372033615934249,0.9974708571582436,0.6343342065811157
8217,0.0013735144940949984,0.9974920134861974,0.6341531276702881
8218,0.001374254933175373,0.9974920134861974,0.6327320337295532
8219,0.001374254933175373,0.9974958600912799,0.6321668028831482
8220,0.001374254933175373,0.9975016299989037,0.6316165328025818
8221,0.001374254933175373,0.997503553301445,0.6310311555862427
8222,0.0013749953722557477,0.997503553301445,0.6274243593215942
8223,0.0013749953722557477,0.9975054766039863,0.6229236721992493
8224,0.0013794380067379956,0.99751124651161,0.622525155544281
8225,0.0013801784458183702,0.9975227863268575,0.6223644018173218
8226,0.0013809188848987449,0.9975227863268575,0.6213621497154236
8227,0.0013883232757024916,0.9975304795370226,0.6209101676940918
8228,0.0013883232757024916,0.9975324028395639,0.6187546849250793
8229,0.0013920254711043648,0.9975324028395639,0.6147091388702393
8230,0.0013935063492651143,0.9975324028395639,0.6120028495788574
8231,0.001394246788345489,0.9975343261421051,0.6118679046630859
8232,0.001394246788345489,0.9975362494446464,0.6083725690841675
8233,0.0013949872274258636,0.9975362494446464,0.6078201532363892
8234,0.0013957276665062383,0.9975381727471877,0.6062955260276794
8235,0.0013957276665062383,0.9975400960497289,0.6059668660163879
8236,0.0013986894228277369,0.9975400960497289,0.6039291024208069
8237,0.0013986894228277369,0.9975420193522702,0.6036638021469116
8238,0.0013994298619081115,0.9975420193522702,0.6027990579605103
8239,0.0013994298619081115,0.9975439426548114,0.601976215839386
8240,0.0014009107400688608,0.9975439426548114,0.6008672714233398
8241,0.00140239161822961,0.9975439426548114,0.599927544593811
8242,0.0014038724963903594,0.9975439426548114,0.5982729196548462
8243,0.0014038724963903594,0.997547789259894,0.5974841117858887
8244,0.0014060938136314836,0.997547789259894,0.597172200679779
8245,0.0014060938136314836,0.9975497125624352,0.5968886613845825
8246,0.0014060938136314836,0.9975535591675178,0.5965697169303894
8247,0.0014083151308726075,0.9975535591675178,0.5958259105682373
8248,0.0014090555699529821,0.9975535591675178,0.5947430729866028
8249,0.0014105364481137314,0.9975535591675178,0.5947323441505432
8250,0.0014105364481137314,0.997555482470059,0.5930761694908142
8251,0.001411276887194106,0.997555482470059,0.5910689830780029
8252,0.001411276887194106,0.9975574057726002,0.5908102989196777
8253,0.0014120173262744807,0.9975574057726002,0.5899791717529297
8254,0.00141349820443523,0.9975574057726002,0.5890958309173584
8255,0.00141349820443523,0.997563175680224,0.5874326229095459
8256,0.0014142386435156047,0.997563175680224,0.5857637524604797
8257,0.001415719521676354,0.997563175680224,0.5854122042655945
8258,0.001420162156158602,0.997563175680224,0.5843402743339539
8259,0.0014275665469623486,0.9975804854030954,0.5826714634895325
8260,0.0014283069860427232,0.9975804854030954,0.5805829167366028
8261,0.0014283069860427232,0.9975824087056366,0.580402135848999
8262,0.0014283069860427232,0.9975862553107191,0.5794057250022888
8263,0.0014283069860427232,0.9975939485208842,0.5793684720993042
8264,0.0014283069860427232,0.9975977951259667,0.5781175494194031
8265,0.0014283069860427232,0.9976035650335905,0.5776940584182739
8266,0.0014297878642034727,0.9976035650335905,0.573343813419342
8267,0.001431268742364222,0.9976035650335905,0.5707346200942993
8268,0.001431268742364222,0.997607411638673,0.5686740875244141
8269,0.0014327496205249713,0.997607411638673,0.5658924579620361
8270,0.0014342304986857206,0.997607411638673,0.5641993880271912
8271,0.0014342304986857206,0.9976093349412143,0.5628588795661926
8272,0.00143571137684647,0.9976093349412143,0.5585665106773376
8273,0.00143571137684647,0.9976112582437555,0.556919276714325
8274,0.0014371922550072192,0.9976112582437555,0.5547798275947571
8275,0.0014386731331679685,0.9976170281513793,0.5538154244422913
8276,0.0014394135722483432,0.9976170281513793,0.5532094240188599
8277,0.0014394135722483432,0.9976189514539205,0.5527772903442383
8278,0.001442375328569842,0.9976208747564618,0.5521179437637329
8279,0.001442375328569842,0.9976227980590031,0.5493788719177246
8280,0.0014431157676502166,0.9976285679666268,0.5487903356552124
8281,0.0014438562067305913,0.9976285679666268,0.5487157106399536
8282,0.0014438562067305913,0.9976324145717094,0.5479992628097534
8283,0.001444596645810966,0.9976324145717094,0.5464668273925781
8284,0.001444596645810966,0.9976381844793332,0.5426434278488159
8285,0.0014460775239717152,0.9976381844793332,0.5425515174865723
8286,0.0014460775239717152,0.9976401077818744,0.5420699715614319
8287,0.0014475584021324645,0.9976401077818744,0.5408467054367065
8288,0.0014475584021324645,0.9976458776894982,0.5374194383621216
8289,0.0014482988412128392,0.9976458776894982,0.5359063148498535
8290,0.0014482988412128392,0.9976497242945808,0.5317452549934387
8291,0.0014490392802932138,0.9976497242945808,0.5311205387115479
8292,0.0014490392802932138,0.9976574175047458,0.5240106582641602
8293,0.0014512605975343378,0.9976574175047458,0.5228311419487
8294,0.0014512605975343378,0.9976612641098282,0.5202454924583435
8295,0.0014520010366147124,0.9976612641098282,0.5199753046035767
8296,0.001453481914775462,0.9976612641098282,0.5172882676124573
8297,0.001453481914775462,0.997667034017452,0.5155616402626038
8298,0.0014549627929362112,0.997667034017452,0.5152077674865723
8299,0.0014549627929362112,0.9976728039250758,0.51423579454422
8300,0.0014601458664988338,0.9976728039250758,0.5141050219535828
8301,0.0014601458664988338,0.9976766505301583,0.5138082504272461
8302,0.0014601458664988338,0.9976785738326996,0.5134925246238708
8303,0.0014608863055792084,0.9976785738326996,0.5134211182594299
8304,0.0014675502573025805,0.9976824204377821,0.5123894810676575
8305,0.0014675502573025805,0.9976958835555709,0.5057032704353333
8306,0.0014675502573025805,0.997703576765736,0.5051051378250122
8307,0.0014697715745437044,0.997703576765736,0.5019350647926331
8308,0.0014697715745437044,0.9977055000682773,0.5012035369873047
8309,0.001470512013624079,0.9977055000682773,0.5010663270950317
8310,0.001470512013624079,0.9977074233708185,0.49860337376594543
8311,0.001470512013624079,0.9977131932784423,0.4973165988922119
8312,0.001470512013624079,0.9977151165809836,0.4972953200340271
8313,0.001472733330865203,0.9977247330936898,0.4967808723449707
8314,0.001472733330865203,0.9977285796987724,0.4930972456932068
8315,0.001472733330865203,0.9977305030013136,0.4928343892097473
8316,0.0014734737699455777,0.9977305030013136,0.49185529351234436
8317,0.0014734737699455777,0.9977362729089374,0.4912273585796356
8318,0.0014734737699455777,0.9977401195140199,0.48951128125190735
8319,0.0014734737699455777,0.9977439661191024,0.4888327121734619
8320,0.0014742142090259523,0.9977439661191024,0.4886091947555542
8321,0.0014742142090259523,0.997747812724185,0.4881928563117981
8322,0.0014742142090259523,0.9977574292368913,0.48775729537010193
8323,0.0014742142090259523,0.9977593525394325,0.48704731464385986
8324,0.0014764355262670765,0.9977766622623039,0.48689326643943787
8325,0.0014771759653474511,0.9977805088673863,0.4867614805698395
8326,0.0014786568435082004,0.9977805088673863,0.4838160574436188
8327,0.0014786568435082004,0.9977843554724689,0.483363538980484
8328,0.0014786568435082004,0.9977920486826339,0.48004189133644104
8329,0.0014786568435082004,0.997799741892799,0.47930672764778137
8330,0.0014786568435082004,0.9978055118004228,0.47759324312210083
8331,0.0014808781607493244,0.9978055118004228,0.4768843948841095
8332,0.0014808781607493244,0.9978093584055052,0.4750135838985443
8333,0.001481618599829699,0.9978093584055052,0.4741615951061249
8334,0.001481618599829699,0.9978132050105878,0.47349175810813904
8335,0.0014823590389100737,0.997822821523294,0.4731959104537964
8336,0.0014823590389100737,0.9978266681283766,0.4725908041000366
8337,0.0014853207952315723,0.9978362846410829,0.47167468070983887
8338,0.0014853207952315723,0.9978420545487067,0.4699668288230896
8339,0.0014868016733923216,0.9978420545487067,0.4696694314479828
8340,0.0014875421124726962,0.9978439778512479,0.4682677388191223
8341,0.001488282551553071,0.9978439778512479,0.46824946999549866
8342,0.001488282551553071,0.9978459011537892,0.46630486845970154
8343,0.0014897634297138204,0.9978459011537892,0.46541571617126465
8344,0.0014897634297138204,0.9978478244563305,0.4643205404281616
8345,0.0014912443078745697,0.9978478244563305,0.46430882811546326
8346,0.001492725186035319,0.9978535943639543,0.46334555745124817
8347,0.0015008700159194403,0.9978670574817431,0.46182820200920105
8348,0.0015008700159194403,0.9978709040868255,0.4615935683250427
8349,0.0015008700159194403,0.9978747506919081,0.45502519607543945
8350,0.001501610454999815,0.9978747506919081,0.45393824577331543
8351,0.001501610454999815,0.9978766739944493,0.45365267992019653
8352,0.0015023508940801896,0.9978785972969906,0.4536074101924896
8353,0.0015023508940801896,0.9978843672046144,0.4531402885913849
8354,0.0015023508940801896,0.9978862905071556,0.45310282707214355
8355,0.0015030913331605643,0.9978862905071556,0.4516897201538086
8356,0.0015030913331605643,0.997888213809697,0.450654536485672
8357,0.001503831772240939,0.9978901371122382,0.4499397277832031
8358,0.001503831772240939,0.9979228332554396,0.44895511865615845
8359,0.0015045722113213136,0.9979228332554396,0.44866764545440674
8360,0.0015045722113213136,0.9979266798605221,0.44759073853492737
8361,0.0015053126504016882,0.9979266798605221,0.44687581062316895
8362,0.001529747140054052,0.9979824556342186,0.4467339813709259
8363,0.0015304875791344267,0.9979824556342186,0.44603997468948364
8364,0.0015304875791344267,0.9979843789367598,0.4458557963371277
8365,0.0015304875791344267,0.9979882255418424,0.4458376169204712
8366,0.0015312280182148013,0.9979882255418424,0.44548267126083374
8367,0.0015327088963755506,0.9979882255418424,0.44482171535491943
8368,0.0015327088963755506,0.9979901488443836,0.4441598057746887
8369,0.0015349302136166746,0.997992072146925,0.4438212513923645
8370,0.0015356706526970495,0.9979959187520074,0.4433560073375702
8371,0.0015371515308577987,0.9979959187520074,0.44331496953964233
8372,0.001538632409018548,0.9979959187520074,0.4415830373764038
8373,0.001538632409018548,0.9979978420545487,0.44084063172340393
8374,0.0015393728480989227,0.99799976535709,0.44016900658607483
8375,0.0015393728480989227,0.9980016886596312,0.43964898586273193
8376,0.0015415941653400466,0.9980036119621725,0.4395918548107147
8377,0.0015438154825811706,0.9980036119621725,0.43937909603118896
8378,0.0015438154825811706,0.9980055352647137,0.4390527307987213
8379,0.0015438154825811706,0.9980209216850439,0.4379204213619232
8380,0.0015756543630372811,0.9980882372739879,0.4369775354862213
8381,0.0015756543630372811,0.9980901605765292,0.4369424283504486
8382,0.0015756543630372811,0.9981055469968593,0.43623086810112
8383,0.0015771352411980304,0.9981074702994005,0.43538689613342285
8384,0.0015786161193587797,0.9981074702994005,0.43507418036460876
8385,0.0015786161193587797,0.9981093936019417,0.4347723722457886
8386,0.0015837991929214025,0.9981267033248131,0.4342934489250183
8387,0.0015882418274036504,0.9981286266273544,0.4335746467113495
8388,0.0015882418274036504,0.9981805557959684,0.43281957507133484
8389,0.0015882418274036504,0.9981863257035921,0.4326165020465851
8390,0.0015882418274036504,0.9981901723086747,0.4318512976169586
8391,0.0015882418274036504,0.9983651928399293,0.4311346709728241
8392,0.0015882418274036504,0.9984132754034608,0.4310971796512604
8393,0.001593424900966273,0.9984171220085433,0.42965856194496155
8394,0.001593424900966273,0.9986094522626693,0.42941388487815857
8395,0.001593424900966273,0.9986152221702931,0.4260881543159485
8396,0.0015941653400466476,0.9986171454728343,0.4256875813007355
8397,0.0015949057791270224,0.9986171454728343,0.4249984622001648
8398,0.001602310169930769,0.9986286852880819,0.42460015416145325
8399,0.0016037910480915182,0.9986286852880819,0.42456531524658203
8400,0.0016037910480915182,0.9986306085906231,0.42366132140159607
8401,0.0016045314871718929,0.9986344551957056,0.42365482449531555
8402,0.0016045314871718929,0.9986383018007882,0.42358654737472534
8403,0.0016045314871718929,0.9986402251033294,0.42323750257492065
8404,0.0016052719262522675,0.9986402251033294,0.42322784662246704
8405,0.0016052719262522675,0.998644071708412,0.4229327142238617
8406,0.0016052719262522675,0.9986459950109532,0.4202704429626465
8407,0.0016119358779756396,0.9986575348262008,0.4186854660511017
8408,0.0016148976342971382,0.9986633047338246,0.4176367223262787
8409,0.0016148976342971382,0.9986652280363658,0.4158181846141815
8410,0.0016163785124578875,0.9986652280363658,0.41536036133766174
8411,0.0016163785124578875,0.9986690746414483,0.4127117097377777
8412,0.0016163785124578875,0.9986709979439896,0.41222551465034485
8413,0.001617118951538262,0.9986729212465308,0.41165807843208313
8414,0.0016178593906186367,0.9986729212465308,0.4109557271003723
8415,0.0016356299285476287,0.9986806144566959,0.4090886414051056
8416,0.0016356299285476287,0.9986825377592371,0.40907785296440125
8417,0.001637110806708378,0.9986825377592371,0.40752604603767395
8418,0.0016408130021102513,0.9986940775744847,0.40645214915275574
8419,0.001641553441190626,0.9986960008770259,0.4059199094772339
8420,0.0016422938802710008,0.9986960008770259,0.403610497713089
8421,0.0016430343193513755,0.9986979241795673,0.40290552377700806
8422,0.00164377475843175,0.9986979241795673,0.4021109342575073
8423,0.001645996075672874,0.9986979241795673,0.40190330147743225
8424,0.001645996075672874,0.998703694087191,0.4010913372039795
8425,0.0016467365147532487,0.998703694087191,0.3995796740055084
8426,0.0016467365147532487,0.9987133105998973,0.3994429111480713
8427,0.0016489578319943726,0.9987152339024385,0.3992670178413391
8428,0.0016496982710747473,0.9987152339024385,0.39800989627838135
8429,0.0016519195883158712,0.9987152339024385,0.3969442844390869
8430,0.0016519195883158712,0.9987171572049798,0.3969101309776306
8431,0.0016541409055569954,0.9987171572049798,0.39539700746536255
8432,0.0016541409055569954,0.9987267737176861,0.3917995095252991
8433,0.00165488134463737,0.9987267737176861,0.3908233046531677
8434,0.00165488134463737,0.9987306203227686,0.39043593406677246
8435,0.0016556217837177447,0.9987306203227686,0.39012688398361206
8436,0.0016556217837177447,0.9987344669278512,0.38743188977241516
8437,0.0016563622227981193,0.9987344669278512,0.3871779143810272
8438,0.0016563622227981193,0.9987421601380162,0.3871360421180725
8439,0.0016578431009588686,0.9987421601380162,0.3860841989517212
8440,0.0016578431009588686,0.9987440834405574,0.385979562997818
8441,0.0016578431009588686,0.99874793004564,0.3858034610748291
8442,0.0016578431009588686,0.9987498533481812,0.38576728105545044
8443,0.0016578431009588686,0.9987536999532638,0.3841414749622345
8444,0.0016578431009588686,0.9987748562812176,0.38384729623794556
8445,0.0016578431009588686,0.9988614048955743,0.38222450017929077
8446,0.0016578431009588686,0.9988883311311519,0.38218849897384644
8447,0.0016578431009588686,0.9989575700226373,0.38056838512420654
8448,0.0016578431009588686,0.9989614166277198,0.3786799907684326
8449,0.0016578431009588686,0.9989671865353436,0.3752295672893524
8450,0.0016585835400392433,0.9989691098378848,0.372193843126297
8451,0.0016585835400392433,0.9989748797455086,0.37198054790496826
8452,0.0016585835400392433,0.9989864195607562,0.370377779006958
8453,0.0016585835400392433,0.9989902661658386,0.3703421950340271
8454,0.0016585835400392433,0.9990018059810862,0.36874234676361084
8455,0.0016608048572803672,0.9990037292836275,0.3665068745613098
8456,0.0016630261745214912,0.9990037292836275,0.3539179265499115
8457,0.0016637666136018658,0.9990056525861688,0.3448474407196045
8458,0.0016637666136018658,0.99900757588871,0.3379402458667755
8459,0.0016645070526822405,0.99900757588871,0.3312992751598358
8460,0.0016645070526822405,0.9990094991912513,0.3312234580516815
8461,0.0016652474917626151,0.9990094991912513,0.3268406093120575
8462,0.0016652474917626151,0.9990133457963338,0.3251795768737793
8463,0.001668209248084114,0.9990133457963338,0.3226088583469391
8464,0.001668209248084114,0.9990152690988751,0.3225191533565521
8465,0.0016704305653252379,0.9990152690988751,0.31493449211120605
8466,0.0016704305653252379,0.9990171924014163,0.3099196255207062
8467,0.0016726518825663618,0.9990171924014163,0.3048326373100281
8468,0.0016741327607271111,0.9990171924014163,0.3007664084434509
8469,0.0016748731998074858,0.9990171924014163,0.2997547388076782
8470,0.0016748731998074858,0.9990191157039576,0.29847392439842224
8471,0.001676354077968235,0.9990191157039576,0.29440420866012573
8472,0.001676354077968235,0.9990210390064989,0.2933366000652313
8473,0.0016785753952093592,0.9990210390064989,0.2837637960910797
8474,0.0016785753952093592,0.9990229623090401,0.2835308313369751
8475,0.0016800562733701085,0.9990229623090401,0.2812013328075409
8476,0.0016800562733701085,0.9990248856115813,0.27462536096572876
8477,0.0016807967124504832,0.9990248856115813,0.26960068941116333
8478,0.0016807967124504832,0.9990287322166639,0.26626890897750854
8479,0.0016844989078523564,0.9990287322166639,0.25373363494873047
8480,0.0016844989078523564,0.9990306555192051,0.25341126322746277
8481,0.001685239346932731,0.9990306555192051,0.2518874704837799
8482,0.001685239346932731,0.9990325788217463,0.2517300844192505
8483,0.0016859797860131057,0.9990345021242877,0.24856042861938477
8484,0.0016859797860131057,0.9990421953344527,0.24128369987010956
8485,0.001687460664173855,0.9990421953344527,0.2401829957962036
8486,0.001687460664173855,0.9990460419395352,0.23340018093585968
8487,0.0016904224204953538,0.9990460419395352,0.22601523995399475
8488,0.0016904224204953538,0.9990479652420765,0.22371038794517517
8489,0.0016919032986561031,0.9990479652420765,0.22253622114658356
8490,0.0016933841768168524,0.9990479652420765,0.2196199744939804
8491,0.0016933841768168524,0.9990498885446177,0.2185971587896347
8492,0.001694124615897227,0.9990498885446177,0.21825586259365082
8493,0.001694124615897227,0.999051811847159,0.21788088977336884
8494,0.0016948650549776017,0.999051811847159,0.21671296656131744
8495,0.0016948650549776017,0.9990556584522415,0.2145642638206482
8496,0.0016956054940579764,0.9990556584522415,0.21275925636291504
8497,0.0016970863722187257,0.9990556584522415,0.21180205047130585
8498,0.0016993076894598496,0.9990556584522415,0.20784340798854828
8499,0.0016993076894598496,0.9990575817547828,0.20667506754398346
8500,0.0017000481285402243,0.9990614283598653,0.20617294311523438
8501,0.001700788567620599,0.9990614283598653,0.20508700609207153
8502,0.001700788567620599,0.9990633516624066,0.20505134761333466
8503,0.0017015290067009738,0.9990633516624066,0.20463787019252777
8504,0.0017044907630224724,0.9990633516624066,0.2027672976255417
8505,0.001705231202102847,0.9990652749649478,0.20246678590774536
8506,0.0017067120802635963,0.9990652749649478,0.20127856731414795
8507,0.0017067120802635963,0.9990691215700304,0.20033706724643707
8508,0.0017067120802635963,0.9990748914776542,0.1987401694059372
8509,0.001707452519343971,0.9990748914776542,0.19828929007053375
8510,0.0017089333975047203,0.9990748914776542,0.19764892756938934
8511,0.001709673836585095,0.9990748914776542,0.19748133420944214
8512,0.0017118951538262189,0.9990748914776542,0.19725805521011353
8513,0.0017133760319869684,0.9990787380827366,0.197124645113945
8514,0.0017148569101477177,0.9990787380827366,0.19607430696487427
8515,0.0017148569101477177,0.9990825846878192,0.19587498903274536
8516,0.0017155973492280923,0.9990825846878192,0.19457325339317322
8517,0.0017155973492280923,0.9990864312929016,0.19412042200565338
8518,0.001716337788308467,0.9990883545954429,0.19304844737052917
8519,0.0017170782273888416,0.9990883545954429,0.1927749067544937
8520,0.0017200399837103402,0.9990883545954429,0.19168424606323242
8521,0.0017207804227907149,0.9990883545954429,0.19148311018943787
8522,0.0017207804227907149,0.9990902778979842,0.19112101197242737
8523,0.0017304061308355855,0.9990902778979842,0.19062253832817078
8524,0.0017304061308355855,0.9990922012005254,0.19017674028873444
8525,0.0017385509607197069,0.999096047805608,0.19011248648166656
8526,0.0017392913998000815,0.999096047805608,0.18973688781261444
8527,0.0017407722779608308,0.999096047805608,0.1895597130060196
8528,0.0017407722779608308,0.9990979711081492,0.1891097128391266
8529,0.0017533597423272,0.9990979711081492,0.18905743956565857
8530,0.0017533597423272,0.9991018177132317,0.18877536058425903
8531,0.001755581059568324,0.999103741015773,0.18861444294452667
8532,0.001755581059568324,0.9991056643183143,0.18811586499214172
8533,0.001757802376809448,0.9991095109233968,0.18781377375125885
8534,0.001757802376809448,0.9991114342259381,0.18765471875667572
8535,0.0017592832549701972,0.9991133575284793,0.18756578862667084
8536,0.0017629854503720707,0.9991133575284793,0.18626795709133148
8537,0.00176446632853282,0.9991133575284793,0.18626642227172852
8538,0.00176446632853282,0.9991152808310205,0.1861884891986847
8539,0.0017652067676131946,0.9991152808310205,0.1852293610572815
8540,0.0017659472066935693,0.9991172041335619,0.18522784113883972
8541,0.0017674280848543186,0.9991172041335619,0.1847304403781891
8542,0.0017674280848543186,0.9991191274361031,0.18455082178115845
8543,0.0017681685239346932,0.9991210507386443,0.18415352702140808
8544,0.0017681685239346932,0.9991287439488094,0.18324822187423706
8545,0.0017703898411758172,0.9991287439488094,0.1824997365474701
8546,0.0017703898411758172,0.9991306672513507,0.18237817287445068
8547,0.0017726111584169413,0.9991306672513507,0.1812334805727005
8548,0.0017726111584169413,0.9991325905538919,0.18104970455169678
8549,0.0017740920365776906,0.9991325905538919,0.18093469738960266
8550,0.0017770537928991892,0.9991325905538919,0.17978151142597198
8551,0.0017785346710599385,0.9991325905538919,0.17974267899990082
8552,0.0017822368664618118,0.9991325905538919,0.17790299654006958
8553,0.001783717744622561,0.9991325905538919,0.1776718944311142
8554,0.001783717744622561,0.9991345138564331,0.17686909437179565
8555,0.001784458183702936,0.9991345138564331,0.17641957104206085
8556,0.0017918625745066824,0.9991422070665982,0.17634810507297516
8557,0.0017933434526674317,0.9991422070665982,0.1760272979736328
8558,0.0017933434526674317,0.9991441303691394,0.17555645108222961
8559,0.0017963052089889305,0.9991441303691394,0.175434872508049
8560,0.001801488282551553,0.9991460536716807,0.17535290122032166
8561,0.0018029691607123024,0.9991499002767632,0.17512089014053345
8562,0.001803709599792677,0.9991499002767632,0.1747669279575348
8563,0.001803709599792677,0.9991518235793045,0.17469091713428497
8564,0.0018044500388730517,0.9991518235793045,0.1745561808347702
8565,0.001805930917033801,0.9991518235793045,0.17454217374324799
8566,0.0018066713561141756,0.9991518235793045,0.17391559481620789
8567,0.0018081522342749251,0.9991518235793045,0.17279285192489624
8568,0.0018081522342749251,0.9991575934869282,0.17262853682041168
8569,0.0018081522342749251,0.9991595167894696,0.17257612943649292
8570,0.001810373551516049,0.9991595167894696,0.17164993286132812
8571,0.001810373551516049,0.9991614400920108,0.17148105800151825
8572,0.0018118544296767984,0.9991749032097996,0.17123910784721375
8573,0.0018140757469179223,0.9991749032097996,0.17028242349624634
8574,0.001814816185998297,0.9991806731174234,0.1702667772769928
8575,0.0018155566250786716,0.9991806731174234,0.16990835964679718
8576,0.0018155566250786716,0.9991845197225059,0.16967669129371643
8577,0.0018162970641590463,0.9991845197225059,0.1691078394651413
8578,0.0018177779423197956,0.9991883663275885,0.1690731793642044
8579,0.0018185183814001702,0.9991883663275885,0.16903464496135712
8580,0.0018185183814001702,0.9991902896301297,0.16871143877506256
8581,0.0018199992595609197,0.9991922129326709,0.1686972826719284
8582,0.0018199992595609197,0.9991941362352122,0.16837920248508453
8583,0.0018199992595609197,0.9991979828402947,0.16776588559150696
8584,0.0018207396986412944,0.9991979828402947,0.16747285425662994
8585,0.0018207396986412944,0.9991999061428359,0.16734759509563446
8586,0.001821480137721669,0.9991999061428359,0.16677790880203247
8587,0.001821480137721669,0.9992018294453773,0.1663498729467392
8588,0.0018222205768020437,0.9992037527479185,0.165904700756073
8589,0.0018222205768020437,0.9992075993530011,0.16472411155700684
8590,0.001823701454962793,0.9992075993530011,0.1635596752166748
8591,0.001823701454962793,0.9992114459580835,0.16283446550369263
8592,0.001825922772203917,0.9992114459580835,0.1622558832168579
8593,0.001825922772203917,0.9992133692606248,0.16209402680397034
8594,0.001825922772203917,0.9992172158657073,0.16175298392772675
8595,0.0018266632112842916,0.9992172158657073,0.16174674034118652
8596,0.0018266632112842916,0.9992210624707898,0.16082406044006348
8597,0.0018288845285254155,0.9992210624707898,0.16049787402153015
8598,0.0018303654066861648,0.9992210624707898,0.16011348366737366
8599,0.0018303654066861648,0.9992229857733311,0.1596856415271759
8600,0.0018318462848469143,0.9992268323784136,0.15957477688789368
8601,0.0018318462848469143,0.9992287556809549,0.15889061987400055
8602,0.001832586723927289,0.9992287556809549,0.15884621441364288
8603,0.001832586723927289,0.9992306789834962,0.15876632928848267
8604,0.0018399911147310355,0.9992422187987438,0.1587454080581665
8605,0.0018399911147310355,0.999244142101285,0.15850014984607697
8606,0.001842952871052534,0.999244142101285,0.15845109522342682
8607,0.001843693310132909,0.999244142101285,0.15833745896816254
8608,0.0018503572618562808,0.9992479887063674,0.15783050656318665
8609,0.00185183814001703,0.9992479887063674,0.15742447972297668
8610,0.001854059457258154,0.9992499120089088,0.15729190409183502
8611,0.0018547998963385286,0.99925183531145,0.1569599062204361
8612,0.0018562807744992782,0.99925183531145,0.15639324486255646
8613,0.001858502091740402,0.99925183531145,0.15602636337280273
8614,0.001858502091740402,0.9992537586139912,0.15581881999969482
8615,0.001858502091740402,0.9992576052190738,0.15566235780715942
8616,0.001860723408981526,0.9992576052190738,0.1552162915468216
8617,0.0018614638480619007,0.9992576052190738,0.1549685299396515
8618,0.0018614638480619007,0.999259528521615,0.15487056970596313
8619,0.0018622042871422754,0.9992614518241563,0.15486392378807068
8620,0.0018622042871422754,0.9992633751266976,0.15486036241054535
8621,0.001865166043463774,0.9992633751266976,0.1546594500541687
8622,0.001865166043463774,0.9992652984292388,0.15431800484657288
8623,0.0018666469216245232,0.9992710683368626,0.15405099093914032
8624,0.001867387360704898,0.9992710683368626,0.15394072234630585
8625,0.001867387360704898,0.9992729916394039,0.15377125144004822
8626,0.0018688682388656474,0.9992729916394039,0.1537637859582901
8627,0.001869608677946022,0.9992749149419451,0.1534830629825592
8628,0.0018710895561067714,0.9992768382444863,0.15315821766853333
8629,0.0018733108733478953,0.9992768382444863,0.1527983546257019
8630,0.0018747917515086446,0.9992768382444863,0.15278732776641846
8631,0.0018755321905890192,0.9992787615470277,0.1526326686143875
8632,0.0018784939469105178,0.9992787615470277,0.15262000262737274
8633,0.0018792343859908927,0.9992826081521101,0.15230612456798553
8634,0.0018799748250712674,0.9992845314546515,0.15173403918743134
8635,0.0018821961423123913,0.9992864547571927,0.15171760320663452
8636,0.001882936581392766,0.9992864547571927,0.15169715881347656
8637,0.0018836770204731406,0.9992883780597339,0.15127696096897125
8638,0.0018844174595535152,0.9992883780597339,0.15121546387672424
8639,0.0018844174595535152,0.9992903013622751,0.15106862783432007
8640,0.0018858983377142645,0.9992903013622751,0.15026380121707916
8641,0.0018858983377142645,0.9992941479673577,0.15010614693164825
8642,0.001894043167598386,0.999296071269899,0.15009506046772003
8643,0.0018947836066787605,0.999296071269899,0.14994317293167114
8644,0.0018947836066787605,0.9992999178749815,0.14966534078121185
8645,0.0018962644848395098,0.9992999178749815,0.14948038756847382
8646,0.0018970049239198845,0.9993018411775227,0.1493891030550003
8647,0.0018984858020806338,0.9993018411775227,0.14930523931980133
8648,0.0019036688756432565,0.9993076110851465,0.14922118186950684
8649,0.0019051497538040058,0.9993076110851465,0.14893953502178192
8650,0.0019058901928843805,0.9993076110851465,0.14891672134399414
8651,0.0019058901928843805,0.9993095343876878,0.14865003526210785
8652,0.0019066306319647551,0.9993095343876878,0.14843514561653137
8653,0.0019066306319647551,0.999311457690229,0.14827226102352142
8654,0.0019073710710451298,0.999311457690229,0.14819124341011047
8655,0.0019118137055273777,0.9993172275978528,0.14807121455669403
8656,0.001913294583688127,0.9993172275978528,0.14801999926567078
8657,0.0019162563400096258,0.9993210742029354,0.14776867628097534
8658,0.0019169967790900004,0.9993210742029354,0.14773963391780853
8659,0.0019169967790900004,0.9993229975054766,0.14756736159324646
8660,0.001917737218170375,0.9993249208080178,0.14736679196357727
8661,0.001917737218170375,0.9993268441105592,0.14715345203876495
8662,0.0019184776572507497,0.9993287674131004,0.14704342186450958
8663,0.0019206989744918737,0.9993287674131004,0.14630672335624695
8664,0.0019206989744918737,0.9993306907156416,0.14616291224956512
8665,0.0019251416089741216,0.9993326140181829,0.14586302638053894
8666,0.0019258820480544962,0.9993326140181829,0.14563168585300446
8667,0.0019295842434563697,0.9993383839258067,0.1456121802330017
8668,0.0019295842434563697,0.999340307228348,0.14546403288841248
8669,0.0019303246825367443,0.9993422305308892,0.14545109868049622
8670,0.0019318055606974936,0.9993422305308892,0.14535567164421082
8671,0.0019318055606974936,0.9993441538334304,0.14520888030529022
8672,0.001933286438858243,0.9993441538334304,0.14503149688243866
8673,0.001933286438858243,0.999348000438513,0.14479942619800568
8674,0.0019377290733404908,0.9993499237410542,0.14475995302200317
8675,0.0019392099515012403,0.9993499237410542,0.14473454654216766
8676,0.0019392099515012403,0.9993518470435955,0.14471223950386047
8677,0.0019406908296619896,0.9993576169512193,0.14448529481887817
8678,0.0019429121469031136,0.9993576169512193,0.1439269334077835
8679,0.0019458739032246122,0.9993576169512193,0.14388658106327057
8680,0.0019458739032246122,0.9993595402537605,0.14377424120903015
8681,0.001954759172189108,0.9993614635563018,0.14363856613636017
8682,0.001954759172189108,0.9993633868588431,0.1435886174440384
8683,0.001955499611269483,0.9993633868588431,0.143504336476326
8684,0.001955499611269483,0.9993653101613843,0.1434922069311142
8685,0.001957720928510607,0.9993672334639255,0.14293095469474792
8686,0.0019584613675909814,0.9993691567664669,0.14289584755897522
8687,0.0019592018066713563,0.9993691567664669,0.14247478544712067
8688,0.0019592018066713563,0.9993710800690081,0.1424185037612915
8689,0.0019599422457517307,0.9993749266740907,0.142333522439003
8690,0.0019606826848321056,0.9993749266740907,0.14149731397628784
8691,0.001963644441153604,0.9993787732791731,0.14148549735546112
8692,0.001963644441153604,0.9993806965817144,0.1412278264760971
8693,0.0019643848802339786,0.9993806965817144,0.14122021198272705
8694,0.001967346636555477,0.9993806965817144,0.14065344631671906
8695,0.0019695679537966014,0.9993864664893382,0.14043860137462616
8696,0.0019703083928769762,0.9993864664893382,0.14038531482219696
8697,0.001979934100921847,0.9993864664893382,0.13983054459095
8698,0.0019806745400022213,0.9993883897918794,0.13979192078113556
8699,0.0019806745400022213,0.9993903130944207,0.1396407186985016
8700,0.001981414979082596,0.9993903130944207,0.13959801197052002
8701,0.001981414979082596,0.9993941596995032,0.13955867290496826
8702,0.0019821554181629706,0.9993941596995032,0.13939444720745087
8703,0.0019821554181629706,0.999399929607127,0.13936826586723328
8704,0.00198363629632372,0.999399929607127,0.13913027942180634
8705,0.001990300248047092,0.999399929607127,0.13900664448738098
8706,0.0019910406871274664,0.999399929607127,0.138975590467453
8707,0.0019910406871274664,0.9994018529096682,0.13897180557250977
8708,0.001992521565288216,0.9994018529096682,0.1387195885181427
8709,0.0019940024434489654,0.9994037762122095,0.13857270777225494
8710,0.0019954833216097147,0.9994037762122095,0.1385052502155304
8711,0.0019954833216097147,0.999407622817292,0.13831758499145508
8712,0.001996223760690089,0.999407622817292,0.1381601244211197
8713,0.001996223760690089,0.9994095461198332,0.13815216720104218
8714,0.001996964199770464,0.9994095461198332,0.1376735121011734
8715,0.001996964199770464,0.9994133927249158,0.13758975267410278
8716,0.001996964199770464,0.9994345490528697,0.13687992095947266
8717,0.0019984450779312133,0.9994345490528697,0.13684487342834473
8718,0.0019984450779312133,0.9994383956579522,0.13646546006202698
8719,0.0019999259560919626,0.9994383956579522,0.13615240156650543
8720,0.0020051090296545854,0.9994383956579522,0.1361236572265625
8721,0.0020051090296545854,0.9994653218935298,0.13607065379619598
8722,0.0020065899078153347,0.9994672451960711,0.13603578507900238
8723,0.002007330346895709,0.9994672451960711,0.13597548007965088
8724,0.002007330346895709,0.9994787850113186,0.1356821060180664
8725,0.0020102921032172077,0.9994787850113186,0.13562366366386414
8726,0.002036207471030321,0.9994787850113186,0.13560530543327332
8727,0.0020376883491910703,0.9994787850113186,0.13501743972301483
8728,0.0020376883491910703,0.9995134044570613,0.13487881422042847
8729,0.0020384287882714448,0.9995134044570613,0.13486967980861664
8730,0.0020399096664321945,0.9995172510621438,0.13484419882297516
8731,0.0020769316204509274,0.9995172510621438,0.13480240106582642
8732,0.0020776720595313022,0.9995172510621438,0.13378220796585083
8733,0.0020791529376920515,0.9995172510621438,0.13373887538909912
8734,0.002080633815852801,0.9995172510621438,0.13264942169189453
8735,0.00208211469401355,0.9995191743646851,0.13264347612857819
8736,0.0020828551330939245,0.9995191743646851,0.13226783275604248
8737,0.0020828551330939245,0.9995230209697676,0.13215193152427673
8738,0.0020828551330939245,0.9995249442723089,0.13214486837387085
8739,0.0020835955721742994,0.9995249442723089,0.13192225992679596
8740,0.002085816889415423,0.9995249442723089,0.13148298859596252
8741,0.002085816889415423,0.9995268675748501,0.13148169219493866
8742,0.0020895190848172966,0.9995268675748501,0.13147708773612976
8743,0.0020895190848172966,0.9995287908773914,0.13136637210845947
8744,0.0020917404020584208,0.9995287908773914,0.1306949257850647
8745,0.0020917404020584208,0.9995326374824739,0.13032397627830505
8746,0.002092480841138795,0.9995345607850151,0.13020148873329163
8747,0.002092480841138795,0.9995364840875565,0.1299150288105011
8748,0.00209322128021917,0.9995364840875565,0.12951070070266724
8749,0.002096923475621043,0.999548023902804,0.12905338406562805
8750,0.002096923475621043,0.9995499472053453,0.12901051342487335
8751,0.002098404353781793,0.9995499472053453,0.1284608691930771
8752,0.002098404353781793,0.9995537938104277,0.12800602614879608
8753,0.0021006256710229165,0.9995537938104277,0.1276940256357193
8754,0.0021013661101032914,0.9995614870205928,0.1276370882987976
8755,0.002103587427344415,0.9995614870205928,0.12715616822242737
8756,0.0021050683055051644,0.9995614870205928,0.1269485205411911
8757,0.002110251379067787,0.999563410323134,0.12687444686889648
8758,0.002110251379067787,0.9995653336256753,0.12685401737689972
8759,0.0021117322572285365,0.9995653336256753,0.12655945122241974
8760,0.002113213135389286,0.9995653336256753,0.1263209879398346
8761,0.002113213135389286,0.9995672569282166,0.12609536945819855
8762,0.0021139535744696607,0.9995672569282166,0.12585730850696564
8763,0.002119136648032283,0.9995672569282166,0.1258249431848526
8764,0.002119877087112658,0.9995672569282166,0.12564845383167267
8765,0.0021228388434341564,0.9995672569282166,0.12549367547035217
8766,0.0021250601606752806,0.9995672569282166,0.12510643899440765
8767,0.0021272814779164043,0.9995691802307578,0.12478502094745636
8768,0.002128021916996779,0.9995711035332991,0.1240369901061058
8769,0.0021287623560771536,0.9995711035332991,0.12395647913217545
8770,0.0021287623560771536,0.9995730268358404,0.12393102049827576
8771,0.0021295027951575285,0.9995730268358404,0.12380431592464447
8772,0.0021317241123986522,0.9995807200460054,0.12367788702249527
8773,0.002132464551479027,0.9995807200460054,0.12364771217107773
8774,0.002132464551479027,0.9995826433485466,0.12363594770431519
8775,0.0021346858687201513,0.9995826433485466,0.12338792532682419
8776,0.0021346858687201513,0.999584566651088,0.12300095707178116
8777,0.0021383880641220243,0.9995864899536292,0.12293555587530136
8778,0.002139128503202399,0.9995864899536292,0.12291444838047028
8779,0.002141349820443523,0.9995864899536292,0.12283039093017578
8780,0.0021420902595238977,0.9995864899536292,0.12281231582164764
8781,0.002142830698604272,0.9995884132561704,0.12280288338661194
8782,0.0021443115767650215,0.9995884132561704,0.12266463041305542
8783,0.002145792454925771,0.9995884132561704,0.12242768704891205
8784,0.002148013772166895,0.9995884132561704,0.1222914457321167
8785,0.00214875421124727,0.9995903365587117,0.12217282503843307
8786,0.0021494946503276442,0.9995903365587117,0.12208066880702972
8787,0.0021509755284883935,0.9995903365587117,0.1218920648097992
8788,0.0021517159675687684,0.999592259861253,0.12182734161615372
8789,0.0021531968457295177,0.999592259861253,0.12146079540252686
8790,0.002153937284809892,0.9995961064663355,0.12143827229738235
8791,0.002154677723890267,0.9995961064663355,0.12126628309488297
8792,0.0021561586020510163,0.9995980297688767,0.12117522209882736
8793,0.0021568990411313907,0.9995980297688767,0.12086015939712524
8794,0.0021598607974528897,0.9995980297688767,0.12082327157258987
8795,0.002161341675613639,0.9995980297688767,0.12057816982269287
8796,0.0021628225537743883,0.9995980297688767,0.1201232448220253
8797,0.0021680056273370107,0.999599953071418,0.12009572982788086
8798,0.0021687460664173855,0.999599953071418,0.12000831216573715
8799,0.0021694865054977604,0.9996018763739593,0.11985188722610474
8800,0.002172448261819259,0.9996018763739593,0.11977390944957733
8801,0.0021739291399800083,0.9996018763739593,0.11951565742492676
8802,0.0021739291399800083,0.9996037996765005,0.11937038600444794
8803,0.002176150457221132,0.9996057229790418,0.1192137748003006
8804,0.002176890896301507,0.9996057229790418,0.1190730631351471
8805,0.002176890896301507,0.9996114928866655,0.11905644088983536
8806,0.0021798526526230055,0.9996114928866655,0.11905184388160706
8807,0.0021813335307837548,0.9996114928866655,0.11840913444757462
8808,0.0021820739698641296,0.9996172627942893,0.11833810806274414
8809,0.002182814408944504,0.9996172627942893,0.11833195388317108
8810,0.0021842952871052534,0.9996172627942893,0.11827928572893143
8811,0.0021842952871052534,0.9996191860968305,0.11823376268148422
8812,0.0021850357261856282,0.9996191860968305,0.11807144433259964
8813,0.0021850357261856282,0.9996230327019131,0.11800118535757065
8814,0.002187997482507127,0.9996288026095369,0.11799327284097672
8815,0.0021887379215875013,0.9996288026095369,0.11774038523435593
8816,0.0021902187997482505,0.9996307259120781,0.11747376620769501
8817,0.0021909592388286254,0.9996307259120781,0.11738672107458115
8818,0.0021976231905519975,0.9996422657273257,0.1172804906964302
8819,0.002198363629632372,0.9996422657273257,0.11686147004365921
8820,0.002199844507793121,0.9996422657273257,0.11676371842622757
8821,0.002204287142275369,0.9996422657273257,0.11663071066141129
8822,0.002205768020436119,0.9996461123324082,0.1164228618144989
8823,0.0022065084595164933,0.9996461123324082,0.11626838892698288
8824,0.0022079893376772426,0.9996461123324082,0.11592508107423782
8825,0.0022079893376772426,0.9996499589374908,0.11574383825063705
8826,0.0022087297767576174,0.9996499589374908,0.11572736501693726
8827,0.0022102106549183667,0.999651882240032,0.11571833491325378
8828,0.002217615045722113,0.999651882240032,0.11558637022972107
8829,0.002217615045722113,0.9996538055425732,0.11533597856760025
8830,0.0022190959238828625,0.9996538055425732,0.11532704532146454
8831,0.0022198363629632374,0.9996538055425732,0.11526346951723099
8832,0.002228721631927733,0.9996538055425732,0.11488623917102814
8833,0.002229462071008108,0.9996538055425732,0.11485084146261215
8834,0.0022309429491688573,0.9996538055425732,0.11477971076965332
8835,0.0022316833882492317,0.9996538055425732,0.1147598847746849
8836,0.0022316833882492317,0.9996557288451146,0.11463717371225357
8837,0.0022324238273296066,0.9996576521476558,0.11462828516960144
8838,0.002253156121580097,0.9996788084756096,0.11462521553039551
8839,0.0022546369997408465,0.9996788084756096,0.11418826878070831
8840,0.0022820332457147087,0.9997076580137285,0.11393015086650848
8841,0.0022820332457147087,0.9997115046188111,0.11373015493154526
8842,0.002322757395135315,0.9997422774594712,0.11359648406505585
8843,0.002325719151456814,0.9997422774594712,0.11302389204502106
8844,0.002386435156047536,0.9997922833255439,0.11290690302848816
8845,0.0023893969123690347,0.9997922833255439,0.11253442615270615
8846,0.002391618229610159,0.9997922833255439,0.11173402518033981
8847,0.0023960608640924068,0.9997922833255439,0.11172045022249222
8848,0.0023990226204139054,0.9997922833255439,0.11168421059846878
8849,0.0023997630594942802,0.9997922833255439,0.11165764182806015
8850,0.002402724815815779,0.9997942066280853,0.11153711378574371
8851,0.002404205693976528,0.9997942066280853,0.11132977902889252
8852,0.0024049461330569026,0.9997942066280853,0.11105433106422424
8853,0.0024049461330569026,0.9997961299306265,0.11104081571102142
8854,0.0024079078893784016,0.9997961299306265,0.11100473999977112
8855,0.002409388767539151,0.9997980532331677,0.11080089211463928
8856,0.0024123505238606495,0.9997980532331677,0.11000216752290726
8857,0.0024160527192625225,0.9998018998382503,0.1098022609949112
8858,0.0024167931583428974,0.9998018998382503,0.10977863520383835
8859,0.00243308281811114,0.9998057464433328,0.10960101336240768
8860,0.002436785013513013,0.9998057464433328,0.10913287103176117
8861,0.0024508533560401316,0.9998134396534978,0.10893268138170242
8862,0.0024915775054607384,0.9998269027712866,0.10861186683177948
8863,0.0024930583836214877,0.9998269027712866,0.10826645791530609
8864,0.002544148680167339,0.999844212494158,0.10794884711503983
8865,0.0025456295583280884,0.9998461357966992,0.1078818291425705
8866,0.0025471104364888377,0.9998461357966992,0.10772310197353363
8867,0.002548591314649587,0.9998480590992405,0.10767502337694168
8868,0.0025500721928103367,0.9998480590992405,0.10728790611028671
8869,0.002550812631890711,0.999851905704323,0.10722272843122482
8870,0.0025522935100514605,0.999851905704323,0.10701704025268555
8871,0.0025567361445337083,0.9998538290068643,0.10690633952617645
8872,0.0025582170226944576,0.9998538290068643,0.10663200914859772
8873,0.0025611787790159567,0.9998557523094055,0.10625249147415161
8874,0.002562659657176706,0.9998557523094055,0.10527575761079788
8875,0.0025715449261412017,0.9998557523094055,0.10497628897428513
8876,0.002575247121543075,0.9998595989144881,0.10496443510055542
8877,0.0025759875606234496,0.9998595989144881,0.10436305403709412
8878,0.0025804301951056975,0.9998595989144881,0.10432107746601105
8879,0.0025804301951056975,0.9998615222170293,0.10395913571119308
8880,0.002581911073266447,0.9998615222170293,0.10206465423107147
8881,0.002584872829587946,0.9998615222170293,0.10054612904787064
8882,0.002586353707748695,0.9998615222170293,0.10024721920490265
8883,0.002588575024989819,0.9998615222170293,0.10003557801246643
8884,0.002590055903150568,0.9998615222170293,0.09973802417516708
8885,0.0025922772203916923,0.9998634455195705,0.09962955862283707
8886,0.0025937580985524416,0.9998634455195705,0.09920620173215866
8887,0.0025967198548739402,0.9998634455195705,0.09893355518579483
8888,0.0026026433675169374,0.9998634455195705,0.08845443278551102
8889,0.0026041242456776867,0.9998634455195705,0.08553602546453476
8890,0.002605605123838436,0.9998634455195705,0.05326767638325691
8891,0.0026070860019991853,0.9998634455195705,0.02919338271021843
8892,0.0026107881974010588,0.9998634455195705,0.029109470546245575
8893,0.0026137499537225574,0.9998634455195705,0.025086207315325737
8894,0.0026159712709636815,0.9998634455195705,0.024462467059493065
8895,0.002617452149124431,0.9998634455195705,0.02007228508591652
8896,0.0026211543445263043,0.9998634455195705,0.01904001273214817
8897,0.0026218947836066787,0.9998634455195705,0.018830979242920876
8898,0.002623375661767428,0.9998634455195705,0.01877627521753311
8899,0.002624116100847803,0.9998634455195705,0.01861782930791378
8900,0.0026270778571693015,0.9998634455195705,0.018033696338534355
8901,0.0026315204916515494,0.9998634455195705,0.017938870936632156
8902,0.0026337418088926735,0.9998634455195705,0.01746487431228161
8903,0.0026877938617600235,0.9998634455195705,0.017414068803191185
8904,0.002689274739920773,0.9998634455195705,0.017045237123966217
8905,0.002691496057161897,0.9998634455195705,0.015558183193206787
8906,0.0026944578134833956,0.9998634455195705,0.015512841753661633
8907,0.0027003813261263928,0.9998634455195705,0.014345739036798477
8908,0.002703343082447892,0.9998634455195705,0.013965326361358166
8909,0.002754433378993743,0.9998634455195705,0.01392456330358982
8910,0.0027581355743956167,0.9998634455195705,0.013687115162611008
8911,0.0027610973307171153,0.9998634455195705,0.012889081612229347
8912,0.002766280404279738,0.9998634455195705,0.01280004158616066
8913,0.0027803487468068566,0.9998634455195705,0.01254680473357439
8914,0.002781089185887231,0.9998634455195705,0.01099599339067936
8915,0.003409721965125319,0.9998634455195705,0.010704714804887772
8916,0.0034134241605271926,0.9998634455195705,0.010664503090083599
8917,0.003414164599607567,0.9998634455195705,0.010380679741501808
8918,0.003417126355929066,0.9998634455195705,0.010336334817111492
8919,0.0034178667950094405,0.9998634455195705,0.009541569277644157
8920,0.0035481840731553813,0.9998634455195705,0.008838051930069923
8921,0.00355114582947688,0.9998634455195705,0.008594874292612076
8922,0.0035533671467180036,0.9998634455195705,0.008509532548487186
8923,0.003563733293843249,0.9998634455195705,0.008298490196466446
8924,0.003585946466254489,0.9998634455195705,0.008258266374468803
8925,0.003589648661656362,0.9998634455195705,0.00815508421510458
8926,0.004278997445485173,0.9998634455195705,0.008078084327280521
8927,0.004285661397208544,0.9998634455195705,0.007905900478363037
8928,0.0042989893006552884,0.9998634455195705,0.0078502232208848
8929,0.004306393691459035,0.9998634455195705,0.007703844923526049
8930,0.004310836325941283,0.9998634455195705,0.007635446731001139
8931,0.0043982081374254935,0.9998634455195705,0.0075896685011684895
8932,0.004402650771907741,0.9998634455195705,0.007570818066596985
8933,0.004442634482247973,0.9998634455195705,0.007466400973498821
8934,0.004444115360408722,0.9998634455195705,0.007399203255772591
8935,0.004457443263855466,0.9998634455195705,0.007368716411292553
8936,0.00466772796268187,0.9998634455195705,0.007347064558416605
8937,0.004672911036244493,0.9998634455195705,0.007241691928356886
8938,0.004704749916700604,0.9998634455195705,0.0070728580467402935
8939,0.004825441486801673,0.9998634455195705,0.006940872874110937
8940,0.0050890377994150535,0.9998634455195705,0.0066810972057282925
8941,0.005091259116656177,0.9998634455195705,0.00667794281616807
8942,0.006995668431379809,0.9998634455195705,0.006639461498707533
8943,0.006996408870460183,0.9998634455195705,0.006636078469455242
8944,0.00741845914627374,0.9998634455195705,0.006556374486535788
8945,0.007435489245122357,0.9998634455195705,0.0064825452864170074
8946,0.007444374514086853,0.9998634455195705,0.006354071199893951
8947,0.007499167006034578,0.9998634455195705,0.006296820472925901
8948,0.007505090518677576,0.9998634455195705,0.006262633483856916
8949,0.007505830957757951,0.9998634455195705,0.006143414415419102
8950,0.00757247047499167,0.9998634455195705,0.00612851744517684
8951,0.007573210914072045,0.9998634455195705,0.0060136145912110806
8952,0.007578393987634668,0.9998634455195705,0.005980760790407658
8953,0.0075872792565991635,0.9998634455195705,0.005973510909825563
8954,0.007610232868090778,0.9998634455195705,0.0059637222439050674
8955,0.007670208433601126,0.9998634455195705,0.005927906837314367
8956,0.0076768723853244975,0.9998634455195705,0.005884814076125622
8957,0.007685757654288993,0.9998634455195705,0.005749368574470282
8958,0.007687238532449743,0.9998634455195705,0.005725450813770294
8959,0.007709451704860983,0.9998634455195705,0.005642296280711889
8960,0.007722039169227352,0.9998634455195705,0.005606799852102995
8961,0.007727962681870349,0.9998634455195705,0.00553489662706852
8962,0.007730183999111473,0.9998634455195705,0.0054960232228040695
8963,0.007762022879567583,0.9998634455195705,0.005495721008628607
8964,0.007764984635889083,0.9998634455195705,0.0054366313852369785
8965,0.007784236051978823,0.9998634455195705,0.005431454628705978
8966,0.00779164044278257,0.9998634455195705,0.005333260167390108
8967,0.0077923808818629444,0.9998634455195705,0.0052969553507864475
8968,0.007796823516345193,0.9998634455195705,0.00528855063021183
8969,0.007803487468068564,0.9998634455195705,0.005231709685176611
8970,0.007889378401392026,0.9998634455195705,0.005227874498814344
8971,0.0078901188404724,0.9998634455195705,0.0052252341993153095
8972,0.007893821035874273,0.9998634455195705,0.00518711656332016
8973,0.007895301914035023,0.9998634455195705,0.005175186321139336
8974,0.008038947095627707,0.9998634455195705,0.005130140110850334
8975,0.008039687534708082,0.9998634455195705,0.0050069172866642475
8976,0.00809818222205768,0.9998634455195705,0.005004763137549162
8977,0.008099663100218429,0.9998634455195705,0.004924015142023563
8978,0.008102624856539929,0.9998634455195705,0.004899983294308186
8979,0.008104846173781053,0.9998634455195705,0.004800403956323862
8980,0.008121135833549295,0.9998634455195705,0.0047898017801344395
8981,0.008124097589870793,0.9998634455195705,0.00470895366743207
8982,0.008135204176076414,0.9998634455195705,0.004669758956879377
8983,0.008141868127799785,0.9998634455195705,0.00466057937592268
8984,0.00814557032320166,0.9998634455195705,0.004640365485101938
8985,0.008165562178371775,0.9998634455195705,0.00463592354208231
8986,0.008178890081818518,0.9998634455195705,0.004620875231921673
8987,0.008182592277220391,0.9998634455195705,0.004585713613778353
8988,0.008191477546184888,0.9998634455195705,0.00454346276819706
8989,0.008192958424345637,0.9998634455195705,0.0045293583534657955
8990,0.008193698863426012,0.9998634455195705,0.004515130538493395
8991,0.008275147162267224,0.9998634455195705,0.004511811770498753
8992,0.008278849357669097,0.9998634455195705,0.004507971461862326
8993,0.008320313946170079,0.9998634455195705,0.004497656133025885
8994,0.00836029765651031,0.9998634455195705,0.004497162997722626
8995,0.008372144681796305,0.9998634455195705,0.004447541665285826
8996,0.008373625559957054,0.9998634455195705,0.004435546230524778
8997,0.008433601125467403,0.9998634455195705,0.004421815276145935
8998,0.0084365628817889,0.9998634455195705,0.004402683116495609
8999,0.008437303320869276,0.9998634455195705,0.00438727019354701
9000,0.008451371663396394,0.9998634455195705,0.004364331252872944
9001,0.008453592980637518,0.9998634455195705,0.004353555850684643
9002,0.008454333419717892,0.9998634455195705,0.004316776059567928
9003,0.008475806153048758,0.9998634455195705,0.004281201399862766
9004,0.008476546592129132,0.9998634455195705,0.004268582910299301
9005,0.00848098922661138,0.9998634455195705,0.0042608859948813915
9006,0.008663877679463921,0.9998634455195705,0.004242981318384409
9007,0.00881270593461923,0.9998634455195705,0.004225708544254303
9008,0.008814186812779979,0.9998634455195705,0.004167045466601849
9009,0.008815667690940727,0.9998634455195705,0.0040682111866772175
9010,0.008855651401280959,0.9998634455195705,0.004061963874846697
9011,0.00885713227944171,0.9998634455195705,0.004022730048745871
9012,0.009185146792047684,0.9998634455195705,0.004014233592897654
9013,0.009419865980526453,0.9998634455195705,0.004013793542981148
9014,0.00942282773684795,0.9998634455195705,0.0039473786018788815
9015,0.009855984598867128,0.9998634455195705,0.003943596966564655
9016,0.009858205916108252,0.9998634455195705,0.003925326745957136
9017,0.01278145940542742,0.9998634455195705,0.003906739875674248
9018,0.012782199844507793,0.9998634455195705,0.0039008562453091145
9019,0.013256821295027952,0.9998634455195705,0.0038648906629532576
9020,0.018136314834696975,0.9998634455195705,0.0038379488978534937
9021,0.01816223020251009,0.9998634455195705,0.003820165991783142
9022,0.020960349487245938,0.9998634455195705,0.0037714054342359304
9023,0.026415164192366072,0.9998634455195705,0.0037613429594784975
9024,0.026421828144089447,0.9998634455195705,0.0037008689250797033
9025,0.026444041316500685,0.9998634455195705,0.0036938621196895838
9026,0.026445522194661435,0.9998634455195705,0.0036529984790831804
9027,0.026480322831439043,0.9998634455195705,0.0036291521973907948
9028,0.026482544148680166,0.9998634455195705,0.0036067322362214327
9029,0.026484025026840916,0.9998634455195705,0.0035292846150696278
9030,0.0267328125578468,0.9998634455195705,0.003522969549521804
9031,0.02685128281070675,0.9998634455195705,0.003498402889817953
9032,0.027454740661212097,0.9998634455195705,0.0034914598800241947
9033,0.027548035985339305,0.9998634455195705,0.003491076407954097
9034,0.027549516863500056,0.9998634455195705,0.003459579311311245
9035,0.029375439635703972,0.9998634455195705,0.003428551135584712
9036,0.029505756913849913,0.9998634455195705,0.0034023327752947807
9037,0.0295353744770649,0.9998634455195705,0.0033884707372635603
9038,0.029536114916145273,0.9998634455195705,0.0033880986738950014
9039,0.02954055755062752,0.9998634455195705,0.0033413914497941732
9040,0.029541297989707897,0.9998634455195705,0.0033314083702862263
9041,0.02958942652993225,0.9998634455195705,0.003308685729280114
9042,0.031064381178038575,0.9998634455195705,0.003280150704085827
9043,0.031065862056199326,0.9998634455195705,0.0032255782280117273
9044,0.031072526007922697,0.9998634455195705,0.0032190093770623207
9045,0.031074006886083447,0.9998634455195705,0.0032187600154429674
9046,0.031099922253896562,0.9998634455195705,0.003212675219401717
9047,0.031106586205619933,0.9998634455195705,0.003157783532515168
9048,0.031107326644700308,0.9998634455195705,0.0031532314606010914
9049,0.031116952352745177,0.9998634455195705,0.003139480948448181
9050,0.031210247676872385,0.9998634455195705,0.0031362411100417376
9051,0.03127836807226685,0.9998634455195705,0.003132500220090151
9052,0.031279848950427604,0.9998634455195705,0.0030520251020789146
9053,0.0312887342193921,0.9998634455195705,0.0030330345034599304
9054,0.031448669060753026,0.9998634455195705,0.0030239049810916185
9055,0.03145089037799415,0.9998634455195705,0.0030126296915113926
9056,0.031490874088334384,0.9998634455195705,0.0029963511042296886
9057,0.031513827699826,0.9998634455195705,0.002975445706397295
9058,0.04283291992151346,0.9998634455195705,0.0029431749135255814
9059,0.042834400799674203,0.9998634455195705,0.0029318486340343952
9060,0.04318462848469142,0.9998634455195705,0.0029160049743950367
9061,0.0431853689237718,0.9998634455195705,0.002896978985518217
9062,0.0431883306800933,0.9998634455195705,0.0028882967308163643
9063,0.04318907111917367,0.9998634455195705,0.002881808439269662
9064,0.043357891229499096,0.9998634455195705,0.002843365306034684
9065,0.04337047869386546,0.9998634455195705,0.002842696150764823
9066,0.04337121913294584,0.9998634455195705,0.0028046760708093643
9067,0.04338750879271408,0.9998634455195705,0.002800295827910304
9068,0.043400096257080446,0.9998634455195705,0.0027992893010377884
9069,0.043455629188108545,0.9998634455195705,0.00279270950704813
9070,0.043762170967383655,0.9998634455195705,0.0027353104669600725
9071,0.04376291140646403,0.9998634455195705,0.0027338643558323383
9072,0.0437725371145089,0.9998634455195705,0.0026951071340590715
9073,0.043776979748991154,0.9998634455195705,0.0026920470409095287
9074,0.043948021176557696,0.9998634455195705,0.0026736734434962273
9075,0.04394876161563807,0.9998634455195705,0.002670546295121312
9076,0.04395172337195957,0.9998634455195705,0.0026486963033676147
9077,0.04396579171448669,0.9998634455195705,0.0026297608856111765
9078,0.04805819851171745,0.9998634455195705,0.0026251424569636583
9079,0.048060419828958575,0.9998634455195705,0.0025794622488319874
9080,0.04806338158528007,0.9998634455195705,0.0025780859868973494
9081,0.04836029765651031,0.9998634455195705,0.002562855836004019
9082,0.04836325941283181,0.9998634455195705,0.0025453204289078712
9083,0.04845729517603939,0.9998634455195705,0.0025338600389659405
9084,0.048460997371441265,0.9998634455195705,0.0025276909582316875
9085,0.048467661323164636,0.9998634455195705,0.002496555680409074
9086,0.04848098922661138,0.9998634455195705,0.0024937749840319157
9087,0.04850172152086187,0.9998634455195705,0.002487942110747099
9088,0.0485972381622302,0.9998634455195705,0.0024767511058598757
9089,0.048621672651882566,0.9998634455195705,0.002445228397846222
9090,0.04862241309096294,0.9998634455195705,0.002442514058202505
9091,0.048703861389804155,0.9998634455195705,0.002418088261038065
9092,0.051907000851504945,0.9998634455195705,0.002416798146441579
9093,0.051967716856095664,0.9998634455195705,0.0023911360185593367
9094,0.05198548739402466,0.9998634455195705,0.0023901124950498343
9095,0.05208914886527711,0.9998634455195705,0.0023594428785145283
9096,0.052089889304357484,0.9998634455195705,0.0022953059524297714
9097,0.05253859538706453,0.9998634455195705,0.0022863855119794607
9098,0.05255636592499352,0.9998634455195705,0.0022796341218054295
9099,0.052560068120395396,0.9998634455195705,0.002265093382447958
9100,0.05256154899855615,0.9998634455195705,0.002259577391669154
9101,0.052575617341083264,0.9998634455195705,0.00225908518768847
9102,0.053419717892710376,0.9998634455195705,0.002239369787275791
9103,0.05342045833179075,0.9998634455195705,0.002228635596111417
9104,0.05343230535707675,0.9998634455195705,0.0022240355610847473
9105,0.053439709747880496,0.9998634455195705,0.0022140289656817913
9106,0.05344119062604124,0.9998634455195705,0.0022134180180728436
9107,0.053441931065121615,0.9998634455195705,0.002203932963311672
9108,0.05344415238236274,0.9998634455195705,0.0021923992317169905
9109,0.053622598200733035,0.9998634455195705,0.0021888837218284607
9110,0.05362333863981341,0.9998634455195705,0.0021881682332605124
9111,0.05373070230646774,0.9998634455195705,0.002175882225856185
9112,0.05373218318462848,0.9998634455195705,0.0021755623165518045
9113,0.0537521750397986,0.9998634455195705,0.0021607063245028257
9114,0.053826959386916444,0.9998634455195705,0.0021415092051029205
9115,0.053927659101847394,0.9998634455195705,0.0021225379314273596
9116,0.054077968235163455,0.9998634455195705,0.002117711817845702
9117,0.054088334382288696,0.9998634455195705,0.0020889462903141975
9118,0.05409277701677095,0.9998634455195705,0.0020792968571186066
9119,0.05436229684202732,0.9998634455195705,0.0020746802911162376
9120,0.05459997778682759,0.9998634455195705,0.0020743682980537415
9121,0.05460145866498834,0.9998634455195705,0.0020740702748298645
9122,0.05460664173855096,0.9998634455195705,0.00206611305475235
9123,0.05461848876383696,0.9998634455195705,0.002065688371658325
9124,0.0546199696419977,0.9998634455195705,0.002061259001493454
9125,0.054697715745437046,0.9998634455195705,0.0020512237679213285
9126,0.05473769945577728,0.9998634455195705,0.0020438148640096188
9127,0.054808781607493244,0.9998634455195705,0.0020431838929653168
9128,0.05486283366036059,0.9998634455195705,0.0020415373146533966
9129,0.05487616156380734,0.9998634455195705,0.002036844613030553
9130,0.05487838288104846,0.9998634455195705,0.002031411277130246
9131,0.054885787271852206,0.9998634455195705,0.0020297726150602102
9132,0.055363370478693864,0.9998634455195705,0.002027594717219472
9133,0.05541890340972196,0.9998634455195705,0.0020255395211279392
9134,0.055436673947650957,0.9998634455195705,0.0020059365779161453
9135,0.055510717855688424,0.9998634455195705,0.002001777058467269
9136,0.05552848839361742,0.9998634455195705,0.001985775539651513
9137,0.05553663322350154,0.9998634455195705,0.0019753999076783657
9138,0.05615786161193588,0.9998634455195705,0.001971174031496048
9139,0.05688645366702454,0.9998634455195705,0.001959780463948846
9140,0.056914590352078784,0.9998634455195705,0.001956637017428875
9141,0.05691533079115916,0.9998634455195705,0.0019493465078994632
9142,0.05822590796342231,0.9998634455195705,0.001944252522662282
9143,0.058281440894450406,0.9998634455195705,0.001934766536578536
9144,0.058385102365702865,0.9998634455195705,0.0019329175120219588
9145,0.058387323682943984,0.9998634455195705,0.0019169424194842577
9146,0.058393987634667355,0.9998634455195705,0.0019078365294262767
9147,0.058907852356447375,0.9998634455195705,0.0019042587373405695
9148,0.058909333234608126,0.9998634455195705,0.0019041409250348806
9149,0.058910073673688494,0.9998634455195705,0.0019004830392077565
9150,0.058951538262189476,0.9998634455195705,0.0018973174737766385
9151,0.05895301914035023,0.9998634455195705,0.0018946770578622818
9152,0.059010032949539076,0.9998634455195705,0.0018931563245132565
9153,0.05905445929436156,0.9998634455195705,0.00189113465603441
9154,0.05905964236792418,0.9998634455195705,0.0018809887114912271
9155,0.05919588315871312,0.9998634455195705,0.001874097972176969
9156,0.05920476842767761,0.9998634455195705,0.0018731572199612856
9157,0.059215875013883236,0.9998634455195705,0.0018720530206337571
9158,0.059216615452963604,0.9998634455195705,0.0018672833684831858
9159,0.059241790381696344,0.9998634455195705,0.0018654559971764684
9160,0.059249935211580465,0.9998634455195705,0.0018613134743645787
9161,0.05929806375180482,0.9998634455195705,0.0018545284401625395
9162,0.059309910777090816,0.9998634455195705,0.0018542495090514421
9163,0.05933434526674318,0.9998634455195705,0.0018504612380638719
9164,0.059335085705823555,0.9998634455195705,0.0018504592590034008
9165,0.05934100921846655,0.9998634455195705,0.0018468686612322927
9166,0.059343230535707676,0.9998634455195705,0.0018464889144524932
9167,0.05934397097478805,0.9998634455195705,0.0018450157949700952
9168,0.06011624893561882,0.9998634455195705,0.0018444308079779148
9169,0.060171041427566546,0.9998634455195705,0.00184084742795676
9170,0.06259079634223094,0.9998634455195705,0.0018318318761885166
9171,0.06259375809855244,0.9998634455195705,0.001828568521887064
9172,0.06264929102958054,0.9998634455195705,0.0018264262471348047
9173,0.06265077190774129,0.9998634455195705,0.0018229818670079112
9174,0.06267298508015252,0.9998634455195705,0.001821015845052898
9175,0.06267668727555441,0.9998634455195705,0.0018205876694992185
9176,0.06267742771463478,0.9998634455195705,0.0018158426973968744
9177,0.06268705342267965,0.9998634455195705,0.0018124300986528397
9178,0.0633838065973122,0.9998634455195705,0.0018022749572992325
9179,0.06338454703639258,0.9998634455195705,0.0017930774483829737
9180,0.06340231757432158,0.9998634455195705,0.0017921688267961144
9181,0.06340824108696456,0.9998634455195705,0.0017750408733263612
9182,0.06341712635592907,0.9998634455195705,0.001768527552485466
9183,0.06341860723408982,0.9998634455195705,0.0017639053985476494
9184,0.06354374143867313,0.9998634455195705,0.0017573091899976134
9185,0.06354596275591426,0.9998634455195705,0.0017544289585202932
9186,0.06394876161563808,0.9998634455195705,0.0017536199884489179
9187,0.06418051904779534,0.9998634455195705,0.0017517469823360443
9188,0.0642197623190552,0.9998634455195705,0.0017379167256876826
9189,0.0642286475880197,0.9998634455195705,0.0017325801309198141
9190,0.06422938802710007,0.9998634455195705,0.0017258567968383431
9191,0.06442930657880123,0.9998634455195705,0.0017140662530437112
9192,0.06443819184776572,0.9998634455195705,0.0017021599924191833
9193,0.06443893228684609,0.9998634455195705,0.0017012066673487425
9194,0.06447151160638258,0.9998634455195705,0.0016969329444691539
9195,0.06447225204546296,0.9998634455195705,0.0016935935709625483
9196,0.0644915034615527,0.9998634455195705,0.001687914482317865
9197,0.06449224390063307,0.9998634455195705,0.001684027723968029
9198,0.06453667024545555,0.9998634455195705,0.0016796202398836613
9199,0.06465069786383325,0.9998634455195705,0.001676888787187636
9200,0.06470845211210248,0.9998634455195705,0.0016755100805312395
9201,0.06472548221095109,0.9998634455195705,0.001675194944255054
9202,0.0647543593350857,0.9998634455195705,0.0016725225141271949
9203,0.0658590944430047,0.9998634455195705,0.0016700760461390018
9204,0.06585983488208508,0.9998634455195705,0.0016666750889271498
9205,0.0658620561993262,0.9998634455195705,0.0016637650551274419
9206,0.06592721483839917,0.9998634455195705,0.0016575639601796865
9207,0.06592869571655992,0.9998634455195705,0.0016510039567947388
9208,0.06592869571655992,0.9998653688221119,0.001646163291297853
9209,0.06596497723149827,0.9998653688221119,0.0016410351963713765
9210,0.06598867128207027,0.9998653688221119,0.001637407229281962
9211,0.06599237347747214,0.9998653688221119,0.0016325744800269604
9212,0.06600644181999926,0.9998653688221119,0.0016324035823345184
9213,0.06928806782421976,0.9998653688221119,0.0016273546498268843
9214,0.06933989855984599,0.9998653688221119,0.0016170155722647905
9215,0.06951686350005554,0.9998653688221119,0.0016160496743395925
9216,0.06951834437821629,0.9998653688221119,0.0016050327103585005
9217,0.06952500832993966,0.9998653688221119,0.0016040167538449168
9218,0.06953019140350228,0.9998653688221119,0.0015961227472871542
9219,0.06961978453222761,0.9998653688221119,0.001594689441844821
9220,0.06962792936211173,0.9998653688221119,0.0015868721529841423
9221,0.06974343785865018,0.9998653688221119,0.0015852170763537288
9222,0.06981822220576803,0.9998653688221119,0.0015837423270568252
9223,0.07070897041945874,0.9998653688221119,0.0015822283457964659
9224,0.07070971085853911,0.9998653688221119,0.0015766788274049759
9225,0.0707334049091111,0.9998653688221119,0.0015718365320935845
9226,0.07074969456887935,0.9998653688221119,0.0015707818092778325
9227,0.07075191588612047,0.9998653688221119,0.001568501815199852
9228,0.07075265632520085,0.9998653688221119,0.0015682067023590207
9229,0.07490429824886158,0.9998653688221119,0.001565279788337648
9230,0.07525304505571805,0.9998653688221119,0.0015577845042571425
9231,0.07576690977749806,0.9998653688221119,0.001549669774249196
9232,0.07579948909703454,0.9998653688221119,0.001548014348372817
9233,0.07580171041427566,0.9998653688221119,0.001538813696242869
9234,0.07580171041427566,0.9998672921246531,0.0015357828233391047
9235,0.07580467217059716,0.9998672921246531,0.0015330695314332843
9236,0.07580541260967753,0.9998672921246531,0.0015251305885612965
9237,0.07656140091074007,0.9998672921246531,0.0015200532507151365
9238,0.07656362222798119,0.9998672921246531,0.0015183656942099333
9239,0.07664581096590278,0.9998672921246531,0.0015181192429736257
9240,0.07664655140498315,0.9998672921246531,0.0015177802415564656
9241,0.07675021287623561,0.9998672921246531,0.001514709321781993
9242,0.07675317463255711,0.9998672921246531,0.0015120735624805093
9243,0.07679463922105809,0.9998672921246531,0.001505706226453185
9244,0.07679537966013847,0.9998672921246531,0.001504917861893773
9245,0.07680204361186184,0.9998672921246531,0.0015037697739899158
9246,0.07680648624634408,0.9998672921246531,0.0015013266820460558
9247,0.07681018844174596,0.9998672921246531,0.0015010642819106579
9248,0.08075820961830366,0.9998672921246531,0.001496525714173913
9249,0.08076191181370553,0.9998672921246531,0.001495982171036303
9250,0.08081966606197476,0.9998672921246531,0.0014923377893865108
9251,0.08091518270334308,0.9998672921246531,0.0014868779107928276
9252,0.08103883602976565,0.9998672921246531,0.0014857598580420017
9253,0.08104105734700677,0.9998672921246531,0.0014772935537621379
9254,0.08118840472400134,0.9998672921246531,0.0014687678776681423
9255,0.0812306097515827,0.9998672921246531,0.001467198715545237
9256,0.08130465365962015,0.9998672921246531,0.0014669779920950532
9257,0.08133056902743327,0.9998672921246531,0.0014533320209011436
9258,0.08133501166191552,0.9998672921246531,0.001445507863536477
9259,0.08135278219984451,0.9998672921246531,0.0014444943517446518
9260,0.08156973085039429,0.9998672921246531,0.0014356299070641398
9261,0.09569804894302321,0.9998672921246531,0.001435413840226829
9262,0.09715745437044167,0.9998672921246531,0.00143520743586123
9263,0.0990329865610307,0.9998672921246531,0.0014338803011924028
9264,0.09914775461848876,0.9998672921246531,0.0014294037828221917
9265,0.09915071637481027,0.9998672921246531,0.0014286552323028445
9266,0.10239680130317279,0.9998672921246531,0.0014246575301513076
9267,0.10243086150087001,0.9998672921246531,0.001422810717485845
9268,0.10243900633075413,0.9998672921246531,0.001422116532921791
9269,0.10260486468475806,0.9998672921246531,0.0014200358418747783
9270,0.10260708600199918,0.9998672921246531,0.0014184098690748215
9271,0.10270926659509089,0.9998672921246531,0.0014181863516569138
9272,0.10273147976750213,0.9998672921246531,0.0014126813039183617
9273,0.10274332679278812,0.9998672921246531,0.0014092494966462255
9274,0.10549109622005849,0.9998672921246531,0.0014030273305252194
9275,0.10588056717633557,0.9998672921246531,0.001396264648064971
9276,0.10589907815334493,0.9998672921246531,0.0013953368179500103
9277,0.10590129947058606,0.9998672921246531,0.0013903315411880612
9278,0.10601088445448151,0.9998672921246531,0.0013889987021684647
9279,0.10601310577172263,0.9998672921246531,0.001386930700391531
9280,0.10601384621080301,0.9998672921246531,0.0013846000656485558
9281,0.10605012772574136,0.9998672921246531,0.0013774525141343474
9282,0.10695272296471808,0.9998672921246531,0.0013772452948614955
9283,0.10695716559920032,0.9998672921246531,0.0013767252676188946
9284,0.10702010292103217,0.9998672921246531,0.0013749084901064634
9285,0.10724519640146607,0.9998672921246531,0.0013725870521739125
9286,0.1072592647439932,0.9998672921246531,0.001371478196233511
9287,0.10726518825663618,0.9998672921246531,0.0013707600301131606
9288,0.10729850801525305,0.9998672921246531,0.0013683958677574992
9289,0.10730295064973529,0.9998672921246531,0.0013602658873423934
9290,0.10730517196697642,0.9998672921246531,0.0013562447857111692
9291,0.10730887416237829,0.9998672921246531,0.0013554326724261045
9292,0.10733701084743252,0.9998672921246531,0.0013525589602068067
9293,0.10733849172559327,0.9998672921246531,0.001351541024632752
9294,0.1073436747991559,0.9998672921246531,0.00135139306075871
9295,0.1073525600681204,0.9998672921246531,0.001346610370092094
9296,0.10761911813705527,0.9998672921246531,0.0013461693888530135
9297,0.13951353152419385,0.9998672921246531,0.001345322816632688
9298,0.13955499611269484,0.9998672921246531,0.0013252703938633204
9299,0.1395557365517752,0.9998672921246531,0.0013182911789044738
9300,0.13978453222761097,0.9998672921246531,0.0013176328502595425
9301,0.1397897153011736,0.9998672921246531,0.0013164737029001117
9302,0.1397919366184147,0.9998672921246531,0.0013162249233573675
9303,0.1397986005701381,0.9998672921246531,0.0013042798964306712
9304,0.13982377549887082,0.9998672921246531,0.0013009178219363093
9305,0.13985043130576433,0.9998672921246531,0.0012979734456166625
9306,0.1449794528155196,0.9998672921246531,0.0012967514339834452
9307,0.14498611676724296,0.9998672921246531,0.0012960722669959068
9308,0.1508296619895598,0.9998672921246531,0.0012953657424077392
9309,0.1509673836585095,0.9998672921246531,0.0012924449983984232
9310,0.1509673836585095,0.9998865251500657,0.001291421940550208
9311,0.15188552811817407,0.9998865251500657,0.0012908002827316523
9312,0.15189145163081708,0.9998865251500657,0.0012879002606496215
9313,0.15201806671356113,0.9998865251500657,0.0012865737080574036
9314,0.15202399022620414,0.9998865251500657,0.0012838434195145965
9315,0.15203139461700788,0.9998865251500657,0.0012811858905479312
9316,0.1528525415571434,0.9998865251500657,0.0012783987913280725
9317,0.15305394098700528,0.9998865251500657,0.0012762120459228754
9318,0.15305986449964828,0.9998865251500657,0.001275543705560267
9319,0.15410462404205694,0.9998865251500657,0.0012750686146318913
9320,0.15410832623745882,0.9998865251500657,0.0012717429781332612
9321,0.1590381696345933,0.9998865251500657,0.0012674895115196705
9322,0.15905519973344193,0.9998865251500657,0.0012668255949392915
9323,0.1590818555403354,0.9998865251500657,0.0012642310466617346
9324,0.15908333641849617,0.9998865251500657,0.0012560185277834535
9325,0.16007108215171598,0.9998865251500657,0.0012528175720945
9326,0.1600733034689571,0.9998865251500657,0.0012514007976278663
9327,0.1600932953241272,0.9998865251500657,0.001247307169251144
9328,0.1602835881677835,0.9998865251500657,0.0012441949220374227
9329,0.16031468660915923,0.9998865251500657,0.0012435433454811573
9330,0.16031764836548074,0.9998865251500657,0.0012357020750641823
9331,0.16032875495168636,0.9998865251500657,0.0012338244123384356
9332,0.1603294953907667,0.9998865251500657,0.0012264888500794768
9333,0.16033097626892748,0.9998865251500657,0.0012244869722053409
9334,0.16033097626892748,0.9998884484526069,0.001222055172547698
9335,0.16034134241605272,0.9998884484526069,0.0012208371190354228
9336,0.16518899707526563,0.9998884484526069,0.0012204638915136456
9337,0.16519121839250675,0.9998884484526069,0.0012192009016871452
9338,0.16520010366147125,0.9998884484526069,0.0012174659641459584
9339,0.16553922476028285,0.9998884484526069,0.0012161174090579152
9340,0.1655436673947651,0.9998884484526069,0.0012155963340774179
9341,0.16557180407981933,0.9998884484526069,0.0012154806172475219
9342,0.1655784680315427,0.9998884484526069,0.0012094179401174188
9343,0.16579985931657473,0.9998884484526069,0.001208571600727737
9344,0.16610788197401058,0.9998884484526069,0.001205813023261726
9345,0.1661189885602162,0.9998884484526069,0.0012005988974124193
9346,0.166359631261338,0.9998884484526069,0.0011843859683722258
9347,0.16636037170041834,0.9998884484526069,0.0011821244843304157
9348,0.1664521861463848,0.9998884484526069,0.0011809910647571087
9349,0.16645366702454556,0.9998884484526069,0.0011774403974413872
9350,0.16668690533486358,0.9998884484526069,0.001170995645225048
9351,0.16671133982451594,0.9998884484526069,0.0011693922569975257
9352,0.16686387027507313,0.9998884484526069,0.0011670341482385993
9353,0.16690755618081524,0.9998884484526069,0.0011622726451605558
9354,0.16691199881529747,0.9998884484526069,0.001160144922323525
9355,0.16707859760838176,0.9998884484526069,0.0011598056880757213
9356,0.17026618784939468,0.9998884484526069,0.0011518779210746288
9357,0.17027137092295733,0.9998884484526069,0.0011490104952827096
9358,0.17027137092295733,0.999911528083102,0.0011446636635810137
9359,0.17487838288104846,0.999911528083102,0.0011428288416936994
9360,0.17488430639369146,0.999911528083102,0.0011263324413448572
9361,0.17488578727185222,0.999911528083102,0.0011165619362145662
9362,0.17491392395690644,0.999911528083102,0.0011162651935592294
9363,0.17491466439598682,0.999911528083102,0.0011129645863547921
9364,0.1749709377660953,0.999911528083102,0.0011070474283769727
9365,0.1749731590833364,0.999911528083102,0.001106396783143282
9366,0.17499833401206916,0.999911528083102,0.001093924744054675
9367,0.1750116619155159,0.999911528083102,0.001093887840397656
9368,0.17501388323275702,0.999911528083102,0.001085628871805966
9369,0.1750146236718374,0.999911528083102,0.0010751299560070038
9370,0.17504572211321315,0.999911528083102,0.0010675482917577028
9371,0.1751256895338936,0.999911528083102,0.0010588327422738075
9372,0.17522120617526193,0.999911528083102,0.0010552845196798444
9373,0.17522194661434232,0.999911528083102,0.0010508637642487884
9374,0.1752308318833068,0.999911528083102,0.0010492285946384072
9375,0.17523453407870868,0.999911528083102,0.0010490302229300141
9376,0.17525600681203954,0.999911528083102,0.001047508791089058
9377,0.1788019695679538,0.999911528083102,0.0010463343933224678
9378,0.17880345044611454,0.999911528083102,0.0010447665117681026
9379,0.17880419088519492,0.999911528083102,0.0010438801255077124
9380,0.1788078930805968,0.999911528083102,0.0010395076824352145
9381,0.17880937395875754,0.999911528083102,0.0010341632878407836
9382,0.18568212950279517,0.999911528083102,0.0010324011091142893
9383,0.18568286994187552,0.999911528083102,0.0010304520837962627
9384,0.186037540261375,0.999911528083102,0.0010271196952089667
9385,0.21573877309244383,0.999911528083102,0.001025392091833055
9386,0.21575136055681018,0.999911528083102,0.0010251542553305626
9387,0.21576468846025693,0.999911528083102,0.0010221695993095636
9388,0.21608603902113954,0.999911528083102,0.0010219052201136947
9389,0.2160867794602199,0.999911528083102,0.0010207759914919734
9390,0.21616230424641814,0.999911528083102,0.0010080798529088497
9391,0.21723964310836327,0.999911528083102,0.0010078384075313807
9392,0.21725223057272963,0.999911528083102,0.0010068723931908607
9393,0.21725593276813152,0.999911528083102,0.0010067117400467396
9394,0.21725667320721187,0.999911528083102,0.001001529162749648
9395,0.2190596423679242,0.999911528083102,0.0009891701629385352
9396,0.21909814520010365,0.999911528083102,0.0009891556110233068
9397,0.2191351671541224,0.999911528083102,0.0009878827258944511
9398,0.21913590759320276,0.999911528083102,0.0009843534789979458
9399,0.21917811262078413,0.999911528083102,0.0009756659856066108
9400,0.22061752619303246,0.999911528083102,0.0009699012152850628
9401,0.22150087001591945,0.999911528083102,0.000969371001701802
9402,0.2215104957239643,0.999911528083102,0.0009693372412584722
9403,0.2215112361630447,0.999911528083102,0.0009658203343860805
9404,0.2215141979193662,0.999911528083102,0.0009635983151383698
9405,0.22151864055384843,0.999911528083102,0.0009618729818612337
9406,0.2215201214320092,0.999911528083102,0.0009524562628939748
9407,0.22357706119728998,0.999911528083102,0.0009516928694210947
9408,0.22357780163637037,0.999911528083102,0.0009490615921095014
9409,0.22358372514901337,0.999911528083102,0.0009463739115744829
9410,0.22529339898559847,0.999911528083102,0.0009452218073420227
9411,0.22548295139017438,0.999911528083102,0.0009449674398638308
9412,0.22560882603383806,0.999911528083102,0.0009444035240449011
9413,0.2256221539372848,0.999911528083102,0.0009428684134036303
9414,0.22563622227981192,0.999911528083102,0.0009412491344846785
9415,0.22567398467291103,0.999911528083102,0.0009412231738679111
9416,0.22574136462922514,0.999911528083102,0.0009387794998474419
9417,0.2257421050683055,0.999911528083102,0.0009335557115264237
9418,0.22575543297175224,0.999911528083102,0.0009328479063697159
9419,0.22575913516715412,0.999911528083102,0.0009300644160248339
9420,0.23994372662989152,0.999911528083102,0.0009263013489544392
9421,0.23995557365517753,0.999911528083102,0.0009242670494131744
9422,0.24050423901373513,0.999911528083102,0.0009164770017378032
9423,0.24050646033097628,0.999911528083102,0.000916029151994735
9424,0.24058864906889785,0.999911528083102,0.0009153346763923764
9425,0.24058938950797823,0.999911528083102,0.0009123554918915033
9426,0.24059235126429973,0.999911528083102,0.0009102173498831689
9427,0.24060123653326423,0.999911528083102,0.0009079281007871032
9428,0.24060567916774647,0.999911528083102,0.0009073569090105593
9429,0.24089667172633372,0.999911528083102,0.0009032230591401458
9430,0.24090259523897672,0.999911528083102,0.0008999273413792253
9431,0.24093443411943283,0.999911528083102,0.0008972068317234516
9432,0.24103069119988152,0.999911528083102,0.0008935766527429223
9433,0.2410669727148199,0.999911528083102,0.0008917187806218863
9434,0.24269519825256378,0.999911528083102,0.0008895962382666767
9435,0.2431942541927363,0.999911528083102,0.0008892597979865968
9436,0.24320239902262042,0.999911528083102,0.0008871093741618097
9437,0.24320462033986154,0.999911528083102,0.0008847133722156286
9438,0.2432675576616934,0.999911528083102,0.0008805315592326224
9439,0.24329791566398876,0.999911528083102,0.0008792467415332794
9440,0.2433875087927141,0.999911528083102,0.0008756892057135701
9441,0.24339417274443745,0.999911528083102,0.0008736922754906118
9442,0.2433956536225982,0.999911528083102,0.0008726909873075783
9443,0.24340305801340195,0.999911528083102,0.0008720326004549861
9444,0.25505386694309723,0.999911528083102,0.0008717883611097932
9445,0.255055347821258,0.999911528083102,0.0008689152309671044
9446,0.2550620117729814,0.999911528083102,0.000864993839059025
9447,0.25507682055458886,0.999911528083102,0.0008582244045101106
9448,0.25508348450631224,0.999911528083102,0.0008568043704144657
9449,0.2550842249453926,0.999911528083102,0.0008530602790415287
9450,0.2552574876902003,0.999911528083102,0.0008527603931725025
9451,0.2552811817407723,0.999911528083102,0.0008445920539088547
9452,0.28585243049128134,0.999911528083102,0.0008409878937527537
9453,0.2858531709303617,0.999911528083102,0.0008407175191678107
9454,0.2900670097367739,0.999911528083102,0.0008400179794989526
9455,0.29007663544481876,0.999911528083102,0.0008390608127228916
9456,0.2920165858354004,0.999911528083102,0.0008367493865080178
9457,0.29202102846988265,0.999911528083102,0.0008366648689843714
9458,0.2920225093480434,0.999911528083102,0.0008325473754666746
9459,0.2920239902262041,0.999911528083102,0.0008305988740175962
9460,0.2920247306652845,0.999911528083102,0.0008305620867758989
9461,0.29203287549516865,0.999911528083102,0.0008271091501228511
9462,0.29437044167191145,0.999911528083102,0.0008254438871517777
9463,0.29463848061900705,0.999911528083102,0.0008243222837336361
9464,0.33781348339565365,0.999911528083102,0.0008241522591561079
9465,0.33781570471289474,0.999911528083102,0.0008240682072937489
9466,0.3378194069082966,0.999911528083102,0.0008206332568079233
9467,0.33782162822553774,0.999911528083102,0.0008201786549761891
9468,0.33786605457036023,0.999911528083102,0.0008191253873519599
9469,0.3384946873495983,0.999911528083102,0.0008177204872481525
9470,0.3384961682277591,0.999911528083102,0.0008168003987520933
9471,0.3385272666691348,0.999911528083102,0.0008146422333084047
9472,0.33860723408981525,0.999911528083102,0.0008145987521857023
9473,0.3386176002369405,0.999911528083102,0.000808595446869731
9474,0.3386213024323424,0.999911528083102,0.0008079650579020381
9475,0.33863981340935173,0.999911528083102,0.0008072782075032592
9476,0.3402369405057199,0.999911528083102,0.0008052472257986665
9477,0.3402376809448003,0.999911528083102,0.0008052249904721975
9478,0.3402458257746844,0.999911528083102,0.0008033139747567475
9479,0.3402502684091666,0.999911528083102,0.0007969950092956424
9480,0.340274702898819,0.999911528083102,0.0007957788766361773
9481,0.3402754433378994,0.999911528083102,0.0007936980691738427
9482,0.3432001777053793,0.999911528083102,0.0007901275530457497
9483,0.34321572692606717,0.999911528083102,0.0007892780122347176
9484,0.34324756580652327,0.999911528083102,0.0007886663661338389
9485,0.3432512680019251,0.999911528083102,0.0007864764193072915
9486,0.34350153641109177,0.999911528083102,0.0007837419398128986
9487,0.34354077968235164,0.999911528083102,0.0007828343077562749
9488,0.3435874273444152,0.999911528083102,0.0007819235906936228
9489,0.34359038910073675,0.999911528083102,0.0007808819063939154
9490,0.3435918699788975,0.999911528083102,0.0007767369388602674
9491,0.343606678760505,0.999911528083102,0.0007749086944386363
9492,0.34360964051682646,0.999911528083102,0.0007744579925201833
9493,0.34440265077190774,0.999911528083102,0.0007726667099632323
9494,0.3444041316500685,0.999911528083102,0.0007690738420933485
9495,0.3444915034615527,0.999911528083102,0.0007672416395507753
9496,0.3445070526822406,0.999911528083102,0.000765566888730973
9497,0.34450853356040134,0.999911528083102,0.0007602684199810028
9498,0.34784124986116766,0.999911528083102,0.0007587911677546799
9499,0.34784199030024804,0.999911528083102,0.0007579629309475422
9500,0.3480411684128688,0.999911528083102,0.0007567951688542962
9501,0.34835881677834957,0.999911528083102,0.0007554891635663807
9502,0.34837140424271595,0.999911528083102,0.0007537869969382882
9503,0.3483950982932879,0.999911528083102,0.0007527798297815025
9504,0.3484084261967347,0.999911528083102,0.000752046296838671
9505,0.34840916663581506,0.999911528083102,0.000751206127461046
9506,0.3484691422013254,0.999911528083102,0.0007498800405301154
9507,0.34846988264040574,0.999911528083102,0.0007494732271879911
9508,0.34847358483580765,0.999911528083102,0.0007452992140315473
9509,0.34847506571396836,0.999911528083102,0.0007423730567097664
9510,0.34866387767946394,0.999911528083102,0.0007392435218207538
9511,0.34867128207026765,0.999911528083102,0.0007390720420517027
9512,0.34884158305875385,0.999911528083102,0.0007383543415926397
9513,0.3493761800747843,0.999911528083102,0.0007382857147604227
9514,0.34939321017363295,0.999911528083102,0.0007381773320958018
9515,0.3494013550035171,0.999911528083102,0.0007367581129074097
9516,0.3494035763207582,0.999911528083102,0.000736566144041717
9517,0.3494043167598386,0.999911528083102,0.0007358059519901872
9518,0.3494072785161601,0.999911528083102,0.0007354000699706376
9519,0.3494709562770723,0.999911528083102,0.0007324580219574273
9520,0.3494724371552331,0.999911528083102,0.0007316434639506042
9521,0.3494968716448854,0.999911528083102,0.0007313044043257833
9522,0.34951242086557327,0.999911528083102,0.0007307592313736677
9523,0.3495227870126985,0.999911528083102,0.000728099956177175
9524,0.3495405575506275,0.999911528083102,0.0007280611316673458
9525,0.3495872052126911,0.999911528083102,0.000726034224499017
9526,0.34981155825404464,0.999911528083102,0.0007244897424243391
9527,0.3498330309873755,0.999911528083102,0.0007233948563225567
9528,0.3498448780126615,0.999911528083102,0.0007208778988569975
9529,0.3498456184517419,0.999911528083102,0.0007193019264377654
9530,0.34992484543334196,0.999911528083102,0.0007182203698903322
9531,0.34994409684943173,0.999911528083102,0.0007179048843681812
9532,0.35682129502795157,0.999911528083102,0.0007112391758710146
9533,0.35729147384398946,0.999911528083102,0.0007108745630830526
9534,0.3572929547221502,0.999911528083102,0.0007104682154022157
9535,0.35735367072674096,0.999911528083102,0.0007103835814632475
9536,0.3573551516049017,0.999911528083102,0.0007101405644789338
9537,0.3573558920439821,0.999911528083102,0.0007099704234860837
9538,0.35736181555662505,0.999911528083102,0.000707102648448199
9539,0.35736255599570543,0.999911528083102,0.0007071010186336935
9540,0.35736625819110734,0.999911528083102,0.0007069379789754748
9541,0.3574336381474214,0.999911528083102,0.0007056025788187981
9542,0.3574788049313243,0.999911528083102,0.0007004801300354302
9543,0.3574847284439673,0.999911528083102,0.0006998134776949883
9544,0.3574950945910925,0.999911528083102,0.0006996687734499574
9545,0.36011624893561883,0.999911528083102,0.0006986287189647555
9546,0.3604042797378846,0.999911528083102,0.0006985298823565245
9547,0.36047017881603793,0.999911528083102,0.0006970439571887255
9548,0.36047091925511826,0.999911528083102,0.0006969983805902302
9549,0.36048350671948465,0.999911528083102,0.000696805480401963
9550,0.3604938728666099,0.999911528083102,0.0006958791054785252
9551,0.36049535374477065,0.999911528083102,0.0006947532529011369
9552,0.36289141460886304,0.999911528083102,0.0006927549256943166
9553,0.36294176446632853,0.999911528083102,0.0006923374603502452
9554,0.3629425049054089,0.999911528083102,0.0006905009504407644
9555,0.36294472622265,0.999911528083102,0.000689693377353251
9556,0.36297138202954354,0.999911528083102,0.0006847450276836753
9557,0.3779630520898893,0.999911528083102,0.0006843653973191977
9558,0.3779660138462108,0.999911528083102,0.0006842346047051251
9559,0.3779682351634519,0.999911528083102,0.0006832379731349647
9560,0.37796971604161267,0.999911528083102,0.0006803134456276894
9561,0.37799415053126506,0.999911528083102,0.0006802359712310135
9562,0.3780489430232128,0.999911528083102,0.0006801565759815276
9563,0.3780496834622931,0.999911528083102,0.0006800622795708477
9564,0.37897893450816333,0.999911528083102,0.0006788836908526719
9565,0.3789804153863241,0.999911528083102,0.0006774379289709032
9566,0.37898189626448486,0.999911528083102,0.0006769516039639711
9567,0.3790004072414942,0.999911528083102,0.0006763941491954029
9568,0.3790374291955129,0.999911528083102,0.0006752267363481224
9569,0.37971789271037726,0.999911528083102,0.0006742230034433305
9570,0.37971863314945764,0.999911528083102,0.0006740125827491283
9571,0.37980674540002224,0.999911528083102,0.000673301809001714
9572,0.37981192847358486,0.999911528083102,0.0006728050066158175
9573,0.37986672096553253,0.999911528083102,0.0006715693161822855
9574,0.37987042316093445,0.999911528083102,0.0006704077241010964
9575,0.3798918958942653,0.999911528083102,0.0006702131358906627
9576,0.379899300285069,0.999911528083102,0.0006635648314841092
9577,0.3828958572433453,0.999911528083102,0.0006627861876040697
9578,0.3828965976824257,0.999911528083102,0.0006611430435441434
9579,0.3829010403169079,0.999911528083102,0.0006606649840250611
9580,0.38290326163414906,0.999911528083102,0.0006605525850318372
9581,0.38290400207322944,0.999911528083102,0.0006583126960322261
9582,0.3829069638295509,0.999911528083102,0.0006575054139830172
9583,0.38298026729850804,0.999911528083102,0.0006536675500683486
9584,0.3829839694939099,0.999911528083102,0.0006533209816552699
9585,0.3829898930065529,0.999911528083102,0.0006527007790282369
9586,0.3830424641812595,0.999911528083102,0.0006518839509226382
9587,0.38304394505942024,0.999911528083102,0.0006506704376079142
9588,0.383045425937581,0.999911528083102,0.0006455298862420022
9589,0.38304986857206325,0.999911528083102,0.0006442901794798672
9590,0.3955196031246529,0.999911528083102,0.0006414745002985001
9591,0.3955366332235015,0.999911528083102,0.0006393992225639522
9592,0.39553885454074267,0.999911528083102,0.0006390239577740431
9593,0.39640072563029877,0.999911528083102,0.0006376763340085745
9594,0.39641479397282586,0.999911528083102,0.0006375077064149082
9595,0.39645403724408573,0.999911528083102,0.0006353489588946104
9596,0.39645847987856797,0.999911528083102,0.0006319775129668415
9597,0.39645922031764835,0.999911528083102,0.0006319760577753186
9598,0.39647180778201474,0.999911528083102,0.0006306366994976997
9599,0.3985087556921254,0.999911528083102,0.0006299533997662365
9600,0.39851023657028617,0.999911528083102,0.0006283371476456523
9601,0.39854355632890304,0.999911528083102,0.0006283035618253052
9602,0.3985442967679834,0.999911528083102,0.0006281233509071171
9603,0.39857465477027876,0.999911528083102,0.0006244033575057983
9604,0.4271037725371145,0.999911528083102,0.0006210210267454386
9605,0.427106734293436,0.999911528083102,0.0006203132215887308
9606,0.42739772685202326,0.999911528083102,0.0006191531429067254
9607,0.4274080929991485,0.999911528083102,0.0006187800318002701
9608,0.4274080929991485,0.9999134513856434,0.0006174021400511265
9609,0.4274147569508719,0.9999134513856434,0.0006168230902403593
9610,0.4274206804635149,0.9999134513856434,0.0006163274520076811
9611,0.42754063159453554,0.9999134513856434,0.0006160708144307137
9612,0.4275413720336159,0.9999134513856434,0.0006111725233495235
9613,0.4275428529117767,0.9999134513856434,0.0006109948735684156
9614,0.4341994002443449,0.9999134513856434,0.0006102441111579537
9615,0.43451186553626303,0.9999134513856434,0.000608678674325347
9616,0.43463033578912297,0.9999134513856434,0.000608088681474328
9617,0.43463107622820335,0.9999134513856434,0.0006080327439121902
9618,0.4346369997408463,0.9999134513856434,0.0006079634767957032
9619,0.4346377401799267,0.9999134513856434,0.000607808236964047
9620,0.4346725408167043,0.9999134513856434,0.0006069925730116665
9621,0.4346732812557847,0.9999134513856434,0.0006066781934350729
9622,0.4346991966235978,0.9999134513856434,0.0006045157788321376
9623,0.4346999370626782,0.9999134513856434,0.0006026289192959666
9624,0.4347280737477324,0.9999134513856434,0.00060258898884058
9625,0.4347310355040539,0.9999134513856434,0.0005993293016217649
9626,0.4448395098293288,0.9999134513856434,0.0005993247614242136
9627,0.4448402502684092,0.9999134513856434,0.0005986927426420152
9628,0.44484321202473065,0.9999134513856434,0.0005984737072139978
9629,0.4452697049350265,0.9999134513856434,0.0005973194492980838
9630,0.44527044537410687,0.9999134513856434,0.0005930625484324992
9631,0.44551330939246975,0.9999134513856434,0.0005923666176386178
9632,0.45438673133167967,0.9999134513856434,0.0005904706194996834
9633,0.4699144792862167,0.9999134513856434,0.0005889241583645344
9634,0.46992854762874386,0.9999134513856434,0.000587900634855032
9635,0.46993743289770834,0.9999134513856434,0.0005844632396474481
9636,0.47009884861723,0.9999134513856434,0.0005838797660544515
9637,0.47010847432527486,0.9999134513856434,0.0005838166107423604
9638,0.47026618784939467,0.9999134513856434,0.0005799181526526809
9639,0.4707756099366925,0.9999134513856434,0.0005786840920336545
9640,0.4707896782792196,0.9999134513856434,0.0005779322236776352
9641,0.4708126318907112,0.9999134513856434,0.0005769479321315885
9642,0.47082225759875607,0.9999134513856434,0.0005764507222920656
9643,0.47083114286772054,0.9999134513856434,0.0005758486222475767
9644,0.4708326237458813,0.9999134513856434,0.0005749774281866848
9645,0.4708511347228907,0.9999134513856434,0.0005743204383179545
9646,0.470851875161971,0.9999134513856434,0.0005701564368791878
9647,0.4709792306837955,0.9999134513856434,0.0005699230823665857
9648,0.4709799711228759,0.9999134513856434,0.0005588742787949741
9649,0.4709903372700011,0.9999134513856434,0.000558137777261436
9650,0.47099255858724226,0.9999134513856434,0.0005562714650295675
9651,0.4711436081596387,0.9999134513856434,0.000555562786757946
9652,0.4711458294768798,0.9999134513856434,0.0005511831841431558
9653,0.47114731035504054,0.9999134513856434,0.0005506646702997386
9654,0.4711554551849247,0.9999134513856434,0.0005506118759512901
9655,0.47116434045388916,0.9999134513856434,0.0005484455032274127
9656,0.47116508089296955,0.9999134513856434,0.0005452631157822907
9657,0.47121617118951536,0.9999134513856434,0.0005433836486190557
9658,0.47122061382399766,0.9999134513856434,0.0005424976698122919
9659,0.471986227833105,0.9999134513856434,0.000541487243026495
9660,0.47199437266298916,0.9999134513856434,0.0005412034224718809
9661,0.4719958535411499,0.9999134513856434,0.0005411885213106871
9662,0.471998074858391,0.9999134513856434,0.0005393691244535148
9663,0.4719995557365518,0.9999134513856434,0.0005387525307014585
9664,0.472098774573322,0.9999134513856434,0.0005379066569730639
9665,0.47210840028136686,0.9999134513856434,0.000537610612809658
9666,0.47223501536411094,0.9999134513856434,0.0005369904101826251
9667,0.4722387175595128,0.9999134513856434,0.0005357338231988251
9668,0.4722409388767539,0.9999134513856434,0.0005351948202587664
9669,0.4722416793158343,0.9999134513856434,0.0005348834674805403
9670,0.47224316019399504,0.9999134513856434,0.00053385179489851
9671,0.47226685424456705,0.9999134513856434,0.0005313809961080551
9672,0.476434785827996,0.9999134513856434,0.0005309598054736853
9673,0.47643922846247827,0.9999134513856434,0.0005295402952469885
9674,0.4767442893635926,0.9999134513856434,0.0005251936963759363
9675,0.4768242567842731,0.9999134513856434,0.0005250658141449094
9676,0.4768249972233535,0.9999134513856434,0.0005248636589385569
9677,0.47682721854059457,0.9999134513856434,0.0005242794286459684
9678,0.47682795897967495,0.9999134513856434,0.0005237130098976195
9679,0.4787901225426678,0.9999134513856434,0.0005225681816227734
9680,0.4787960460553108,0.9999134513856434,0.0005218394217081368
9681,0.4788204805449632,0.9999134513856434,0.0005207934300415218
9682,0.47885380030358005,0.9999134513856434,0.0005206934292800725
9683,0.4788886009403576,0.9999134513856434,0.0005171955563127995
9684,0.478889341379438,0.9999134513856434,0.0005158005515113473
9685,0.47891229499092963,0.9999134513856434,0.0005146658513695002
9686,0.4789626448483951,0.9999134513856434,0.0005124082672409713
9687,0.47896782792195775,0.9999134513856434,0.0005096485838294029
9688,0.47896930880011845,0.9999134513856434,0.0005096090608276427
9689,0.47897004923919884,0.9999134513856434,0.0005094759399071336
9690,0.4801762245011292,0.9999134513856434,0.0005062079872004688
9691,0.48019769723446004,0.9999134513856434,0.0005049829487688839
9692,0.48019769723446004,0.9999403776212209,0.0005040826508775353
9693,0.4802006589907815,0.9999403776212209,0.0005028766463510692
9694,0.48028729036318535,0.9999403776212209,0.0005027455626986921
9695,0.48066787605049793,0.9999403776212209,0.0005023115663789213
9696,0.4806700973677391,0.9999403776212209,0.0005013247719034553
9697,0.48067083780681946,0.9999403776212209,0.0004992187605239451
9698,0.4806745400022213,0.9999403776212209,0.000497895700391382
9699,0.4806834252711858,0.9999403776212209,0.0004962203674949706
9700,0.4807019362481952,0.9999403776212209,0.0004960600635968149
9701,0.48070267668727557,0.9999403776212209,0.0004958579665981233
9702,0.48098922661138055,0.9999403776212209,0.0004935301840305328
9703,0.48101588241827403,0.9999403776212209,0.0004929145216010511
9704,0.48101884417459556,0.9999403776212209,0.0004926561960019171
9705,0.48102032505275627,0.9999403776212209,0.0004926153342239559
9706,0.48114768057458074,0.9999403776212209,0.0004919642233289778
9707,0.4811506423309022,0.9999403776212209,0.0004899465711787343
9708,0.481169893746992,0.9999403776212209,0.0004890919663012028
9709,0.4812772574136463,0.9999403776212209,0.0004885209491476417
9710,0.4812794787308874,0.9999403776212209,0.00048727222019806504
9711,0.48128466180445006,0.9999403776212209,0.0004851793928537518
9712,0.4812854022435304,0.9999403776212209,0.00048484979197382927
9713,0.48129280663433416,0.9999403776212209,0.00048393927863799036
9714,0.4812979897078968,0.9999403776212209,0.0004838220775127411
9715,0.48306171559734923,0.9999403776212209,0.00048322961083613336
9716,0.48307874569619785,0.9999403776212209,0.0004829763201996684
9717,0.4830802265743586,0.9999403776212209,0.0004820559988729656
9718,0.48316315575136054,0.9999403776212209,0.00048040461842902005
9719,0.4831638961904409,0.9999403776212209,0.0004801516479346901
9720,0.4831772240938877,0.9999403776212209,0.0004794093838427216
9721,0.4831787049720484,0.9999403776212209,0.00047897110925987363
9722,0.4831794454111288,0.9999403776212209,0.0004774179251398891
9723,0.4833045796157121,0.9999403776212209,0.0004756916896440089
9724,0.48332160971456073,0.9999403776212209,0.0004740296280942857
9725,0.48332457147088226,0.9999403776212209,0.0004736242408398539
9726,0.48348524675132354,0.9999403776212209,0.000470787170343101
9727,0.4834859871904039,0.9999403776212209,0.00046858261339366436
9728,0.4835215282662619,0.9999403776212209,0.00046857414417900145
9729,0.4843996890155862,0.9999403776212209,0.00046634505270048976
9730,0.48440265077190775,0.9999403776212209,0.00046576306340284646
9731,0.48589907815334493,0.9999403776212209,0.00046357649262063205
9732,0.4859012994705861,0.9999403776212209,0.0004619135579559952
9733,0.4859146273740328,0.9999403776212209,0.00046091972035355866
9734,0.4859146273740328,0.9999557640415511,0.0004591091419570148
9735,0.48591610825219356,0.9999557640415511,0.0004571198078338057
9736,0.4859212913257562,0.9999557640415511,0.00045544744352810085
9737,0.48592203176483656,0.9999557640415511,0.00045477953972294927
9738,0.48592425308207765,0.9999557640415511,0.0004546282871160656
9739,0.48593091703380104,0.9999557640415511,0.0004544573603197932
9740,0.4859353596682833,0.9999557640415511,0.000452416978077963
9741,0.48593684054644404,0.9999557640415511,0.0004513220628723502
9742,0.4859405427418459,0.9999557640415511,0.00045126740587875247
9743,0.49149531672281666,0.9999557640415511,0.0004499658534768969
9744,0.49149679760097736,0.9999557640415511,0.00044932228047400713
9745,0.4915182703343082,0.9999557640415511,0.00044893441372551024
9746,0.4915190107733886,0.9999557640415511,0.00044725913903675973
9747,0.49152197252971014,0.9999557640415511,0.00044703087769448757
9748,0.49200251749287327,0.9999557640415511,0.0004468879196792841
9749,0.492051386472178,0.9999557640415511,0.00044585781870409846
9750,0.49205360778941915,0.9999557640415511,0.00044579620589502156
9751,0.49205508866757985,0.9999557640415511,0.0004456249298527837
9752,0.4920565695457406,0.9999557640415511,0.0004425767110660672
9753,0.4920580504239014,0.9999557640415511,0.00044221317511983216
9754,0.4921765206767613,0.9999557640415511,0.00043988044490106404
9755,0.4921772611158417,0.9999557640415511,0.0004398651362862438
9756,0.49217874199400247,0.9999557640415511,0.00043980308691971004
9757,0.49218762726296694,0.9999557640415511,0.0004396861477289349
9758,0.49219577209285104,0.9999557640415511,0.0004396498843561858
9759,0.4922276109733072,0.9999557640415511,0.00043959898175671697
9760,0.49223353448595014,0.9999557640415511,0.0004391704860609025
9761,0.4923483025434082,0.9999557640415511,0.0004389327659737319
9762,0.49267261486061237,0.9999557640415511,0.00043424309114925563
9763,0.49269408759394323,0.9999557640415511,0.0004317930433899164
9764,0.4927348117433638,0.9999557640415511,0.00043127266690135
9765,0.4927348117433638,0.9999576873440923,0.00042949902126565576
9766,0.4927525822812928,0.9999576873440923,0.00042899453546851873
9767,0.492798489504276,0.9999576873440923,0.00042803335236385465
9768,0.49283329014105365,0.9999576873440923,0.00042611462413333356
9769,0.49290289141460886,0.9999576873440923,0.0004245098971296102
9770,0.49291473843989486,0.9999576873440923,0.00042387767462059855
9771,0.4929184406352967,0.9999576873440923,0.0004236564855091274
9772,0.4930561623042464,0.9999576873440923,0.00042294105514883995
9773,0.4930569027433268,0.9999576873440923,0.0004227260360494256
9774,0.4930591240605679,0.9999576873440923,0.0004225288284942508
9775,0.4930702306467735,0.9999576873440923,0.0004207584715913981
9776,0.4931213209433194,0.9999576873440923,0.00041983433766290545
9777,0.49312280182148016,0.9999576873440923,0.00041651909123174846
9778,0.493144274554811,0.9999576873440923,0.00041528904694132507
9779,0.49319462441227646,0.9999576873440923,0.00041314258123748004
9780,0.49323831031801857,0.9999576873440923,0.0004131089081056416
9781,0.49382769982599684,0.9999576873440923,0.0004122913524042815
9782,0.49456369627188923,0.9999576873440923,0.00041181352571584284
9783,0.49456813890637147,0.9999576873440923,0.00041115787462331355
9784,0.4945785050534967,0.9999576873440923,0.0004088300047442317
9785,0.4947932323868054,0.9999576873440923,0.000407725281547755
9786,0.494798415460368,0.9999576873440923,0.00040662678657099605
9787,0.49480285809485025,0.9999576873440923,0.00040616324986331165
9788,0.49484728443967274,0.9999576873440923,0.0004038452170789242
9789,0.49485246751323536,0.9999576873440923,0.0004023012879770249
9790,0.49485246751323536,0.9999596106466335,0.00040198350325226784
9791,0.49485542926955683,0.9999596106466335,0.00040061186882667243
9792,0.49503313464884674,0.9999596106466335,0.0004002509522251785
9793,0.4950412794787309,0.9999596106466335,0.0003987059462815523
9794,0.4956743548924512,0.9999596106466335,0.0003974543942604214
9795,0.49567583577061197,0.9999596106466335,0.00039731842116452754
9796,0.49584095368553555,0.9999596106466335,0.0003966678341384977
9797,0.49584243456369625,0.9999596106466335,0.0003949897945858538
9798,0.4958705712487505,0.9999596106466335,0.00039228779496625066
9799,0.49587427344415236,0.9999596106466335,0.000391755806049332
9800,0.49587501388323274,0.9999596106466335,0.0003901323943864554
9801,0.4978393987634667,0.9999596106466335,0.0003900821611750871
9802,0.49784162008070787,0.9999596106466335,0.00038746357313357294
9803,0.49784310095886863,0.9999596106466335,0.0003858527634292841
9804,0.4978527266669135,0.9999596106466335,0.00038471215520985425
9805,0.49788752730369107,0.9999596106466335,0.0003840150311589241
9806,0.5031616748731998,0.9999596106466335,0.0003827752952929586
9807,0.5031624153122802,0.9999596106466335,0.00038226202013902366
9808,0.5031668579467624,0.9999596106466335,0.0003812265058513731
9809,0.503205360778942,0.9999596106466335,0.00037961610360071063
9810,0.5032157269260672,0.9999596106466335,0.0003793326613958925
9811,0.5033652956203029,0.9999596106466335,0.0003779409744311124
9812,0.5033712191329458,0.9999596106466335,0.0003760783583857119
9813,0.5033719595720262,0.9999596106466335,0.00037588123814202845
9814,0.5197149309540557,0.9999596106466335,0.00037529991823248565
9815,0.5197208544666988,0.9999596106466335,0.0003751714830286801
9816,0.5197386250046278,0.9999596106466335,0.00037452238029800355
9817,0.519798600570138,0.9999596106466335,0.00037380793946795166
9818,0.5198111880345044,0.9999596106466335,0.0003736898070201278
9819,0.520584946873496,0.9999596106466335,0.0003710572200361639
9820,0.5205886490688979,0.9999596106466335,0.0003691063611768186
9821,0.52063233497464,0.9999596106466335,0.00036847652518190444
9822,0.5206612120987746,0.9999596106466335,0.0003679283836390823
9823,0.5210358742734441,0.9999596106466335,0.0003672480524983257
9824,0.5210366147125245,0.9999596106466335,0.00036514364182949066
9825,0.5210388360297656,0.9999596106466335,0.0003646401164587587
9826,0.521051423494132,0.9999596106466335,0.0003637696790974587
9827,0.5210543852504536,0.9999596106466335,0.00036293643643148243
9828,0.5210891858872311,0.9999596106466335,0.0003613605222199112
9829,0.5210899263263115,0.9999596106466335,0.0003609541163314134
9830,0.5210943689607938,0.9999596106466335,0.000360348290996626
9831,0.5210951093998741,0.9999596106466335,0.00035954773193225265
9832,0.5335655843915442,0.9999596106466335,0.0003595411835703999
9833,0.5347725000925548,0.9999596106466335,0.0003584576479624957
9834,0.5348383991707082,0.9999596106466335,0.00035763197229243815
9835,0.5379823035059791,0.9999596106466335,0.00035687381750904024
9836,0.5379830439450595,0.9999596106466335,0.00035661092260852456
9837,0.5408441005516271,0.9999596106466335,0.000355000258423388
9838,0.5408574284550739,0.9999596106466335,0.00035451274015940726
9839,0.5412572655584762,0.9999596106466335,0.0003517084114719182
9840,0.5413431564917996,0.9999596106466335,0.00035110858152620494
9841,0.5439739365443708,0.9999596106466335,0.00035037362249568105
9842,0.5441657102661879,0.9999596106466335,0.00035011451109312475
9843,0.544167931583429,0.9999596106466335,0.00034993095323443413
9844,0.5442027322202065,0.9999596106466335,0.00034984826925210655
9845,0.5442486394431898,0.9999596106466335,0.0003492319374345243
9846,0.5442486394431898,0.9999942300923762,0.00034783422597683966
9847,0.544259005590315,0.9999942300923762,0.0003477193822618574
9848,0.5444196808707563,0.9999942300923762,0.0003474191471468657
9849,0.5444211617489171,0.9999942300923762,0.0003467365459073335
9850,0.5444300470178816,0.9999942300923762,0.00034670165041461587
9851,0.5444478175558106,0.9999942300923762,0.00034579753992147744
9852,0.5450268409166635,0.9999942300923762,0.0003449561190791428
9853,0.5450290622339047,0.9999942300923762,0.00034494674764573574
9854,0.5450305431120654,0.9999942300923762,0.0003443644964136183
9855,0.5508452112102477,0.9999942300923762,0.00034407898783683777
9856,0.5508881566769094,0.9999942300923762,0.00034250644966959953
9857,0.55124504831365,0.9999942300923762,0.0003423969028517604
9858,0.552178001554922,0.9999942300923762,0.00034187029814347625
9859,0.5746762430121062,0.9999942300923762,0.0003415469836909324
9860,0.5747421420902595,0.9999942300923762,0.00034143010270781815
9861,0.5747939728258857,0.9999942300923762,0.000340261438395828
9862,0.5747961941431269,0.9999942300923762,0.00033949478529393673
9863,0.586049387286661,0.9999942300923762,0.0003384761803317815
9864,0.5860686387027507,0.9999942300923762,0.00033791869645938277
9865,0.5860812261671171,0.9999942300923762,0.00033787955180741847
9866,0.5860819666061975,0.9999942300923762,0.0003371722996234894
9867,0.5860834474843583,0.9999942300923762,0.00033655454171821475
9868,0.5862626337418089,0.9999942300923762,0.0003361602721270174
9869,0.5862641146199696,0.9999942300923762,0.00033556806738488376
9870,0.6145666580282108,0.9999942300923762,0.0003352113999426365
9871,0.6145718411017733,0.9999942300923762,0.00033471992355771363
9872,0.6145933138351042,0.9999942300923762,0.00033382378751412034
9873,0.6146021991040687,0.9999942300923762,0.0003333255008328706
9874,0.6146036799822294,0.9999942300923762,0.0003322258999105543
9875,0.6146081226167117,0.9999942300923762,0.00033157659345306456
9876,0.6146140461293547,0.9999942300923762,0.0003315149515401572
9877,0.6146155270075154,0.9999942300923762,0.0003308358427602798
9878,0.6147177076006072,0.9999942300923762,0.0003299491654615849
9879,0.6147658361408315,0.9999942300923762,0.0003294138878118247
9880,0.6152449002258339,0.9999942300923762,0.00032898454810492694
9881,0.6152486024212358,0.9999942300923762,0.0003289422020316124
9882,0.6153463403798453,0.9999942300923762,0.00032861216459423304
9883,0.6155010921476436,0.9999942300923762,0.0003284909180365503
9884,0.6155247861982155,0.9999942300923762,0.00032797304447740316
9885,0.6155418162970642,0.9999942300923762,0.0003278554941061884
9886,0.6155521824441894,0.9999942300923762,0.0003264581901021302
9887,0.6155677316648773,0.9999942300923762,0.00032571828342042863
9888,0.6156373329384325,0.9999942300923762,0.00032561240368522704
9889,0.6156380733775129,0.9999942300923762,0.0003255376359447837
9890,0.6176883491910703,0.9999942300923762,0.0003251126909162849
9891,0.6176994557772759,0.9999942300923762,0.0003250401932746172
9892,0.6177009366554367,0.9999942300923762,0.00032408745028078556
9893,0.7539972603754026,0.9999942300923762,0.00032250783988274634
9894,0.7543200918144459,0.9999942300923762,0.00032239744905382395
9895,0.7571685609566473,0.9999942300923762,0.00032161312992684543
9896,0.7571722631520492,0.9999942300923762,0.0003215000033378601
9897,0.7571730035911295,0.9999942300923762,0.0003188419505022466
9898,0.7572026211543446,0.9999942300923762,0.0003187027759850025
9899,0.7572033615934249,0.9999942300923762,0.00031853571999818087
9900,0.7572277960830772,0.9999942300923762,0.00031605036929249763
9901,0.7572485283773277,0.9999942300923762,0.0003158226900268346
9902,0.7572840694531857,0.9999942300923762,0.00031432975083589554
9903,0.7572862907704269,0.9999942300923762,0.0003137797466479242
9904,0.7572870312095072,0.9999942300923762,0.00031354441307485104
9905,0.7572959164784717,0.9999942300923762,0.0003124033974017948
9906,0.7602295361149162,0.9999942300923762,0.0003115563013125211
9907,0.7638917478064492,0.9999942300923762,0.00031031775870360434
9908,0.7638954500018511,0.9999942300923762,0.0003101846668869257
9909,0.7647965643626671,0.9999942300923762,0.00031017936998978257
9910,0.7718921920698975,0.9999942300923762,0.00030942470766603947
9911,0.7719780830032209,0.9999942300923762,0.0003093187988270074
9912,0.7864410795601792,0.9999942300923762,0.000308033952023834
9913,0.7864447817555811,0.9999942300923762,0.0003074207925237715
9914,0.786450705268224,0.9999942300923762,0.00030584714841097593
9915,0.7864551479027063,0.9999942300923762,0.0003056690329685807
9916,0.7864573692199475,0.9999942300923762,0.000305461318930611
9917,0.7864581096590278,0.9999942300923762,0.000304222950944677
9918,0.7865254896153419,0.9999942300923762,0.0003035780100617558
9919,0.7865336344452261,0.9999942300923762,0.0003030476509593427
9920,0.7865343748843064,0.9999942300923762,0.00030234523001126945
9921,0.7866217466957907,0.9999942300923762,0.0003022400487679988
9922,0.7866558068934878,0.9999942300923762,0.00030198399326764047
9923,0.7866572877716486,0.9999942300923762,0.000301888125250116
9924,0.7866839435785421,0.9999942300923762,0.0003016982227563858
9925,0.7866854244567029,0.9999942300923762,0.000300532701658085
9926,0.7866861648957832,0.9999942300923762,0.00029965120484121144
9927,0.7867794602199104,0.9999942300923762,0.0002993915986735374
9928,0.7867794602199104,1.0,0.000298904487863183
9929,0.7867987116360001,1.0,0.00029862081282772124
9930,0.7868127799785273,1.0,0.00029760130564682186
9931,0.7869119988152975,1.0,0.00029759621247649193
9932,0.7869719743808078,1.0,0.00029659265419468284
9933,0.7869904853578172,1.0,0.000296423037070781
9934,0.7869919662359779,1.0,0.0002962586295325309
9935,0.7869934471141387,1.0,0.0002939823898486793
9936,0.7869949279922994,1.0,0.0002938605030067265
9937,0.787009736773907,1.0,0.000293600867735222
9938,0.7870104772129873,1.0,0.00029269367223605514
9939,0.7870252859945948,1.0,0.00029238939168863
9940,0.7870623079486135,1.0,0.0002913556236308068
9941,0.7870748954129799,1.0,0.00029126228764653206
9942,0.8174891710784495,1.0,0.000290862430119887
9943,0.82612639295102,1.0,0.0002908474416472018
9944,0.8261337973418237,1.0,0.0002905395522248
9945,0.826138239976306,1.0,0.0002902604464907199
9946,0.8261567509533153,1.0,0.0002901650150306523
9947,0.826161934026878,1.0,0.00028718082467094064
9948,0.8261700788567621,1.0,0.00028587531414814293
9949,0.8261708192958425,1.0,0.00028563663363456726
9950,0.8261737810521639,1.0,0.00028549099806696177
9951,0.8262396801303172,1.0,0.0002853522018995136
9952,0.8264980933693681,1.0,0.0002851496101357043
9953,0.8265091999555737,1.0,0.00028509143157862127
9954,0.8267283699233645,1.0,0.00028488002135418355
9955,0.8311850727481397,1.0,0.00028353443485684693
9956,0.8311872940653807,1.0,0.0002827235439326614
9957,0.8311880345044611,1.0,0.0002821674570441246
9958,0.8311895153826219,1.0,0.00028089465922676027
9959,0.8312953981711154,1.0,0.00027989858062937856
9960,0.8312968790492762,1.0,0.00027977049467153847
9961,0.8312998408055977,1.0,0.0002797433116938919
9962,0.8313139091481249,1.0,0.00027953562675975263
9963,0.8314694013550035,1.0,0.0002790626895148307
9964,0.8314953167228166,1.0,0.000278974388493225
9965,0.8315123468216652,1.0,0.0002787561097647995
9966,0.831513827699826,1.0,0.0002786033437587321
9967,0.831573062826256,1.0,0.00027684884844347835
9968,0.8315745437044167,1.0,0.0002766565012279898
9969,0.8316567324423383,1.0,0.0002743429795373231
9970,0.8316656177113028,1.0,0.0002740964409895241
9971,0.8318040798193329,1.0,0.0002739893097896129
9972,0.8318055606974936,1.0,0.0002739088376984
9973,0.8318684980193255,1.0,0.00027358156512491405
9974,0.8318692384584059,1.0,0.00027350333402864635
9975,0.8318759024101292,1.0,0.0002733226865530014
9976,0.8318766428492096,1.0,0.00027269538259133697
9977,0.8319166265595498,1.0,0.00027226543170399964
9978,0.8319195883158713,1.0,0.0002721346390899271
9979,0.8319299544629966,1.0,0.00027085101464763284
9980,0.8319306949020769,1.0,0.0002702698402572423
9981,0.8319395801710414,1.0,0.00027024897281080484
9982,0.8421850357261856,1.0,0.0002698908210732043
9983,0.8422501943652586,1.0,0.00026919847005046904
9984,0.8422516752434194,1.0,0.00026901400997303426
9985,0.8635304135352264,1.0,0.0002677282609511167
9986,0.8635437414386732,1.0,0.0002675715950317681
9987,0.8636059383214246,1.0,0.00026717365835793316
9988,0.8636163044685499,1.0,0.0002661216421984136
9989,0.863630372811077,1.0,0.00026417436311021447
9990,0.8636496242271667,1.0,0.0002632132382132113
9991,0.8636533264225685,1.0,0.0002631376846693456
9992,0.8636548073007293,1.0,0.00026307199732400477
9993,0.8636659138869349,1.0,0.00026287391665391624
9994,0.8636666543260153,1.0,0.0002621783351060003
9995,0.8636681352041761,1.0,0.00026080934912897646
9996,0.8652363851764097,1.0,0.000259717256994918
9997,0.8652371256154899,1.0,0.0002593594545032829
9998,0.8652682240568658,1.0,0.00025902484776452184
9999,0.86543482284995,1.0,0.0002589001669548452
10000,0.865511828514309,1.0,0.00025801724405027926
10001,0.8655562548591315,1.0,0.00025760577409528196
10002,0.8655599570545334,1.0,0.0002574932877905667
10003,0.8670452778497649,1.0,0.00025686679873615503
10004,0.8670482396060865,1.0,0.000255202961852774
10005,0.8670497204842471,1.0,0.000253457052167505
10006,0.8670549035578098,1.0,0.0002533688675612211
10007,0.8670578653141313,1.0,0.0002531015779823065
10008,0.8670593461922921,1.0,0.000252618920058012
10009,0.8673829180704158,1.0,0.00025252116029150784
10010,0.8673843989485766,1.0,0.0002523993607610464
10011,0.8687571730035911,1.0,0.000252298079431057
10012,0.8687586538817519,1.0,0.0002517727843951434
10013,0.8687616156380734,1.0,0.00024912870139814913
10014,0.868778645736922,1.0,0.0002489703183528036
10015,0.8688423234978342,1.0,0.0002477786911185831
10016,0.8688475065713969,1.0,0.0002474241191521287
10017,0.869191810743771,1.0,0.00024608333478681743
10018,0.8700744141275777,1.0,0.0002456590300425887
10019,0.8700862611528637,1.0,0.00024372988264076412
10020,0.8702839583873236,1.0,0.00024324467813130468
10021,0.8711584169412462,1.0,0.00024295055482070893
10022,0.871162119136648,1.0,0.0002418112417217344
10023,0.8718995964607011,1.0,0.0002413788897683844
10024,0.8719003368997815,1.0,0.00024042202858254313
10025,0.8719284735848358,1.0,0.00024014251539483666
10026,0.8719395801710415,1.0,0.00023911919561214745
10027,0.8719462441227648,1.0,0.00023877699277363718
10028,0.8719640146606938,1.0,0.0002377368218731135
10029,0.8723275702491577,1.0,0.00023748306557536125
10030,0.8723290511273185,1.0,0.0002373162715230137
10031,0.87233201288364,1.0,0.00023668512585572898
10032,0.8726400355410758,1.0,0.00023502712429035455
10033,0.8726407759801562,1.0,0.00023397045151796192
10034,0.8726444781755581,1.0,0.00023385092208627611
10035,0.8726696531042909,1.0,0.00023337626771535724
10036,0.872899189219207,1.0,0.00023336023150477558
10037,0.8734263818444338,1.0,0.0002322304790141061
10038,0.8734582207248899,1.0,0.00023015601618681103
10039,0.8734648846766132,1.0,0.00022749777417629957
10040,0.8734656251156936,1.0,0.00022744723537471145
10041,0.8736729480581985,1.0,0.00022611940221395344
10042,0.8738580578282922,1.0,0.00022525327221956104
10043,0.8738602791455333,1.0,0.0002220717869931832
10044,0.8738617600236941,1.0,0.0002191096282331273
10045,0.874272703713302,1.0,0.0002167159109376371
10046,0.8742734441523824,1.0,0.00021502608433365822
10047,0.8744022805523676,1.0,0.00021460250718519092
10048,0.8744082040650105,1.0,0.0002144446043530479
10049,0.8744193106512161,1.0,0.00021442293655127287
10050,0.8744207915293769,1.0,0.00021121387544553727
10051,0.8745007589500574,1.0,0.0002108498738380149
10052,0.8745103846581023,1.0,0.0002104473824147135
10053,0.8749568694235682,1.0,0.0002094413066515699
10054,0.8749953722557476,1.0,0.00020705838687717915
10055,0.8749968531339084,1.0,0.0002048947208095342
10056,0.8750094405982748,1.0,0.00020392976875882596
10057,0.8750131427936767,1.0,0.00020168127957731485
10058,0.875013883232757,1.0,0.0001996428909478709
10059,0.8750161045499981,1.0,0.00019953821902163327
10060,0.8750198067454,1.0,0.00019827682990580797
10061,0.8750272111362037,1.0,0.0001981728564715013
10062,0.8750294324534449,1.0,0.0001973530015675351
10063,0.8754226056051239,1.0,0.00019624215201474726
10064,0.8754233460442042,1.0,0.0001954488834599033
10065,0.8754322313131687,1.0,0.00019278586842119694
10066,0.8754485209729369,1.0,0.00019278182298876345
10067,0.8754492614120173,1.0,0.00019268480536993593
10068,0.8754907260005184,1.0,0.00019146672275383025
10069,0.875557365517752,1.0,0.0001914283784572035
10070,0.8755640294694754,1.0,0.00019136632909066975
10071,0.8755684721039576,1.0,0.00019134700414724648
10072,0.8755892043982081,1.0,0.00018808089953381568
10073,0.8755906852763689,1.0,0.0001860479242168367
10074,0.8756291881085484,1.0,0.00018477487901691347
10075,0.8756328903039502,1.0,0.00017990221385844052
10076,0.875634371182111,1.0,0.00017773920262698084
10077,0.8757617267039355,1.0,0.00017306162044405937
10078,0.8757765354855429,1.0,0.00016557113849557936
10079,0.875778756802784,1.0,0.00016360098379664123
10080,0.8772759246233016,1.0,0.0001592954358784482
10081,0.8773447854577765,1.0,0.0001567300350870937
10082,0.8779149235496649,1.0,0.00015273294411599636
10083,0.8779608307726482,1.0,0.0001526052801636979
10084,0.8779786013105771,1.0,0.00014878882211633027
10085,0.8801710414275665,1.0,0.00014871337043587118
10086,0.8801725223057273,1.0,0.00014754553558304906
10087,0.8805990152160231,1.0,0.00014612219820264727
10088,0.8806264114619969,1.0,0.00014537353126797825
10089,0.8892717781644515,1.0,0.00014366258983500302
10090,0.8901195809114805,1.0,0.00014227656356524676
10091,0.890128466180445,1.0,0.00014070721226744354
10092,0.8903779941505313,1.0,0.0001405835646437481
10093,0.9005560697493614,1.0,0.00013824657071381807
10094,0.9328436562881789,1.0,0.00013688368198927492
10095,0.9328495798008218,1.0,0.00013439886970445514
10096,0.9331849987042317,1.0,0.00013223463611211628
10097,0.9333234608122617,1.0,0.00012678671919275075
10098,0.9333264225685832,1.0,0.00012648363190237433
10099,0.9750864462626337,1.0,0.00012345000868663192
10100,0.9753115397430676,1.0,0.00012091038661310449
10101,0.975312280182148,1.0,0.00011974498920608312
10102,0.9855814297878642,1.0,0.0001187958987429738
10103,0.9855903150568287,1.0,0.00011670101957861334
10104,0.9999911147310355,1.0,0.00011362972145434469
10105,0.9999962978045981,1.0,0.00010289713827660307
10106,0.9999985191218392,1.0,9.294514893554151e-05
10107,1.0,1.0,8.747104584472254e-05
