,fold,acc,f1,prec,recall,roc_auc,inference_time
0,entire,0.8741608406626864,0.8447165269879277,0.9239160829621951,0.7780231456221463,0.9629055073580948,8.836214989423752e-05
