,step,fold,acc,f1,prec,recall,roc_auc,inference_time
0,train,,0.9169663003492587,0.9187245015373281,0.9624242052519222,0.8788208791755862,0.9807615553433092,0.004899727344512939
